program_id,task_id,buggy_path,fixed_path,tests_path,loc,python_version,runs_successfully,passing_test_count,failing_test_count,evaluation_denominator,eligibility_status,exclusion_reason
40898300,abc221_f,data/external/ConDefects/Code/abc221_f/Python/40898300/faultyVersion.py,data/external/ConDefects/Code/abc221_f/Python/40898300/correctVersion.py,data/external/ConDefects/Test/abc221_f,116,3.14.3,True,,,116,eligible,
45225814,abc221_f,data/external/ConDefects/Code/abc221_f/Python/45225814/faultyVersion.py,data/external/ConDefects/Code/abc221_f/Python/45225814/correctVersion.py,data/external/ConDefects/Test/abc221_f,109,3.14.3,True,,,109,eligible,
26339941,abc221_g,data/external/ConDefects/Code/abc221_g/Python/26339941/faultyVersion.py,data/external/ConDefects/Code/abc221_g/Python/26339941/correctVersion.py,data/external/ConDefects/Test/abc221_g,29,3.14.3,True,,,29,eligible,
40740321,abc221_g,data/external/ConDefects/Code/abc221_g/Python/40740321/faultyVersion.py,data/external/ConDefects/Code/abc221_g/Python/40740321/correctVersion.py,data/external/ConDefects/Test/abc221_g,20,3.14.3,True,,,20,ineligible,loc < 25 (minimum length floor is 25)
26320903,abc221_h,data/external/ConDefects/Code/abc221_h/Python/26320903/faultyVersion.py,data/external/ConDefects/Code/abc221_h/Python/26320903/correctVersion.py,data/external/ConDefects/Test/abc221_h,36,3.14.3,True,,,36,eligible,
26325908,abc221_h,data/external/ConDefects/Code/abc221_h/Python/26325908/faultyVersion.py,data/external/ConDefects/Code/abc221_h/Python/26325908/correctVersion.py,data/external/ConDefects/Test/abc221_h,20,3.14.3,True,,,20,ineligible,loc < 25 (minimum length floor is 25)
26785022,abc221_h,data/external/ConDefects/Code/abc221_h/Python/26785022/faultyVersion.py,data/external/ConDefects/Code/abc221_h/Python/26785022/correctVersion.py,data/external/ConDefects/Test/abc221_h,35,3.14.3,True,,,35,eligible,
30564189,abc221_h,data/external/ConDefects/Code/abc221_h/Python/30564189/faultyVersion.py,data/external/ConDefects/Code/abc221_h/Python/30564189/correctVersion.py,data/external/ConDefects/Test/abc221_h,17,3.14.3,True,,,17,ineligible,loc < 25 (minimum length floor is 25)
40746464,abc221_h,data/external/ConDefects/Code/abc221_h/Python/40746464/faultyVersion.py,data/external/ConDefects/Code/abc221_h/Python/40746464/correctVersion.py,data/external/ConDefects/Test/abc221_h,18,3.14.3,True,,,18,ineligible,loc < 25 (minimum length floor is 25)
45118973,abc222_g,data/external/ConDefects/Code/abc222_g/Python/45118973/faultyVersion.py,data/external/ConDefects/Code/abc222_g/Python/45118973/correctVersion.py,data/external/ConDefects/Test/abc222_g,75,3.14.3,True,,,75,eligible,
45276473,abc222_g,data/external/ConDefects/Code/abc222_g/Python/45276473/faultyVersion.py,data/external/ConDefects/Code/abc222_g/Python/45276473/correctVersion.py,data/external/ConDefects/Test/abc222_g,48,3.14.3,True,,,48,ineligible,multiple independent faults
49217735,abc222_g,data/external/ConDefects/Code/abc222_g/Python/49217735/faultyVersion.py,data/external/ConDefects/Code/abc222_g/Python/49217735/correctVersion.py,data/external/ConDefects/Test/abc222_g,84,3.14.3,True,,,84,eligible,
50712644,abc222_g,data/external/ConDefects/Code/abc222_g/Python/50712644/faultyVersion.py,data/external/ConDefects/Code/abc222_g/Python/50712644/correctVersion.py,data/external/ConDefects/Test/abc222_g,59,3.14.3,True,,,59,ineligible,multi-line fault — excluded by v2 single-line filter
45714918,abc223_a,data/external/ConDefects/Code/abc223_a/Python/45714918/faultyVersion.py,data/external/ConDefects/Code/abc223_a/Python/45714918/correctVersion.py,data/external/ConDefects/Test/abc223_a,2,3.14.3,True,,,2,ineligible,loc < 25 (minimum length floor is 25)
45813374,abc223_a,data/external/ConDefects/Code/abc223_a/Python/45813374/faultyVersion.py,data/external/ConDefects/Code/abc223_a/Python/45813374/correctVersion.py,data/external/ConDefects/Test/abc223_a,6,3.14.3,True,,,6,ineligible,loc < 25 (minimum length floor is 25)
45815037,abc223_a,data/external/ConDefects/Code/abc223_a/Python/45815037/faultyVersion.py,data/external/ConDefects/Code/abc223_a/Python/45815037/correctVersion.py,data/external/ConDefects/Test/abc223_a,7,3.14.3,True,,,7,ineligible,loc < 25 (minimum length floor is 25)
52785305,abc223_b,data/external/ConDefects/Code/abc223_b/Python/52785305/faultyVersion.py,data/external/ConDefects/Code/abc223_b/Python/52785305/correctVersion.py,data/external/ConDefects/Test/abc223_b,6,3.14.3,True,,,6,ineligible,loc < 25 (minimum length floor is 25)
53267282,abc223_b,data/external/ConDefects/Code/abc223_b/Python/53267282/faultyVersion.py,data/external/ConDefects/Code/abc223_b/Python/53267282/correctVersion.py,data/external/ConDefects/Test/abc223_b,9,3.14.3,True,,,9,ineligible,loc < 25 (minimum length floor is 25)
53513467,abc223_b,data/external/ConDefects/Code/abc223_b/Python/53513467/faultyVersion.py,data/external/ConDefects/Code/abc223_b/Python/53513467/correctVersion.py,data/external/ConDefects/Test/abc223_b,7,3.14.3,True,,,7,ineligible,loc < 25 (minimum length floor is 25)
45718110,abc223_d,data/external/ConDefects/Code/abc223_d/Python/45718110/faultyVersion.py,data/external/ConDefects/Code/abc223_d/Python/45718110/correctVersion.py,data/external/ConDefects/Test/abc223_d,33,3.14.3,True,,,33,ineligible,multiple independent faults
45783590,abc223_d,data/external/ConDefects/Code/abc223_d/Python/45783590/faultyVersion.py,data/external/ConDefects/Code/abc223_d/Python/45783590/correctVersion.py,data/external/ConDefects/Test/abc223_d,30,3.14.3,True,,,30,eligible,
49036505,abc223_e,data/external/ConDefects/Code/abc223_e/Python/49036505/faultyVersion.py,data/external/ConDefects/Code/abc223_e/Python/49036505/correctVersion.py,data/external/ConDefects/Test/abc223_e,28,3.14.3,True,,,28,eligible,
52933845,abc223_e,data/external/ConDefects/Code/abc223_e/Python/52933845/faultyVersion.py,data/external/ConDefects/Code/abc223_e/Python/52933845/correctVersion.py,data/external/ConDefects/Test/abc223_e,40,3.14.3,True,,,40,ineligible,multiple independent faults
53250614,abc223_e,data/external/ConDefects/Code/abc223_e/Python/53250614/faultyVersion.py,data/external/ConDefects/Code/abc223_e/Python/53250614/correctVersion.py,data/external/ConDefects/Test/abc223_e,120,3.14.3,True,,,120,eligible,
53648866,abc223_e,data/external/ConDefects/Code/abc223_e/Python/53648866/faultyVersion.py,data/external/ConDefects/Code/abc223_e/Python/53648866/correctVersion.py,data/external/ConDefects/Test/abc223_e,32,3.14.3,True,,,32,eligible,
54247228,abc223_e,data/external/ConDefects/Code/abc223_e/Python/54247228/faultyVersion.py,data/external/ConDefects/Code/abc223_e/Python/54247228/correctVersion.py,data/external/ConDefects/Test/abc223_e,21,3.14.3,True,,,21,ineligible,loc < 25 (minimum length floor is 25)
54491597,abc223_e,data/external/ConDefects/Code/abc223_e/Python/54491597/faultyVersion.py,data/external/ConDefects/Code/abc223_e/Python/54491597/correctVersion.py,data/external/ConDefects/Test/abc223_e,19,3.14.3,True,,,19,ineligible,loc < 25 (minimum length floor is 25)
45728797,abc223_f,data/external/ConDefects/Code/abc223_f/Python/45728797/faultyVersion.py,data/external/ConDefects/Code/abc223_f/Python/45728797/correctVersion.py,data/external/ConDefects/Test/abc223_f,26,3.14.3,True,,,26,eligible,
46212630,abc223_f,data/external/ConDefects/Code/abc223_f/Python/46212630/faultyVersion.py,data/external/ConDefects/Code/abc223_f/Python/46212630/correctVersion.py,data/external/ConDefects/Test/abc223_f,97,3.14.3,True,,,97,ineligible,multiple independent faults
45319303,abc223_g,data/external/ConDefects/Code/abc223_g/Python/45319303/faultyVersion.py,data/external/ConDefects/Code/abc223_g/Python/45319303/correctVersion.py,data/external/ConDefects/Test/abc223_g,87,3.14.3,True,,,87,ineligible,multiple independent faults
26668974,abc223_h,data/external/ConDefects/Code/abc223_h/Python/26668974/faultyVersion.py,data/external/ConDefects/Code/abc223_h/Python/26668974/correctVersion.py,data/external/ConDefects/Test/abc223_h,101,3.14.3,True,,,101,eligible,
45312874,abc224_a,data/external/ConDefects/Code/abc224_a/Python/45312874/faultyVersion.py,data/external/ConDefects/Code/abc224_a/Python/45312874/correctVersion.py,data/external/ConDefects/Test/abc224_a,2,3.14.3,True,,,2,ineligible,loc < 25 (minimum length floor is 25)
45433181,abc224_a,data/external/ConDefects/Code/abc224_a/Python/45433181/faultyVersion.py,data/external/ConDefects/Code/abc224_a/Python/45433181/correctVersion.py,data/external/ConDefects/Test/abc224_a,6,3.14.3,True,,,6,ineligible,loc < 25 (minimum length floor is 25)
45476747,abc224_a,data/external/ConDefects/Code/abc224_a/Python/45476747/faultyVersion.py,data/external/ConDefects/Code/abc224_a/Python/45476747/correctVersion.py,data/external/ConDefects/Test/abc224_a,5,3.14.3,True,,,5,ineligible,loc < 25 (minimum length floor is 25)
45545043,abc224_a,data/external/ConDefects/Code/abc224_a/Python/45545043/faultyVersion.py,data/external/ConDefects/Code/abc224_a/Python/45545043/correctVersion.py,data/external/ConDefects/Test/abc224_a,5,3.14.3,True,,,5,ineligible,loc < 25 (minimum length floor is 25)
45808243,abc224_a,data/external/ConDefects/Code/abc224_a/Python/45808243/faultyVersion.py,data/external/ConDefects/Code/abc224_a/Python/45808243/correctVersion.py,data/external/ConDefects/Test/abc224_a,5,3.14.3,True,,,5,ineligible,loc < 25 (minimum length floor is 25)
45808674,abc224_a,data/external/ConDefects/Code/abc224_a/Python/45808674/faultyVersion.py,data/external/ConDefects/Code/abc224_a/Python/45808674/correctVersion.py,data/external/ConDefects/Test/abc224_a,6,3.14.3,True,,,6,ineligible,loc < 25 (minimum length floor is 25)
45979243,abc224_a,data/external/ConDefects/Code/abc224_a/Python/45979243/faultyVersion.py,data/external/ConDefects/Code/abc224_a/Python/45979243/correctVersion.py,data/external/ConDefects/Test/abc224_a,9,3.14.3,True,,,9,ineligible,loc < 25 (minimum length floor is 25)
46029165,abc224_a,data/external/ConDefects/Code/abc224_a/Python/46029165/faultyVersion.py,data/external/ConDefects/Code/abc224_a/Python/46029165/correctVersion.py,data/external/ConDefects/Test/abc224_a,5,3.14.3,True,,,5,ineligible,loc < 25 (minimum length floor is 25)
44610651,abc224_b,data/external/ConDefects/Code/abc224_b/Python/44610651/faultyVersion.py,data/external/ConDefects/Code/abc224_b/Python/44610651/correctVersion.py,data/external/ConDefects/Test/abc224_b,24,3.14.3,True,,,24,ineligible,loc < 25 (minimum length floor is 25)
45096470,abc224_b,data/external/ConDefects/Code/abc224_b/Python/45096470/faultyVersion.py,data/external/ConDefects/Code/abc224_b/Python/45096470/correctVersion.py,data/external/ConDefects/Test/abc224_b,13,3.14.3,True,,,13,ineligible,loc < 25 (minimum length floor is 25)
46150770,abc224_b,data/external/ConDefects/Code/abc224_b/Python/46150770/faultyVersion.py,data/external/ConDefects/Code/abc224_b/Python/46150770/correctVersion.py,data/external/ConDefects/Test/abc224_b,14,3.14.3,True,,,14,ineligible,loc < 25 (minimum length floor is 25)
44477761,abc224_c,data/external/ConDefects/Code/abc224_c/Python/44477761/faultyVersion.py,data/external/ConDefects/Code/abc224_c/Python/44477761/correctVersion.py,data/external/ConDefects/Test/abc224_c,15,3.14.3,True,,,15,ineligible,loc < 25 (minimum length floor is 25)
46196808,abc224_c,data/external/ConDefects/Code/abc224_c/Python/46196808/faultyVersion.py,data/external/ConDefects/Code/abc224_c/Python/46196808/correctVersion.py,data/external/ConDefects/Test/abc224_c,16,3.14.3,True,,,16,ineligible,loc < 25 (minimum length floor is 25)
44885115,abc224_d,data/external/ConDefects/Code/abc224_d/Python/44885115/faultyVersion.py,data/external/ConDefects/Code/abc224_d/Python/44885115/correctVersion.py,data/external/ConDefects/Test/abc224_d,39,3.14.3,True,,,39,eligible,
51168884,abc224_f,data/external/ConDefects/Code/abc224_f/Python/51168884/faultyVersion.py,data/external/ConDefects/Code/abc224_f/Python/51168884/correctVersion.py,data/external/ConDefects/Test/abc224_f,47,3.14.3,True,,,47,eligible,
27132818,abc224_g,data/external/ConDefects/Code/abc224_g/Python/27132818/faultyVersion.py,data/external/ConDefects/Code/abc224_g/Python/27132818/correctVersion.py,data/external/ConDefects/Test/abc224_g,34,3.14.3,True,,,34,eligible,
28236524,abc224_g,data/external/ConDefects/Code/abc224_g/Python/28236524/faultyVersion.py,data/external/ConDefects/Code/abc224_g/Python/28236524/correctVersion.py,data/external/ConDefects/Test/abc224_g,27,3.14.3,True,,,27,eligible,
32872217,abc224_g,data/external/ConDefects/Code/abc224_g/Python/32872217/faultyVersion.py,data/external/ConDefects/Code/abc224_g/Python/32872217/correctVersion.py,data/external/ConDefects/Test/abc224_g,45,3.14.3,True,,,45,eligible,
46503439,abc224_g,data/external/ConDefects/Code/abc224_g/Python/46503439/faultyVersion.py,data/external/ConDefects/Code/abc224_g/Python/46503439/correctVersion.py,data/external/ConDefects/Test/abc224_g,14,3.14.3,True,,,14,ineligible,loc < 25 (minimum length floor is 25)
52137623,abc224_g,data/external/ConDefects/Code/abc224_g/Python/52137623/faultyVersion.py,data/external/ConDefects/Code/abc224_g/Python/52137623/correctVersion.py,data/external/ConDefects/Test/abc224_g,20,3.14.3,True,,,20,ineligible,loc < 25 (minimum length floor is 25)
48473722,abc224_h,data/external/ConDefects/Code/abc224_h/Python/48473722/faultyVersion.py,data/external/ConDefects/Code/abc224_h/Python/48473722/correctVersion.py,data/external/ConDefects/Test/abc224_h,14,3.14.3,True,,,14,ineligible,loc < 25 (minimum length floor is 25)
44428733,abc225_a,data/external/ConDefects/Code/abc225_a/Python/44428733/faultyVersion.py,data/external/ConDefects/Code/abc225_a/Python/44428733/correctVersion.py,data/external/ConDefects/Test/abc225_a,7,3.14.3,True,,,7,ineligible,loc < 25 (minimum length floor is 25)
44786662,abc225_a,data/external/ConDefects/Code/abc225_a/Python/44786662/faultyVersion.py,data/external/ConDefects/Code/abc225_a/Python/44786662/correctVersion.py,data/external/ConDefects/Test/abc225_a,9,3.14.3,True,,,9,ineligible,loc < 25 (minimum length floor is 25)
44983533,abc225_a,data/external/ConDefects/Code/abc225_a/Python/44983533/faultyVersion.py,data/external/ConDefects/Code/abc225_a/Python/44983533/correctVersion.py,data/external/ConDefects/Test/abc225_a,10,3.14.3,True,,,10,ineligible,loc < 25 (minimum length floor is 25)
44135956,abc225_c,data/external/ConDefects/Code/abc225_c/Python/44135956/faultyVersion.py,data/external/ConDefects/Code/abc225_c/Python/44135956/correctVersion.py,data/external/ConDefects/Test/abc225_c,17,3.14.3,True,,,17,ineligible,loc < 25 (minimum length floor is 25)
44146392,abc225_c,data/external/ConDefects/Code/abc225_c/Python/44146392/faultyVersion.py,data/external/ConDefects/Code/abc225_c/Python/44146392/correctVersion.py,data/external/ConDefects/Test/abc225_c,16,3.14.3,True,,,16,ineligible,loc < 25 (minimum length floor is 25)
44317781,abc225_c,data/external/ConDefects/Code/abc225_c/Python/44317781/faultyVersion.py,data/external/ConDefects/Code/abc225_c/Python/44317781/correctVersion.py,data/external/ConDefects/Test/abc225_c,14,3.14.3,True,,,14,ineligible,loc < 25 (minimum length floor is 25)
44416948,abc225_c,data/external/ConDefects/Code/abc225_c/Python/44416948/faultyVersion.py,data/external/ConDefects/Code/abc225_c/Python/44416948/correctVersion.py,data/external/ConDefects/Test/abc225_c,32,3.14.3,True,,,32,ineligible,multi-line fault — excluded by v2 single-line filter
44435353,abc225_c,data/external/ConDefects/Code/abc225_c/Python/44435353/faultyVersion.py,data/external/ConDefects/Code/abc225_c/Python/44435353/correctVersion.py,data/external/ConDefects/Test/abc225_c,20,3.14.3,True,,,20,ineligible,loc < 25 (minimum length floor is 25)
44469125,abc225_c,data/external/ConDefects/Code/abc225_c/Python/44469125/faultyVersion.py,data/external/ConDefects/Code/abc225_c/Python/44469125/correctVersion.py,data/external/ConDefects/Test/abc225_c,10,3.14.3,True,,,10,ineligible,loc < 25 (minimum length floor is 25)
44703471,abc225_c,data/external/ConDefects/Code/abc225_c/Python/44703471/faultyVersion.py,data/external/ConDefects/Code/abc225_c/Python/44703471/correctVersion.py,data/external/ConDefects/Test/abc225_c,14,3.14.3,True,,,14,ineligible,loc < 25 (minimum length floor is 25)
44853585,abc225_c,data/external/ConDefects/Code/abc225_c/Python/44853585/faultyVersion.py,data/external/ConDefects/Code/abc225_c/Python/44853585/correctVersion.py,data/external/ConDefects/Test/abc225_c,14,3.14.3,True,,,14,ineligible,loc < 25 (minimum length floor is 25)
44888915,abc225_c,data/external/ConDefects/Code/abc225_c/Python/44888915/faultyVersion.py,data/external/ConDefects/Code/abc225_c/Python/44888915/correctVersion.py,data/external/ConDefects/Test/abc225_c,130,3.14.3,True,,,130,eligible,
45041161,abc225_c,data/external/ConDefects/Code/abc225_c/Python/45041161/faultyVersion.py,data/external/ConDefects/Code/abc225_c/Python/45041161/correctVersion.py,data/external/ConDefects/Test/abc225_c,16,3.14.3,True,,,16,ineligible,loc < 25 (minimum length floor is 25)
45226527,abc225_c,data/external/ConDefects/Code/abc225_c/Python/45226527/faultyVersion.py,data/external/ConDefects/Code/abc225_c/Python/45226527/correctVersion.py,data/external/ConDefects/Test/abc225_c,30,3.14.3,True,,,30,ineligible,multi-line fault — excluded by v2 single-line filter
45469943,abc225_c,data/external/ConDefects/Code/abc225_c/Python/45469943/faultyVersion.py,data/external/ConDefects/Code/abc225_c/Python/45469943/correctVersion.py,data/external/ConDefects/Test/abc225_c,36,3.14.3,True,,,36,ineligible,multiple independent faults
45664223,abc225_c,data/external/ConDefects/Code/abc225_c/Python/45664223/faultyVersion.py,data/external/ConDefects/Code/abc225_c/Python/45664223/correctVersion.py,data/external/ConDefects/Test/abc225_c,24,3.14.3,True,,,24,ineligible,loc < 25 (minimum length floor is 25)
45240176,abc225_d,data/external/ConDefects/Code/abc225_d/Python/45240176/faultyVersion.py,data/external/ConDefects/Code/abc225_d/Python/45240176/correctVersion.py,data/external/ConDefects/Test/abc225_d,28,3.14.3,True,,,28,eligible,
45312408,abc225_e,data/external/ConDefects/Code/abc225_e/Python/45312408/faultyVersion.py,data/external/ConDefects/Code/abc225_e/Python/45312408/correctVersion.py,data/external/ConDefects/Test/abc225_e,32,3.14.3,True,,,32,ineligible,multiple independent faults
29050129,abc225_f,data/external/ConDefects/Code/abc225_f/Python/29050129/faultyVersion.py,data/external/ConDefects/Code/abc225_f/Python/29050129/correctVersion.py,data/external/ConDefects/Test/abc225_f,13,3.14.3,True,,,13,ineligible,loc < 25 (minimum length floor is 25)
30550444,abc225_f,data/external/ConDefects/Code/abc225_f/Python/30550444/faultyVersion.py,data/external/ConDefects/Code/abc225_f/Python/30550444/correctVersion.py,data/external/ConDefects/Test/abc225_f,43,3.14.3,True,,,43,eligible,
31785117,abc225_f,data/external/ConDefects/Code/abc225_f/Python/31785117/faultyVersion.py,data/external/ConDefects/Code/abc225_f/Python/31785117/correctVersion.py,data/external/ConDefects/Test/abc225_f,31,3.14.3,True,,,31,eligible,
40522843,abc225_h,data/external/ConDefects/Code/abc225_h/Python/40522843/faultyVersion.py,data/external/ConDefects/Code/abc225_h/Python/40522843/correctVersion.py,data/external/ConDefects/Test/abc225_h,172,3.14.3,True,,,172,ineligible,multi-line fault — excluded by v2 single-line filter
41061041,abc225_h,data/external/ConDefects/Code/abc225_h/Python/41061041/faultyVersion.py,data/external/ConDefects/Code/abc225_h/Python/41061041/correctVersion.py,data/external/ConDefects/Test/abc225_h,1057,3.14.3,True,,,1057,ineligible,loc > 300 (maximum length ceiling is 300)
44824039,abc226_a,data/external/ConDefects/Code/abc226_a/Python/44824039/faultyVersion.py,data/external/ConDefects/Code/abc226_a/Python/44824039/correctVersion.py,data/external/ConDefects/Test/abc226_a,2,3.14.3,True,,,2,ineligible,loc < 25 (minimum length floor is 25)
45214057,abc226_a,data/external/ConDefects/Code/abc226_a/Python/45214057/faultyVersion.py,data/external/ConDefects/Code/abc226_a/Python/45214057/correctVersion.py,data/external/ConDefects/Test/abc226_a,4,3.14.3,True,,,4,ineligible,loc < 25 (minimum length floor is 25)
45900046,abc226_a,data/external/ConDefects/Code/abc226_a/Python/45900046/faultyVersion.py,data/external/ConDefects/Code/abc226_a/Python/45900046/correctVersion.py,data/external/ConDefects/Test/abc226_a,9,3.14.3,True,,,9,ineligible,loc < 25 (minimum length floor is 25)
46153240,abc226_a,data/external/ConDefects/Code/abc226_a/Python/46153240/faultyVersion.py,data/external/ConDefects/Code/abc226_a/Python/46153240/correctVersion.py,data/external/ConDefects/Test/abc226_a,2,3.14.3,True,,,2,ineligible,loc < 25 (minimum length floor is 25)
45483175,abc226_b,data/external/ConDefects/Code/abc226_b/Python/45483175/faultyVersion.py,data/external/ConDefects/Code/abc226_b/Python/45483175/correctVersion.py,data/external/ConDefects/Test/abc226_b,26,3.14.3,True,,,26,eligible,
46010276,abc226_b,data/external/ConDefects/Code/abc226_b/Python/46010276/faultyVersion.py,data/external/ConDefects/Code/abc226_b/Python/46010276/correctVersion.py,data/external/ConDefects/Test/abc226_b,5,3.14.3,True,,,5,ineligible,loc < 25 (minimum length floor is 25)
45490771,abc226_c,data/external/ConDefects/Code/abc226_c/Python/45490771/faultyVersion.py,data/external/ConDefects/Code/abc226_c/Python/45490771/correctVersion.py,data/external/ConDefects/Test/abc226_c,21,3.14.3,True,,,21,ineligible,loc < 25 (minimum length floor is 25)
45527659,abc226_c,data/external/ConDefects/Code/abc226_c/Python/45527659/faultyVersion.py,data/external/ConDefects/Code/abc226_c/Python/45527659/correctVersion.py,data/external/ConDefects/Test/abc226_c,17,3.14.3,True,,,17,ineligible,loc < 25 (minimum length floor is 25)
45711710,abc226_c,data/external/ConDefects/Code/abc226_c/Python/45711710/faultyVersion.py,data/external/ConDefects/Code/abc226_c/Python/45711710/correctVersion.py,data/external/ConDefects/Test/abc226_c,42,3.14.3,True,,,42,eligible,
53188054,abc226_d,data/external/ConDefects/Code/abc226_d/Python/53188054/faultyVersion.py,data/external/ConDefects/Code/abc226_d/Python/53188054/correctVersion.py,data/external/ConDefects/Test/abc226_d,39,3.14.3,True,,,39,eligible,
52234913,abc226_e,data/external/ConDefects/Code/abc226_e/Python/52234913/faultyVersion.py,data/external/ConDefects/Code/abc226_e/Python/52234913/correctVersion.py,data/external/ConDefects/Test/abc226_e,30,3.14.3,True,,,30,ineligible,multiple independent faults
53053125,abc226_e,data/external/ConDefects/Code/abc226_e/Python/53053125/faultyVersion.py,data/external/ConDefects/Code/abc226_e/Python/53053125/correctVersion.py,data/external/ConDefects/Test/abc226_e,215,3.14.3,True,,,215,eligible,
53676492,abc226_e,data/external/ConDefects/Code/abc226_e/Python/53676492/faultyVersion.py,data/external/ConDefects/Code/abc226_e/Python/53676492/correctVersion.py,data/external/ConDefects/Test/abc226_e,39,3.14.3,True,,,39,eligible,
53796243,abc226_e,data/external/ConDefects/Code/abc226_e/Python/53796243/faultyVersion.py,data/external/ConDefects/Code/abc226_e/Python/53796243/correctVersion.py,data/external/ConDefects/Test/abc226_e,84,3.14.3,True,,,84,eligible,
48239634,abc226_g,data/external/ConDefects/Code/abc226_g/Python/48239634/faultyVersion.py,data/external/ConDefects/Code/abc226_g/Python/48239634/correctVersion.py,data/external/ConDefects/Test/abc226_g,35,3.14.3,True,,,35,eligible,
48936036,abc226_g,data/external/ConDefects/Code/abc226_g/Python/48936036/faultyVersion.py,data/external/ConDefects/Code/abc226_g/Python/48936036/correctVersion.py,data/external/ConDefects/Test/abc226_g,47,3.14.3,True,,,47,eligible,
52807136,abc226_g,data/external/ConDefects/Code/abc226_g/Python/52807136/faultyVersion.py,data/external/ConDefects/Code/abc226_g/Python/52807136/correctVersion.py,data/external/ConDefects/Test/abc226_g,46,3.14.3,True,,,46,eligible,
44625287,abc229_a,data/external/ConDefects/Code/abc229_a/Python/44625287/faultyVersion.py,data/external/ConDefects/Code/abc229_a/Python/44625287/correctVersion.py,data/external/ConDefects/Test/abc229_a,6,3.14.3,True,,,6,ineligible,loc < 25 (minimum length floor is 25)
44996770,abc229_a,data/external/ConDefects/Code/abc229_a/Python/44996770/faultyVersion.py,data/external/ConDefects/Code/abc229_a/Python/44996770/correctVersion.py,data/external/ConDefects/Test/abc229_a,29,3.14.3,True,,,29,eligible,
45477841,abc229_a,data/external/ConDefects/Code/abc229_a/Python/45477841/faultyVersion.py,data/external/ConDefects/Code/abc229_a/Python/45477841/correctVersion.py,data/external/ConDefects/Test/abc229_a,7,3.14.3,True,,,7,ineligible,loc < 25 (minimum length floor is 25)
45690274,abc229_a,data/external/ConDefects/Code/abc229_a/Python/45690274/faultyVersion.py,data/external/ConDefects/Code/abc229_a/Python/45690274/correctVersion.py,data/external/ConDefects/Test/abc229_a,17,3.14.3,True,,,17,ineligible,loc < 25 (minimum length floor is 25)
45784135,abc229_a,data/external/ConDefects/Code/abc229_a/Python/45784135/faultyVersion.py,data/external/ConDefects/Code/abc229_a/Python/45784135/correctVersion.py,data/external/ConDefects/Test/abc229_a,7,3.14.3,True,,,7,ineligible,loc < 25 (minimum length floor is 25)
45808992,abc229_a,data/external/ConDefects/Code/abc229_a/Python/45808992/faultyVersion.py,data/external/ConDefects/Code/abc229_a/Python/45808992/correctVersion.py,data/external/ConDefects/Test/abc229_a,8,3.14.3,True,,,8,ineligible,loc < 25 (minimum length floor is 25)
46216070,abc229_a,data/external/ConDefects/Code/abc229_a/Python/46216070/faultyVersion.py,data/external/ConDefects/Code/abc229_a/Python/46216070/correctVersion.py,data/external/ConDefects/Test/abc229_a,10,3.14.3,True,,,10,ineligible,loc < 25 (minimum length floor is 25)
46233112,abc229_a,data/external/ConDefects/Code/abc229_a/Python/46233112/faultyVersion.py,data/external/ConDefects/Code/abc229_a/Python/46233112/correctVersion.py,data/external/ConDefects/Test/abc229_a,6,3.14.3,True,,,6,ineligible,loc < 25 (minimum length floor is 25)
44815699,abc229_b,data/external/ConDefects/Code/abc229_b/Python/44815699/faultyVersion.py,data/external/ConDefects/Code/abc229_b/Python/44815699/correctVersion.py,data/external/ConDefects/Test/abc229_b,12,3.14.3,True,,,12,ineligible,loc < 25 (minimum length floor is 25)
45280624,abc229_b,data/external/ConDefects/Code/abc229_b/Python/45280624/faultyVersion.py,data/external/ConDefects/Code/abc229_b/Python/45280624/correctVersion.py,data/external/ConDefects/Test/abc229_b,10,3.14.3,True,,,10,ineligible,loc < 25 (minimum length floor is 25)
44842027,abc229_d,data/external/ConDefects/Code/abc229_d/Python/44842027/faultyVersion.py,data/external/ConDefects/Code/abc229_d/Python/44842027/correctVersion.py,data/external/ConDefects/Test/abc229_d,13,3.14.3,True,,,13,ineligible,loc < 25 (minimum length floor is 25)
45424479,abc229_d,data/external/ConDefects/Code/abc229_d/Python/45424479/faultyVersion.py,data/external/ConDefects/Code/abc229_d/Python/45424479/correctVersion.py,data/external/ConDefects/Test/abc229_d,45,3.14.3,True,,,45,eligible,
44646979,abc229_e,data/external/ConDefects/Code/abc229_e/Python/44646979/faultyVersion.py,data/external/ConDefects/Code/abc229_e/Python/44646979/correctVersion.py,data/external/ConDefects/Test/abc229_e,90,3.14.3,True,,,90,eligible,
46038453,abc229_f,data/external/ConDefects/Code/abc229_f/Python/46038453/faultyVersion.py,data/external/ConDefects/Code/abc229_f/Python/46038453/correctVersion.py,data/external/ConDefects/Test/abc229_f,27,3.14.3,True,,,27,eligible,
44349986,abc230_a,data/external/ConDefects/Code/abc230_a/Python/44349986/faultyVersion.py,data/external/ConDefects/Code/abc230_a/Python/44349986/correctVersion.py,data/external/ConDefects/Test/abc230_a,8,3.14.3,True,,,8,ineligible,loc < 25 (minimum length floor is 25)
44422973,abc230_a,data/external/ConDefects/Code/abc230_a/Python/44422973/faultyVersion.py,data/external/ConDefects/Code/abc230_a/Python/44422973/correctVersion.py,data/external/ConDefects/Test/abc230_a,6,3.14.3,True,,,6,ineligible,loc < 25 (minimum length floor is 25)
44828138,abc230_a,data/external/ConDefects/Code/abc230_a/Python/44828138/faultyVersion.py,data/external/ConDefects/Code/abc230_a/Python/44828138/correctVersion.py,data/external/ConDefects/Test/abc230_a,6,3.14.3,True,,,6,ineligible,loc < 25 (minimum length floor is 25)
45437543,abc230_a,data/external/ConDefects/Code/abc230_a/Python/45437543/faultyVersion.py,data/external/ConDefects/Code/abc230_a/Python/45437543/correctVersion.py,data/external/ConDefects/Test/abc230_a,8,3.14.3,True,,,8,ineligible,loc < 25 (minimum length floor is 25)
45572645,abc230_a,data/external/ConDefects/Code/abc230_a/Python/45572645/faultyVersion.py,data/external/ConDefects/Code/abc230_a/Python/45572645/correctVersion.py,data/external/ConDefects/Test/abc230_a,3,3.14.3,True,,,3,ineligible,loc < 25 (minimum length floor is 25)
45690200,abc230_a,data/external/ConDefects/Code/abc230_a/Python/45690200/faultyVersion.py,data/external/ConDefects/Code/abc230_a/Python/45690200/correctVersion.py,data/external/ConDefects/Test/abc230_a,5,3.14.3,True,,,5,ineligible,loc < 25 (minimum length floor is 25)
45743291,abc230_a,data/external/ConDefects/Code/abc230_a/Python/45743291/faultyVersion.py,data/external/ConDefects/Code/abc230_a/Python/45743291/correctVersion.py,data/external/ConDefects/Test/abc230_a,6,3.14.3,True,,,6,ineligible,loc < 25 (minimum length floor is 25)
44392053,abc230_b,data/external/ConDefects/Code/abc230_b/Python/44392053/faultyVersion.py,data/external/ConDefects/Code/abc230_b/Python/44392053/correctVersion.py,data/external/ConDefects/Test/abc230_b,7,3.14.3,True,,,7,ineligible,loc < 25 (minimum length floor is 25)
45098077,abc230_b,data/external/ConDefects/Code/abc230_b/Python/45098077/faultyVersion.py,data/external/ConDefects/Code/abc230_b/Python/45098077/correctVersion.py,data/external/ConDefects/Test/abc230_b,9,3.14.3,True,,,9,ineligible,loc < 25 (minimum length floor is 25)
45318112,abc230_b,data/external/ConDefects/Code/abc230_b/Python/45318112/faultyVersion.py,data/external/ConDefects/Code/abc230_b/Python/45318112/correctVersion.py,data/external/ConDefects/Test/abc230_b,23,3.14.3,True,,,23,ineligible,loc < 25 (minimum length floor is 25)
46045748,abc230_b,data/external/ConDefects/Code/abc230_b/Python/46045748/faultyVersion.py,data/external/ConDefects/Code/abc230_b/Python/46045748/correctVersion.py,data/external/ConDefects/Test/abc230_b,24,3.14.3,True,,,24,ineligible,loc < 25 (minimum length floor is 25)
46192846,abc230_b,data/external/ConDefects/Code/abc230_b/Python/46192846/faultyVersion.py,data/external/ConDefects/Code/abc230_b/Python/46192846/correctVersion.py,data/external/ConDefects/Test/abc230_b,7,3.14.3,True,,,7,ineligible,loc < 25 (minimum length floor is 25)
46215584,abc230_b,data/external/ConDefects/Code/abc230_b/Python/46215584/faultyVersion.py,data/external/ConDefects/Code/abc230_b/Python/46215584/correctVersion.py,data/external/ConDefects/Test/abc230_b,26,3.14.3,True,,,26,ineligible,multi-line fault — excluded by v2 single-line filter
54240175,abc230_c,data/external/ConDefects/Code/abc230_c/Python/54240175/faultyVersion.py,data/external/ConDefects/Code/abc230_c/Python/54240175/correctVersion.py,data/external/ConDefects/Test/abc230_c,28,3.14.3,True,,,28,eligible,
44825161,abc230_d,data/external/ConDefects/Code/abc230_d/Python/44825161/faultyVersion.py,data/external/ConDefects/Code/abc230_d/Python/44825161/correctVersion.py,data/external/ConDefects/Test/abc230_d,21,3.14.3,True,,,21,ineligible,loc < 25 (minimum length floor is 25)
45013914,abc230_d,data/external/ConDefects/Code/abc230_d/Python/45013914/faultyVersion.py,data/external/ConDefects/Code/abc230_d/Python/45013914/correctVersion.py,data/external/ConDefects/Test/abc230_d,17,3.14.3,True,,,17,ineligible,loc < 25 (minimum length floor is 25)
45946021,abc230_d,data/external/ConDefects/Code/abc230_d/Python/45946021/faultyVersion.py,data/external/ConDefects/Code/abc230_d/Python/45946021/correctVersion.py,data/external/ConDefects/Test/abc230_d,667,3.14.3,True,,,667,ineligible,loc > 300 (maximum length ceiling is 300)
46047126,abc230_d,data/external/ConDefects/Code/abc230_d/Python/46047126/faultyVersion.py,data/external/ConDefects/Code/abc230_d/Python/46047126/correctVersion.py,data/external/ConDefects/Test/abc230_d,30,3.14.3,True,,,30,eligible,
46232718,abc230_d,data/external/ConDefects/Code/abc230_d/Python/46232718/faultyVersion.py,data/external/ConDefects/Code/abc230_d/Python/46232718/correctVersion.py,data/external/ConDefects/Test/abc230_d,44,3.14.3,True,,,44,ineligible,multi-line fault — excluded by v2 single-line filter
45074707,abc230_e,data/external/ConDefects/Code/abc230_e/Python/45074707/faultyVersion.py,data/external/ConDefects/Code/abc230_e/Python/45074707/correctVersion.py,data/external/ConDefects/Test/abc230_e,9,3.14.3,True,,,9,ineligible,loc < 25 (minimum length floor is 25)
27770752,abc230_g,data/external/ConDefects/Code/abc230_g/Python/27770752/faultyVersion.py,data/external/ConDefects/Code/abc230_g/Python/27770752/correctVersion.py,data/external/ConDefects/Test/abc230_g,93,3.14.3,True,,,93,eligible,
44895571,abc232_b,data/external/ConDefects/Code/abc232_b/Python/44895571/faultyVersion.py,data/external/ConDefects/Code/abc232_b/Python/44895571/correctVersion.py,data/external/ConDefects/Test/abc232_b,10,3.14.3,True,,,10,ineligible,loc < 25 (minimum length floor is 25)
45532739,abc232_b,data/external/ConDefects/Code/abc232_b/Python/45532739/faultyVersion.py,data/external/ConDefects/Code/abc232_b/Python/45532739/correctVersion.py,data/external/ConDefects/Test/abc232_b,17,3.14.3,True,,,17,ineligible,loc < 25 (minimum length floor is 25)
45719934,abc232_b,data/external/ConDefects/Code/abc232_b/Python/45719934/faultyVersion.py,data/external/ConDefects/Code/abc232_b/Python/45719934/correctVersion.py,data/external/ConDefects/Test/abc232_b,12,3.14.3,True,,,12,ineligible,loc < 25 (minimum length floor is 25)
45920866,abc232_b,data/external/ConDefects/Code/abc232_b/Python/45920866/faultyVersion.py,data/external/ConDefects/Code/abc232_b/Python/45920866/correctVersion.py,data/external/ConDefects/Test/abc232_b,11,3.14.3,True,,,11,ineligible,loc < 25 (minimum length floor is 25)
44874195,abc232_c,data/external/ConDefects/Code/abc232_c/Python/44874195/faultyVersion.py,data/external/ConDefects/Code/abc232_c/Python/44874195/correctVersion.py,data/external/ConDefects/Test/abc232_c,38,3.14.3,True,,,38,ineligible,multiple independent faults
44881913,abc232_c,data/external/ConDefects/Code/abc232_c/Python/44881913/faultyVersion.py,data/external/ConDefects/Code/abc232_c/Python/44881913/correctVersion.py,data/external/ConDefects/Test/abc232_c,25,3.14.3,True,,,25,ineligible,multiple independent faults
44805380,abc232_d,data/external/ConDefects/Code/abc232_d/Python/44805380/faultyVersion.py,data/external/ConDefects/Code/abc232_d/Python/44805380/correctVersion.py,data/external/ConDefects/Test/abc232_d,27,3.14.3,True,,,27,eligible,
45068396,abc232_d,data/external/ConDefects/Code/abc232_d/Python/45068396/faultyVersion.py,data/external/ConDefects/Code/abc232_d/Python/45068396/correctVersion.py,data/external/ConDefects/Test/abc232_d,23,3.14.3,True,,,23,ineligible,loc < 25 (minimum length floor is 25)
45266728,abc232_d,data/external/ConDefects/Code/abc232_d/Python/45266728/faultyVersion.py,data/external/ConDefects/Code/abc232_d/Python/45266728/correctVersion.py,data/external/ConDefects/Test/abc232_d,44,3.14.3,True,,,44,ineligible,multi-line fault — excluded by v2 single-line filter
45266729,abc232_d,data/external/ConDefects/Code/abc232_d/Python/45266729/faultyVersion.py,data/external/ConDefects/Code/abc232_d/Python/45266729/correctVersion.py,data/external/ConDefects/Test/abc232_d,13,3.14.3,True,,,13,ineligible,loc < 25 (minimum length floor is 25)
45267327,abc232_d,data/external/ConDefects/Code/abc232_d/Python/45267327/faultyVersion.py,data/external/ConDefects/Code/abc232_d/Python/45267327/correctVersion.py,data/external/ConDefects/Test/abc232_d,67,3.14.3,True,,,67,eligible,
45343318,abc232_d,data/external/ConDefects/Code/abc232_d/Python/45343318/faultyVersion.py,data/external/ConDefects/Code/abc232_d/Python/45343318/correctVersion.py,data/external/ConDefects/Test/abc232_d,30,3.14.3,True,,,30,eligible,
45499422,abc232_d,data/external/ConDefects/Code/abc232_d/Python/45499422/faultyVersion.py,data/external/ConDefects/Code/abc232_d/Python/45499422/correctVersion.py,data/external/ConDefects/Test/abc232_d,26,3.14.3,True,,,26,eligible,
44929490,abc232_e,data/external/ConDefects/Code/abc232_e/Python/44929490/faultyVersion.py,data/external/ConDefects/Code/abc232_e/Python/44929490/correctVersion.py,data/external/ConDefects/Test/abc232_e,43,3.14.3,True,,,43,eligible,
45459245,abc232_e,data/external/ConDefects/Code/abc232_e/Python/45459245/faultyVersion.py,data/external/ConDefects/Code/abc232_e/Python/45459245/correctVersion.py,data/external/ConDefects/Test/abc232_e,38,3.14.3,True,,,38,eligible,
45574605,abc232_e,data/external/ConDefects/Code/abc232_e/Python/45574605/faultyVersion.py,data/external/ConDefects/Code/abc232_e/Python/45574605/correctVersion.py,data/external/ConDefects/Test/abc232_e,50,3.14.3,True,,,50,eligible,
46187377,abc232_e,data/external/ConDefects/Code/abc232_e/Python/46187377/faultyVersion.py,data/external/ConDefects/Code/abc232_e/Python/46187377/correctVersion.py,data/external/ConDefects/Test/abc232_e,26,3.14.3,True,,,26,eligible,
54006538,abc232_f,data/external/ConDefects/Code/abc232_f/Python/54006538/faultyVersion.py,data/external/ConDefects/Code/abc232_f/Python/54006538/correctVersion.py,data/external/ConDefects/Test/abc232_f,12,3.14.3,True,,,12,ineligible,loc < 25 (minimum length floor is 25)
28189928,abc232_g,data/external/ConDefects/Code/abc232_g/Python/28189928/faultyVersion.py,data/external/ConDefects/Code/abc232_g/Python/28189928/correctVersion.py,data/external/ConDefects/Test/abc232_g,51,3.14.3,True,,,51,eligible,
28190550,abc232_g,data/external/ConDefects/Code/abc232_g/Python/28190550/faultyVersion.py,data/external/ConDefects/Code/abc232_g/Python/28190550/correctVersion.py,data/external/ConDefects/Test/abc232_g,57,3.14.3,True,,,57,ineligible,multi-line fault — excluded by v2 single-line filter
28970603,abc232_g,data/external/ConDefects/Code/abc232_g/Python/28970603/faultyVersion.py,data/external/ConDefects/Code/abc232_g/Python/28970603/correctVersion.py,data/external/ConDefects/Test/abc232_g,43,3.14.3,True,,,43,eligible,
28052217,abc232_h,data/external/ConDefects/Code/abc232_h/Python/28052217/faultyVersion.py,data/external/ConDefects/Code/abc232_h/Python/28052217/correctVersion.py,data/external/ConDefects/Test/abc232_h,11,3.14.3,True,,,11,ineligible,loc < 25 (minimum length floor is 25)
28235852,abc232_h,data/external/ConDefects/Code/abc232_h/Python/28235852/faultyVersion.py,data/external/ConDefects/Code/abc232_h/Python/28235852/correctVersion.py,data/external/ConDefects/Test/abc232_h,81,3.14.3,True,,,81,eligible,
45723931,abc233_a,data/external/ConDefects/Code/abc233_a/Python/45723931/faultyVersion.py,data/external/ConDefects/Code/abc233_a/Python/45723931/correctVersion.py,data/external/ConDefects/Test/abc233_a,6,3.14.3,True,,,6,ineligible,loc < 25 (minimum length floor is 25)
45939689,abc233_a,data/external/ConDefects/Code/abc233_a/Python/45939689/faultyVersion.py,data/external/ConDefects/Code/abc233_a/Python/45939689/correctVersion.py,data/external/ConDefects/Test/abc233_a,3,3.14.3,True,,,3,ineligible,loc < 25 (minimum length floor is 25)
46206186,abc233_b,data/external/ConDefects/Code/abc233_b/Python/46206186/faultyVersion.py,data/external/ConDefects/Code/abc233_b/Python/46206186/correctVersion.py,data/external/ConDefects/Test/abc233_b,5,3.14.3,True,,,5,ineligible,loc < 25 (minimum length floor is 25)
45317107,abc233_c,data/external/ConDefects/Code/abc233_c/Python/45317107/faultyVersion.py,data/external/ConDefects/Code/abc233_c/Python/45317107/correctVersion.py,data/external/ConDefects/Test/abc233_c,24,3.14.3,True,,,24,ineligible,loc < 25 (minimum length floor is 25)
45254335,abc233_e,data/external/ConDefects/Code/abc233_e/Python/45254335/faultyVersion.py,data/external/ConDefects/Code/abc233_e/Python/45254335/correctVersion.py,data/external/ConDefects/Test/abc233_e,23,3.14.3,True,,,23,ineligible,loc < 25 (minimum length floor is 25)
50214757,abc233_f,data/external/ConDefects/Code/abc233_f/Python/50214757/faultyVersion.py,data/external/ConDefects/Code/abc233_f/Python/50214757/correctVersion.py,data/external/ConDefects/Test/abc233_f,151,3.14.3,True,,,151,ineligible,multi-line fault — excluded by v2 single-line filter
38349532,abc233_g,data/external/ConDefects/Code/abc233_g/Python/38349532/faultyVersion.py,data/external/ConDefects/Code/abc233_g/Python/38349532/correctVersion.py,data/external/ConDefects/Test/abc233_g,38,3.14.3,True,,,38,eligible,
29975845,abc233_h,data/external/ConDefects/Code/abc233_h/Python/29975845/faultyVersion.py,data/external/ConDefects/Code/abc233_h/Python/29975845/correctVersion.py,data/external/ConDefects/Test/abc233_h,67,3.14.3,True,,,67,ineligible,multi-line fault — excluded by v2 single-line filter
44313828,abc233_h,data/external/ConDefects/Code/abc233_h/Python/44313828/faultyVersion.py,data/external/ConDefects/Code/abc233_h/Python/44313828/correctVersion.py,data/external/ConDefects/Test/abc233_h,239,3.14.3,True,,,239,eligible,
46688976,abc233_h,data/external/ConDefects/Code/abc233_h/Python/46688976/faultyVersion.py,data/external/ConDefects/Code/abc233_h/Python/46688976/correctVersion.py,data/external/ConDefects/Test/abc233_h,48,3.14.3,True,,,48,eligible,
53067892,abc233_h,data/external/ConDefects/Code/abc233_h/Python/53067892/faultyVersion.py,data/external/ConDefects/Code/abc233_h/Python/53067892/correctVersion.py,data/external/ConDefects/Test/abc233_h,110,3.14.3,True,,,110,ineligible,multi-line fault — excluded by v2 single-line filter
44890153,abc234_a,data/external/ConDefects/Code/abc234_a/Python/44890153/faultyVersion.py,data/external/ConDefects/Code/abc234_a/Python/44890153/correctVersion.py,data/external/ConDefects/Test/abc234_a,6,3.14.3,True,,,6,ineligible,loc < 25 (minimum length floor is 25)
45030219,abc234_a,data/external/ConDefects/Code/abc234_a/Python/45030219/faultyVersion.py,data/external/ConDefects/Code/abc234_a/Python/45030219/correctVersion.py,data/external/ConDefects/Test/abc234_a,4,3.14.3,True,,,4,ineligible,loc < 25 (minimum length floor is 25)
45754993,abc234_b,data/external/ConDefects/Code/abc234_b/Python/45754993/faultyVersion.py,data/external/ConDefects/Code/abc234_b/Python/45754993/correctVersion.py,data/external/ConDefects/Test/abc234_b,16,3.14.3,True,,,16,ineligible,loc < 25 (minimum length floor is 25)
45751042,abc234_c,data/external/ConDefects/Code/abc234_c/Python/45751042/faultyVersion.py,data/external/ConDefects/Code/abc234_c/Python/45751042/correctVersion.py,data/external/ConDefects/Test/abc234_c,3,3.14.3,True,,,3,ineligible,loc < 25 (minimum length floor is 25)
46127385,abc234_c,data/external/ConDefects/Code/abc234_c/Python/46127385/faultyVersion.py,data/external/ConDefects/Code/abc234_c/Python/46127385/correctVersion.py,data/external/ConDefects/Test/abc234_c,3,3.14.3,True,,,3,ineligible,loc < 25 (minimum length floor is 25)
54691667,abc234_d,data/external/ConDefects/Code/abc234_d/Python/54691667/faultyVersion.py,data/external/ConDefects/Code/abc234_d/Python/54691667/correctVersion.py,data/external/ConDefects/Test/abc234_d,18,3.14.3,True,,,18,ineligible,loc < 25 (minimum length floor is 25)
45285849,abc234_e,data/external/ConDefects/Code/abc234_e/Python/45285849/faultyVersion.py,data/external/ConDefects/Code/abc234_e/Python/45285849/correctVersion.py,data/external/ConDefects/Test/abc234_e,20,3.14.3,True,,,20,ineligible,loc < 25 (minimum length floor is 25)
45477719,abc234_e,data/external/ConDefects/Code/abc234_e/Python/45477719/faultyVersion.py,data/external/ConDefects/Code/abc234_e/Python/45477719/correctVersion.py,data/external/ConDefects/Test/abc234_e,28,3.14.3,True,,,28,eligible,
45484479,abc234_e,data/external/ConDefects/Code/abc234_e/Python/45484479/faultyVersion.py,data/external/ConDefects/Code/abc234_e/Python/45484479/correctVersion.py,data/external/ConDefects/Test/abc234_e,40,3.14.3,True,,,40,eligible,
53824155,abc234_f,data/external/ConDefects/Code/abc234_f/Python/53824155/faultyVersion.py,data/external/ConDefects/Code/abc234_f/Python/53824155/correctVersion.py,data/external/ConDefects/Test/abc234_f,48,3.14.3,True,,,48,eligible,
54296996,abc234_f,data/external/ConDefects/Code/abc234_f/Python/54296996/faultyVersion.py,data/external/ConDefects/Code/abc234_f/Python/54296996/correctVersion.py,data/external/ConDefects/Test/abc234_f,74,3.14.3,True,,,74,eligible,
43173883,abc234_g,data/external/ConDefects/Code/abc234_g/Python/43173883/faultyVersion.py,data/external/ConDefects/Code/abc234_g/Python/43173883/correctVersion.py,data/external/ConDefects/Test/abc234_g,48,3.14.3,True,,,48,ineligible,multiple independent faults
49361492,abc234_h,data/external/ConDefects/Code/abc234_h/Python/49361492/faultyVersion.py,data/external/ConDefects/Code/abc234_h/Python/49361492/correctVersion.py,data/external/ConDefects/Test/abc234_h,24,3.14.3,True,,,24,ineligible,loc < 25 (minimum length floor is 25)
44433073,abc235_b,data/external/ConDefects/Code/abc235_b/Python/44433073/faultyVersion.py,data/external/ConDefects/Code/abc235_b/Python/44433073/correctVersion.py,data/external/ConDefects/Test/abc235_b,10,3.14.3,True,,,10,ineligible,loc < 25 (minimum length floor is 25)
44832943,abc235_b,data/external/ConDefects/Code/abc235_b/Python/44832943/faultyVersion.py,data/external/ConDefects/Code/abc235_b/Python/44832943/correctVersion.py,data/external/ConDefects/Test/abc235_b,10,3.14.3,True,,,10,ineligible,loc < 25 (minimum length floor is 25)
45498250,abc235_b,data/external/ConDefects/Code/abc235_b/Python/45498250/faultyVersion.py,data/external/ConDefects/Code/abc235_b/Python/45498250/correctVersion.py,data/external/ConDefects/Test/abc235_b,9,3.14.3,True,,,9,ineligible,loc < 25 (minimum length floor is 25)
45931351,abc235_b,data/external/ConDefects/Code/abc235_b/Python/45931351/faultyVersion.py,data/external/ConDefects/Code/abc235_b/Python/45931351/correctVersion.py,data/external/ConDefects/Test/abc235_b,10,3.14.3,True,,,10,ineligible,loc < 25 (minimum length floor is 25)
46176667,abc235_c,data/external/ConDefects/Code/abc235_c/Python/46176667/faultyVersion.py,data/external/ConDefects/Code/abc235_c/Python/46176667/correctVersion.py,data/external/ConDefects/Test/abc235_c,19,3.14.3,True,,,19,ineligible,loc < 25 (minimum length floor is 25)
44415594,abc235_d,data/external/ConDefects/Code/abc235_d/Python/44415594/faultyVersion.py,data/external/ConDefects/Code/abc235_d/Python/44415594/correctVersion.py,data/external/ConDefects/Test/abc235_d,34,3.14.3,True,,,34,eligible,
44598432,abc235_d,data/external/ConDefects/Code/abc235_d/Python/44598432/faultyVersion.py,data/external/ConDefects/Code/abc235_d/Python/44598432/correctVersion.py,data/external/ConDefects/Test/abc235_d,20,3.14.3,True,,,20,ineligible,loc < 25 (minimum length floor is 25)
45465231,abc235_d,data/external/ConDefects/Code/abc235_d/Python/45465231/faultyVersion.py,data/external/ConDefects/Code/abc235_d/Python/45465231/correctVersion.py,data/external/ConDefects/Test/abc235_d,39,3.14.3,True,,,39,ineligible,multi-line fault — excluded by v2 single-line filter
46231153,abc235_d,data/external/ConDefects/Code/abc235_d/Python/46231153/faultyVersion.py,data/external/ConDefects/Code/abc235_d/Python/46231153/correctVersion.py,data/external/ConDefects/Test/abc235_d,21,3.14.3,True,,,21,ineligible,loc < 25 (minimum length floor is 25)
44788391,abc235_e,data/external/ConDefects/Code/abc235_e/Python/44788391/faultyVersion.py,data/external/ConDefects/Code/abc235_e/Python/44788391/correctVersion.py,data/external/ConDefects/Test/abc235_e,109,3.14.3,True,,,109,ineligible,multiple independent faults
45321024,abc235_e,data/external/ConDefects/Code/abc235_e/Python/45321024/faultyVersion.py,data/external/ConDefects/Code/abc235_e/Python/45321024/correctVersion.py,data/external/ConDefects/Test/abc235_e,107,3.14.3,True,,,107,ineligible,multi-line fault — excluded by v2 single-line filter
28570313,abc235_g,data/external/ConDefects/Code/abc235_g/Python/28570313/faultyVersion.py,data/external/ConDefects/Code/abc235_g/Python/28570313/correctVersion.py,data/external/ConDefects/Test/abc235_g,158,3.14.3,True,,,158,ineligible,multiple independent faults
28594583,abc235_g,data/external/ConDefects/Code/abc235_g/Python/28594583/faultyVersion.py,data/external/ConDefects/Code/abc235_g/Python/28594583/correctVersion.py,data/external/ConDefects/Test/abc235_g,62,3.14.3,True,,,62,eligible,
28640040,abc235_g,data/external/ConDefects/Code/abc235_g/Python/28640040/faultyVersion.py,data/external/ConDefects/Code/abc235_g/Python/28640040/correctVersion.py,data/external/ConDefects/Test/abc235_g,26,3.14.3,True,,,26,eligible,
30010913,abc235_g,data/external/ConDefects/Code/abc235_g/Python/30010913/faultyVersion.py,data/external/ConDefects/Code/abc235_g/Python/30010913/correctVersion.py,data/external/ConDefects/Test/abc235_g,41,3.14.3,True,,,41,ineligible,multiple independent faults
43758724,abc235_g,data/external/ConDefects/Code/abc235_g/Python/43758724/faultyVersion.py,data/external/ConDefects/Code/abc235_g/Python/43758724/correctVersion.py,data/external/ConDefects/Test/abc235_g,27,3.14.3,True,,,27,eligible,
48493148,abc235_g,data/external/ConDefects/Code/abc235_g/Python/48493148/faultyVersion.py,data/external/ConDefects/Code/abc235_g/Python/48493148/correctVersion.py,data/external/ConDefects/Test/abc235_g,45,3.14.3,True,,,45,eligible,
29171105,abc235_h,data/external/ConDefects/Code/abc235_h/Python/29171105/faultyVersion.py,data/external/ConDefects/Code/abc235_h/Python/29171105/correctVersion.py,data/external/ConDefects/Test/abc235_h,184,3.14.3,True,,,184,eligible,
45430544,abc236_a,data/external/ConDefects/Code/abc236_a/Python/45430544/faultyVersion.py,data/external/ConDefects/Code/abc236_a/Python/45430544/correctVersion.py,data/external/ConDefects/Test/abc236_a,9,3.14.3,True,,,9,ineligible,loc < 25 (minimum length floor is 25)
45439657,abc236_a,data/external/ConDefects/Code/abc236_a/Python/45439657/faultyVersion.py,data/external/ConDefects/Code/abc236_a/Python/45439657/correctVersion.py,data/external/ConDefects/Test/abc236_a,3,3.14.3,True,,,3,ineligible,loc < 25 (minimum length floor is 25)
45474387,abc236_b,data/external/ConDefects/Code/abc236_b/Python/45474387/faultyVersion.py,data/external/ConDefects/Code/abc236_b/Python/45474387/correctVersion.py,data/external/ConDefects/Test/abc236_b,11,3.14.3,True,,,11,ineligible,loc < 25 (minimum length floor is 25)
46220986,abc236_b,data/external/ConDefects/Code/abc236_b/Python/46220986/faultyVersion.py,data/external/ConDefects/Code/abc236_b/Python/46220986/correctVersion.py,data/external/ConDefects/Test/abc236_b,8,3.14.3,True,,,8,ineligible,loc < 25 (minimum length floor is 25)
54275288,abc236_d,data/external/ConDefects/Code/abc236_d/Python/54275288/faultyVersion.py,data/external/ConDefects/Code/abc236_d/Python/54275288/correctVersion.py,data/external/ConDefects/Test/abc236_d,39,3.14.3,True,,,39,ineligible,multiple independent faults
45576293,abc236_e,data/external/ConDefects/Code/abc236_e/Python/45576293/faultyVersion.py,data/external/ConDefects/Code/abc236_e/Python/45576293/correctVersion.py,data/external/ConDefects/Test/abc236_e,44,3.14.3,True,,,44,ineligible,multi-line fault — excluded by v2 single-line filter
28766467,abc236_g,data/external/ConDefects/Code/abc236_g/Python/28766467/faultyVersion.py,data/external/ConDefects/Code/abc236_g/Python/28766467/correctVersion.py,data/external/ConDefects/Test/abc236_g,30,3.14.3,True,,,30,ineligible,multiple independent faults
30741132,abc236_g,data/external/ConDefects/Code/abc236_g/Python/30741132/faultyVersion.py,data/external/ConDefects/Code/abc236_g/Python/30741132/correctVersion.py,data/external/ConDefects/Test/abc236_g,46,3.14.3,True,,,46,eligible,
55003330,abc236_g,data/external/ConDefects/Code/abc236_g/Python/55003330/faultyVersion.py,data/external/ConDefects/Code/abc236_g/Python/55003330/correctVersion.py,data/external/ConDefects/Test/abc236_g,42,3.14.3,True,,,42,eligible,
28807713,abc236_h,data/external/ConDefects/Code/abc236_h/Python/28807713/faultyVersion.py,data/external/ConDefects/Code/abc236_h/Python/28807713/correctVersion.py,data/external/ConDefects/Test/abc236_h,99,3.14.3,True,,,99,eligible,
45125955,abc237_a,data/external/ConDefects/Code/abc237_a/Python/45125955/faultyVersion.py,data/external/ConDefects/Code/abc237_a/Python/45125955/correctVersion.py,data/external/ConDefects/Test/abc237_a,2,3.14.3,True,,,2,ineligible,loc < 25 (minimum length floor is 25)
45267148,abc237_a,data/external/ConDefects/Code/abc237_a/Python/45267148/faultyVersion.py,data/external/ConDefects/Code/abc237_a/Python/45267148/correctVersion.py,data/external/ConDefects/Test/abc237_a,1,3.14.3,True,,,1,ineligible,loc < 25 (minimum length floor is 25)
45710805,abc237_a,data/external/ConDefects/Code/abc237_a/Python/45710805/faultyVersion.py,data/external/ConDefects/Code/abc237_a/Python/45710805/correctVersion.py,data/external/ConDefects/Test/abc237_a,5,3.14.3,True,,,5,ineligible,loc < 25 (minimum length floor is 25)
46166262,abc237_a,data/external/ConDefects/Code/abc237_a/Python/46166262/faultyVersion.py,data/external/ConDefects/Code/abc237_a/Python/46166262/correctVersion.py,data/external/ConDefects/Test/abc237_a,2,3.14.3,True,,,2,ineligible,loc < 25 (minimum length floor is 25)
52801286,abc237_b,data/external/ConDefects/Code/abc237_b/Python/52801286/faultyVersion.py,data/external/ConDefects/Code/abc237_b/Python/52801286/correctVersion.py,data/external/ConDefects/Test/abc237_b,8,3.14.3,True,,,8,ineligible,loc < 25 (minimum length floor is 25)
45275344,abc237_c,data/external/ConDefects/Code/abc237_c/Python/45275344/faultyVersion.py,data/external/ConDefects/Code/abc237_c/Python/45275344/correctVersion.py,data/external/ConDefects/Test/abc237_c,28,3.14.3,True,,,28,eligible,
45277332,abc237_c,data/external/ConDefects/Code/abc237_c/Python/45277332/faultyVersion.py,data/external/ConDefects/Code/abc237_c/Python/45277332/correctVersion.py,data/external/ConDefects/Test/abc237_c,20,3.14.3,True,,,20,ineligible,loc < 25 (minimum length floor is 25)
45542474,abc237_c,data/external/ConDefects/Code/abc237_c/Python/45542474/faultyVersion.py,data/external/ConDefects/Code/abc237_c/Python/45542474/correctVersion.py,data/external/ConDefects/Test/abc237_c,29,3.14.3,True,,,29,eligible,
45711395,abc237_c,data/external/ConDefects/Code/abc237_c/Python/45711395/faultyVersion.py,data/external/ConDefects/Code/abc237_c/Python/45711395/correctVersion.py,data/external/ConDefects/Test/abc237_c,34,3.14.3,True,,,34,eligible,
45766102,abc237_c,data/external/ConDefects/Code/abc237_c/Python/45766102/faultyVersion.py,data/external/ConDefects/Code/abc237_c/Python/45766102/correctVersion.py,data/external/ConDefects/Test/abc237_c,16,3.14.3,True,,,16,ineligible,loc < 25 (minimum length floor is 25)
45766174,abc237_c,data/external/ConDefects/Code/abc237_c/Python/45766174/faultyVersion.py,data/external/ConDefects/Code/abc237_c/Python/45766174/correctVersion.py,data/external/ConDefects/Test/abc237_c,9,3.14.3,True,,,9,ineligible,loc < 25 (minimum length floor is 25)
45967024,abc237_c,data/external/ConDefects/Code/abc237_c/Python/45967024/faultyVersion.py,data/external/ConDefects/Code/abc237_c/Python/45967024/correctVersion.py,data/external/ConDefects/Test/abc237_c,113,3.14.3,True,,,113,ineligible,multi-line fault — excluded by v2 single-line filter
46026874,abc237_c,data/external/ConDefects/Code/abc237_c/Python/46026874/faultyVersion.py,data/external/ConDefects/Code/abc237_c/Python/46026874/correctVersion.py,data/external/ConDefects/Test/abc237_c,30,3.14.3,True,,,30,eligible,
54010383,abc237_d,data/external/ConDefects/Code/abc237_d/Python/54010383/faultyVersion.py,data/external/ConDefects/Code/abc237_d/Python/54010383/correctVersion.py,data/external/ConDefects/Test/abc237_d,54,3.14.3,True,,,54,ineligible,multiple independent faults
35962547,abc237_f,data/external/ConDefects/Code/abc237_f/Python/35962547/faultyVersion.py,data/external/ConDefects/Code/abc237_f/Python/35962547/correctVersion.py,data/external/ConDefects/Test/abc237_f,141,3.14.3,True,,,141,eligible,
29196395,abc237_h,data/external/ConDefects/Code/abc237_h/Python/29196395/faultyVersion.py,data/external/ConDefects/Code/abc237_h/Python/29196395/correctVersion.py,data/external/ConDefects/Test/abc237_h,54,3.14.3,True,,,54,ineligible,multi-line fault — excluded by v2 single-line filter
44611745,abc238_a,data/external/ConDefects/Code/abc238_a/Python/44611745/faultyVersion.py,data/external/ConDefects/Code/abc238_a/Python/44611745/correctVersion.py,data/external/ConDefects/Test/abc238_a,6,3.14.3,True,,,6,ineligible,loc < 25 (minimum length floor is 25)
45016565,abc238_a,data/external/ConDefects/Code/abc238_a/Python/45016565/faultyVersion.py,data/external/ConDefects/Code/abc238_a/Python/45016565/correctVersion.py,data/external/ConDefects/Test/abc238_a,5,3.14.3,True,,,5,ineligible,loc < 25 (minimum length floor is 25)
45663153,abc238_a,data/external/ConDefects/Code/abc238_a/Python/45663153/faultyVersion.py,data/external/ConDefects/Code/abc238_a/Python/45663153/correctVersion.py,data/external/ConDefects/Test/abc238_a,5,3.14.3,True,,,5,ineligible,loc < 25 (minimum length floor is 25)
45742740,abc238_a,data/external/ConDefects/Code/abc238_a/Python/45742740/faultyVersion.py,data/external/ConDefects/Code/abc238_a/Python/45742740/correctVersion.py,data/external/ConDefects/Test/abc238_a,6,3.14.3,True,,,6,ineligible,loc < 25 (minimum length floor is 25)
45742753,abc238_a,data/external/ConDefects/Code/abc238_a/Python/45742753/faultyVersion.py,data/external/ConDefects/Code/abc238_a/Python/45742753/correctVersion.py,data/external/ConDefects/Test/abc238_a,5,3.14.3,True,,,5,ineligible,loc < 25 (minimum length floor is 25)
45807737,abc238_a,data/external/ConDefects/Code/abc238_a/Python/45807737/faultyVersion.py,data/external/ConDefects/Code/abc238_a/Python/45807737/correctVersion.py,data/external/ConDefects/Test/abc238_a,5,3.14.3,True,,,5,ineligible,loc < 25 (minimum length floor is 25)
46161245,abc238_a,data/external/ConDefects/Code/abc238_a/Python/46161245/faultyVersion.py,data/external/ConDefects/Code/abc238_a/Python/46161245/correctVersion.py,data/external/ConDefects/Test/abc238_a,2,3.14.3,True,,,2,ineligible,loc < 25 (minimum length floor is 25)
45497591,abc238_b,data/external/ConDefects/Code/abc238_b/Python/45497591/faultyVersion.py,data/external/ConDefects/Code/abc238_b/Python/45497591/correctVersion.py,data/external/ConDefects/Test/abc238_b,14,3.14.3,True,,,14,ineligible,loc < 25 (minimum length floor is 25)
44668354,abc238_c,data/external/ConDefects/Code/abc238_c/Python/44668354/faultyVersion.py,data/external/ConDefects/Code/abc238_c/Python/44668354/correctVersion.py,data/external/ConDefects/Test/abc238_c,18,3.14.3,True,,,18,ineligible,loc < 25 (minimum length floor is 25)
44681618,abc238_c,data/external/ConDefects/Code/abc238_c/Python/44681618/faultyVersion.py,data/external/ConDefects/Code/abc238_c/Python/44681618/correctVersion.py,data/external/ConDefects/Test/abc238_c,13,3.14.3,True,,,13,ineligible,loc < 25 (minimum length floor is 25)
45122649,abc238_c,data/external/ConDefects/Code/abc238_c/Python/45122649/faultyVersion.py,data/external/ConDefects/Code/abc238_c/Python/45122649/correctVersion.py,data/external/ConDefects/Test/abc238_c,23,3.14.3,True,,,23,ineligible,loc < 25 (minimum length floor is 25)
45053944,abc238_d,data/external/ConDefects/Code/abc238_d/Python/45053944/faultyVersion.py,data/external/ConDefects/Code/abc238_d/Python/45053944/correctVersion.py,data/external/ConDefects/Test/abc238_d,41,3.14.3,True,,,41,eligible,
45261628,abc238_d,data/external/ConDefects/Code/abc238_d/Python/45261628/faultyVersion.py,data/external/ConDefects/Code/abc238_d/Python/45261628/correctVersion.py,data/external/ConDefects/Test/abc238_d,15,3.14.3,True,,,15,ineligible,loc < 25 (minimum length floor is 25)
45321864,abc238_d,data/external/ConDefects/Code/abc238_d/Python/45321864/faultyVersion.py,data/external/ConDefects/Code/abc238_d/Python/45321864/correctVersion.py,data/external/ConDefects/Test/abc238_d,9,3.14.3,True,,,9,ineligible,loc < 25 (minimum length floor is 25)
45717530,abc238_d,data/external/ConDefects/Code/abc238_d/Python/45717530/faultyVersion.py,data/external/ConDefects/Code/abc238_d/Python/45717530/correctVersion.py,data/external/ConDefects/Test/abc238_d,30,3.14.3,True,,,30,eligible,
52795863,abc238_e,data/external/ConDefects/Code/abc238_e/Python/52795863/faultyVersion.py,data/external/ConDefects/Code/abc238_e/Python/52795863/correctVersion.py,data/external/ConDefects/Test/abc238_e,25,3.14.3,True,,,25,eligible,
30171666,abc238_f,data/external/ConDefects/Code/abc238_f/Python/30171666/faultyVersion.py,data/external/ConDefects/Code/abc238_f/Python/30171666/correctVersion.py,data/external/ConDefects/Test/abc238_f,67,3.14.3,True,,,67,eligible,
39396735,abc238_f,data/external/ConDefects/Code/abc238_f/Python/39396735/faultyVersion.py,data/external/ConDefects/Code/abc238_f/Python/39396735/correctVersion.py,data/external/ConDefects/Test/abc238_f,30,3.14.3,True,,,30,eligible,
41446414,abc238_f,data/external/ConDefects/Code/abc238_f/Python/41446414/faultyVersion.py,data/external/ConDefects/Code/abc238_f/Python/41446414/correctVersion.py,data/external/ConDefects/Test/abc238_f,41,3.14.3,True,,,41,eligible,
48523335,abc238_f,data/external/ConDefects/Code/abc238_f/Python/48523335/faultyVersion.py,data/external/ConDefects/Code/abc238_f/Python/48523335/correctVersion.py,data/external/ConDefects/Test/abc238_f,121,3.14.3,True,,,121,eligible,
44443541,abc238_g,data/external/ConDefects/Code/abc238_g/Python/44443541/faultyVersion.py,data/external/ConDefects/Code/abc238_g/Python/44443541/correctVersion.py,data/external/ConDefects/Test/abc238_g,64,3.14.3,True,,,64,eligible,
45076480,abc239_a,data/external/ConDefects/Code/abc239_a/Python/45076480/faultyVersion.py,data/external/ConDefects/Code/abc239_a/Python/45076480/correctVersion.py,data/external/ConDefects/Test/abc239_a,3,3.14.3,True,,,3,ineligible,loc < 25 (minimum length floor is 25)
45807134,abc239_a,data/external/ConDefects/Code/abc239_a/Python/45807134/faultyVersion.py,data/external/ConDefects/Code/abc239_a/Python/45807134/correctVersion.py,data/external/ConDefects/Test/abc239_a,2,3.14.3,True,,,2,ineligible,loc < 25 (minimum length floor is 25)
46183850,abc239_a,data/external/ConDefects/Code/abc239_a/Python/46183850/faultyVersion.py,data/external/ConDefects/Code/abc239_a/Python/46183850/correctVersion.py,data/external/ConDefects/Test/abc239_a,5,3.14.3,True,,,5,ineligible,loc < 25 (minimum length floor is 25)
44818357,abc239_c,data/external/ConDefects/Code/abc239_c/Python/44818357/faultyVersion.py,data/external/ConDefects/Code/abc239_c/Python/44818357/correctVersion.py,data/external/ConDefects/Test/abc239_c,27,3.14.3,True,,,27,eligible,
45467238,abc239_c,data/external/ConDefects/Code/abc239_c/Python/45467238/faultyVersion.py,data/external/ConDefects/Code/abc239_c/Python/45467238/correctVersion.py,data/external/ConDefects/Test/abc239_c,5,3.14.3,True,,,5,ineligible,loc < 25 (minimum length floor is 25)
45558170,abc239_c,data/external/ConDefects/Code/abc239_c/Python/45558170/faultyVersion.py,data/external/ConDefects/Code/abc239_c/Python/45558170/correctVersion.py,data/external/ConDefects/Test/abc239_c,11,3.14.3,True,,,11,ineligible,loc < 25 (minimum length floor is 25)
46171405,abc239_c,data/external/ConDefects/Code/abc239_c/Python/46171405/faultyVersion.py,data/external/ConDefects/Code/abc239_c/Python/46171405/correctVersion.py,data/external/ConDefects/Test/abc239_c,6,3.14.3,True,,,6,ineligible,loc < 25 (minimum length floor is 25)
52953499,abc239_d,data/external/ConDefects/Code/abc239_d/Python/52953499/faultyVersion.py,data/external/ConDefects/Code/abc239_d/Python/52953499/correctVersion.py,data/external/ConDefects/Test/abc239_d,26,3.14.3,True,,,26,eligible,
54197752,abc239_d,data/external/ConDefects/Code/abc239_d/Python/54197752/faultyVersion.py,data/external/ConDefects/Code/abc239_d/Python/54197752/correctVersion.py,data/external/ConDefects/Test/abc239_d,18,3.14.3,True,,,18,ineligible,loc < 25 (minimum length floor is 25)
54694563,abc239_d,data/external/ConDefects/Code/abc239_d/Python/54694563/faultyVersion.py,data/external/ConDefects/Code/abc239_d/Python/54694563/correctVersion.py,data/external/ConDefects/Test/abc239_d,14,3.14.3,True,,,14,ineligible,loc < 25 (minimum length floor is 25)
45522067,abc239_e,data/external/ConDefects/Code/abc239_e/Python/45522067/faultyVersion.py,data/external/ConDefects/Code/abc239_e/Python/45522067/correctVersion.py,data/external/ConDefects/Test/abc239_e,162,3.14.3,True,,,162,eligible,
45950802,abc239_g,data/external/ConDefects/Code/abc239_g/Python/45950802/faultyVersion.py,data/external/ConDefects/Code/abc239_g/Python/45950802/correctVersion.py,data/external/ConDefects/Test/abc239_g,25,3.14.3,True,,,25,eligible,
45200852,abc240_a,data/external/ConDefects/Code/abc240_a/Python/45200852/faultyVersion.py,data/external/ConDefects/Code/abc240_a/Python/45200852/correctVersion.py,data/external/ConDefects/Test/abc240_a,2,3.14.3,True,,,2,ineligible,loc < 25 (minimum length floor is 25)
45299721,abc240_a,data/external/ConDefects/Code/abc240_a/Python/45299721/faultyVersion.py,data/external/ConDefects/Code/abc240_a/Python/45299721/correctVersion.py,data/external/ConDefects/Test/abc240_a,4,3.14.3,True,,,4,ineligible,loc < 25 (minimum length floor is 25)
45439093,abc240_a,data/external/ConDefects/Code/abc240_a/Python/45439093/faultyVersion.py,data/external/ConDefects/Code/abc240_a/Python/45439093/correctVersion.py,data/external/ConDefects/Test/abc240_a,5,3.14.3,True,,,5,ineligible,loc < 25 (minimum length floor is 25)
45439558,abc240_a,data/external/ConDefects/Code/abc240_a/Python/45439558/faultyVersion.py,data/external/ConDefects/Code/abc240_a/Python/45439558/correctVersion.py,data/external/ConDefects/Test/abc240_a,6,3.14.3,True,,,6,ineligible,loc < 25 (minimum length floor is 25)
45456899,abc240_a,data/external/ConDefects/Code/abc240_a/Python/45456899/faultyVersion.py,data/external/ConDefects/Code/abc240_a/Python/45456899/correctVersion.py,data/external/ConDefects/Test/abc240_a,6,3.14.3,True,,,6,ineligible,loc < 25 (minimum length floor is 25)
45813906,abc240_a,data/external/ConDefects/Code/abc240_a/Python/45813906/faultyVersion.py,data/external/ConDefects/Code/abc240_a/Python/45813906/correctVersion.py,data/external/ConDefects/Test/abc240_a,5,3.14.3,True,,,5,ineligible,loc < 25 (minimum length floor is 25)
46212840,abc240_a,data/external/ConDefects/Code/abc240_a/Python/46212840/faultyVersion.py,data/external/ConDefects/Code/abc240_a/Python/46212840/correctVersion.py,data/external/ConDefects/Test/abc240_a,7,3.14.3,True,,,7,ineligible,loc < 25 (minimum length floor is 25)
45435904,abc240_d,data/external/ConDefects/Code/abc240_d/Python/45435904/faultyVersion.py,data/external/ConDefects/Code/abc240_d/Python/45435904/correctVersion.py,data/external/ConDefects/Test/abc240_d,20,3.14.3,True,,,20,ineligible,loc < 25 (minimum length floor is 25)
45982558,abc240_e,data/external/ConDefects/Code/abc240_e/Python/45982558/faultyVersion.py,data/external/ConDefects/Code/abc240_e/Python/45982558/correctVersion.py,data/external/ConDefects/Test/abc240_e,32,3.14.3,True,,,32,eligible,
35075785,abc240_g,data/external/ConDefects/Code/abc240_g/Python/35075785/faultyVersion.py,data/external/ConDefects/Code/abc240_g/Python/35075785/correctVersion.py,data/external/ConDefects/Test/abc240_g,36,3.14.3,True,,,36,eligible,
29809348,abc240_h,data/external/ConDefects/Code/abc240_h/Python/29809348/faultyVersion.py,data/external/ConDefects/Code/abc240_h/Python/29809348/correctVersion.py,data/external/ConDefects/Test/abc240_h,15,3.14.3,True,,,15,ineligible,loc < 25 (minimum length floor is 25)
46045206,abc241_a,data/external/ConDefects/Code/abc241_a/Python/46045206/faultyVersion.py,data/external/ConDefects/Code/abc241_a/Python/46045206/correctVersion.py,data/external/ConDefects/Test/abc241_a,2,3.14.3,True,,,2,ineligible,loc < 25 (minimum length floor is 25)
45708346,abc241_b,data/external/ConDefects/Code/abc241_b/Python/45708346/faultyVersion.py,data/external/ConDefects/Code/abc241_b/Python/45708346/correctVersion.py,data/external/ConDefects/Test/abc241_b,16,3.14.3,True,,,16,ineligible,loc < 25 (minimum length floor is 25)
45443856,abc241_c,data/external/ConDefects/Code/abc241_c/Python/45443856/faultyVersion.py,data/external/ConDefects/Code/abc241_c/Python/45443856/correctVersion.py,data/external/ConDefects/Test/abc241_c,24,3.14.3,True,,,24,ineligible,loc < 25 (minimum length floor is 25)
45284602,abc241_d,data/external/ConDefects/Code/abc241_d/Python/45284602/faultyVersion.py,data/external/ConDefects/Code/abc241_d/Python/45284602/correctVersion.py,data/external/ConDefects/Test/abc241_d,157,3.14.3,True,,,157,eligible,
45777353,abc241_d,data/external/ConDefects/Code/abc241_d/Python/45777353/faultyVersion.py,data/external/ConDefects/Code/abc241_d/Python/45777353/correctVersion.py,data/external/ConDefects/Test/abc241_d,159,3.14.3,True,,,159,eligible,
45806316,abc241_d,data/external/ConDefects/Code/abc241_d/Python/45806316/faultyVersion.py,data/external/ConDefects/Code/abc241_d/Python/45806316/correctVersion.py,data/external/ConDefects/Test/abc241_d,166,3.14.3,True,,,166,eligible,
45018675,abc241_e,data/external/ConDefects/Code/abc241_e/Python/45018675/faultyVersion.py,data/external/ConDefects/Code/abc241_e/Python/45018675/correctVersion.py,data/external/ConDefects/Test/abc241_e,31,3.14.3,True,,,31,eligible,
45450212,abc241_e,data/external/ConDefects/Code/abc241_e/Python/45450212/faultyVersion.py,data/external/ConDefects/Code/abc241_e/Python/45450212/correctVersion.py,data/external/ConDefects/Test/abc241_e,45,3.14.3,True,,,45,eligible,
46162583,abc241_e,data/external/ConDefects/Code/abc241_e/Python/46162583/faultyVersion.py,data/external/ConDefects/Code/abc241_e/Python/46162583/correctVersion.py,data/external/ConDefects/Test/abc241_e,43,3.14.3,True,,,43,eligible,
41657280,abc241_f,data/external/ConDefects/Code/abc241_f/Python/41657280/faultyVersion.py,data/external/ConDefects/Code/abc241_f/Python/41657280/correctVersion.py,data/external/ConDefects/Test/abc241_f,43,3.14.3,True,,,43,eligible,
51143333,abc241_f,data/external/ConDefects/Code/abc241_f/Python/51143333/faultyVersion.py,data/external/ConDefects/Code/abc241_f/Python/51143333/correctVersion.py,data/external/ConDefects/Test/abc241_f,533,3.14.3,True,,,533,ineligible,loc > 300 (maximum length ceiling is 300)
46189922,abc241_g,data/external/ConDefects/Code/abc241_g/Python/46189922/faultyVersion.py,data/external/ConDefects/Code/abc241_g/Python/46189922/correctVersion.py,data/external/ConDefects/Test/abc241_g,98,3.14.3,True,,,98,eligible,
44475619,abc242_a,data/external/ConDefects/Code/abc242_a/Python/44475619/faultyVersion.py,data/external/ConDefects/Code/abc242_a/Python/44475619/correctVersion.py,data/external/ConDefects/Test/abc242_a,16,3.14.3,True,,,16,ineligible,loc < 25 (minimum length floor is 25)
44877017,abc242_a,data/external/ConDefects/Code/abc242_a/Python/44877017/faultyVersion.py,data/external/ConDefects/Code/abc242_a/Python/44877017/correctVersion.py,data/external/ConDefects/Test/abc242_a,14,3.14.3,True,,,14,ineligible,loc < 25 (minimum length floor is 25)
45214716,abc242_a,data/external/ConDefects/Code/abc242_a/Python/45214716/faultyVersion.py,data/external/ConDefects/Code/abc242_a/Python/45214716/correctVersion.py,data/external/ConDefects/Test/abc242_a,7,3.14.3,True,,,7,ineligible,loc < 25 (minimum length floor is 25)
45438303,abc242_a,data/external/ConDefects/Code/abc242_a/Python/45438303/faultyVersion.py,data/external/ConDefects/Code/abc242_a/Python/45438303/correctVersion.py,data/external/ConDefects/Test/abc242_a,7,3.14.3,True,,,7,ineligible,loc < 25 (minimum length floor is 25)
45439791,abc242_a,data/external/ConDefects/Code/abc242_a/Python/45439791/faultyVersion.py,data/external/ConDefects/Code/abc242_a/Python/45439791/correctVersion.py,data/external/ConDefects/Test/abc242_a,9,3.14.3,True,,,9,ineligible,loc < 25 (minimum length floor is 25)
45690151,abc242_a,data/external/ConDefects/Code/abc242_a/Python/45690151/faultyVersion.py,data/external/ConDefects/Code/abc242_a/Python/45690151/correctVersion.py,data/external/ConDefects/Test/abc242_a,7,3.14.3,True,,,7,ineligible,loc < 25 (minimum length floor is 25)
45709103,abc242_a,data/external/ConDefects/Code/abc242_a/Python/45709103/faultyVersion.py,data/external/ConDefects/Code/abc242_a/Python/45709103/correctVersion.py,data/external/ConDefects/Test/abc242_a,7,3.14.3,True,,,7,ineligible,loc < 25 (minimum length floor is 25)
45767519,abc242_a,data/external/ConDefects/Code/abc242_a/Python/45767519/faultyVersion.py,data/external/ConDefects/Code/abc242_a/Python/45767519/correctVersion.py,data/external/ConDefects/Test/abc242_a,20,3.14.3,True,,,20,ineligible,loc < 25 (minimum length floor is 25)
45803292,abc242_b,data/external/ConDefects/Code/abc242_b/Python/45803292/faultyVersion.py,data/external/ConDefects/Code/abc242_b/Python/45803292/correctVersion.py,data/external/ConDefects/Test/abc242_b,8,3.14.3,True,,,8,ineligible,loc < 25 (minimum length floor is 25)
44896564,abc242_c,data/external/ConDefects/Code/abc242_c/Python/44896564/faultyVersion.py,data/external/ConDefects/Code/abc242_c/Python/44896564/correctVersion.py,data/external/ConDefects/Test/abc242_c,17,3.14.3,True,,,17,ineligible,loc < 25 (minimum length floor is 25)
45475697,abc242_c,data/external/ConDefects/Code/abc242_c/Python/45475697/faultyVersion.py,data/external/ConDefects/Code/abc242_c/Python/45475697/correctVersion.py,data/external/ConDefects/Test/abc242_c,15,3.14.3,True,,,15,ineligible,loc < 25 (minimum length floor is 25)
45458203,abc242_d,data/external/ConDefects/Code/abc242_d/Python/45458203/faultyVersion.py,data/external/ConDefects/Code/abc242_d/Python/45458203/correctVersion.py,data/external/ConDefects/Test/abc242_d,17,3.14.3,True,,,17,ineligible,loc < 25 (minimum length floor is 25)
45535167,abc242_e,data/external/ConDefects/Code/abc242_e/Python/45535167/faultyVersion.py,data/external/ConDefects/Code/abc242_e/Python/45535167/correctVersion.py,data/external/ConDefects/Test/abc242_e,33,3.14.3,True,,,33,eligible,
52939949,abc242_g,data/external/ConDefects/Code/abc242_g/Python/52939949/faultyVersion.py,data/external/ConDefects/Code/abc242_g/Python/52939949/correctVersion.py,data/external/ConDefects/Test/abc242_g,82,3.14.3,True,,,82,eligible,
44827583,abc243_b,data/external/ConDefects/Code/abc243_b/Python/44827583/faultyVersion.py,data/external/ConDefects/Code/abc243_b/Python/44827583/correctVersion.py,data/external/ConDefects/Test/abc243_b,18,3.14.3,True,,,18,ineligible,loc < 25 (minimum length floor is 25)
44922035,abc243_c,data/external/ConDefects/Code/abc243_c/Python/44922035/faultyVersion.py,data/external/ConDefects/Code/abc243_c/Python/44922035/correctVersion.py,data/external/ConDefects/Test/abc243_c,31,3.14.3,True,,,31,eligible,
45235100,abc243_c,data/external/ConDefects/Code/abc243_c/Python/45235100/faultyVersion.py,data/external/ConDefects/Code/abc243_c/Python/45235100/correctVersion.py,data/external/ConDefects/Test/abc243_c,29,3.14.3,True,,,29,ineligible,multi-line fault — excluded by v2 single-line filter
45244721,abc243_c,data/external/ConDefects/Code/abc243_c/Python/45244721/faultyVersion.py,data/external/ConDefects/Code/abc243_c/Python/45244721/correctVersion.py,data/external/ConDefects/Test/abc243_c,17,3.14.3,True,,,17,ineligible,loc < 25 (minimum length floor is 25)
45332491,abc243_c,data/external/ConDefects/Code/abc243_c/Python/45332491/faultyVersion.py,data/external/ConDefects/Code/abc243_c/Python/45332491/correctVersion.py,data/external/ConDefects/Test/abc243_c,20,3.14.3,True,,,20,ineligible,loc < 25 (minimum length floor is 25)
44607569,abc243_d,data/external/ConDefects/Code/abc243_d/Python/44607569/faultyVersion.py,data/external/ConDefects/Code/abc243_d/Python/44607569/correctVersion.py,data/external/ConDefects/Test/abc243_d,26,3.14.3,True,,,26,eligible,
45981948,abc243_d,data/external/ConDefects/Code/abc243_d/Python/45981948/faultyVersion.py,data/external/ConDefects/Code/abc243_d/Python/45981948/correctVersion.py,data/external/ConDefects/Test/abc243_d,35,3.14.3,True,,,35,eligible,
49785483,abc243_e,data/external/ConDefects/Code/abc243_e/Python/49785483/faultyVersion.py,data/external/ConDefects/Code/abc243_e/Python/49785483/correctVersion.py,data/external/ConDefects/Test/abc243_e,31,3.14.3,True,,,31,eligible,
52524531,abc243_e,data/external/ConDefects/Code/abc243_e/Python/52524531/faultyVersion.py,data/external/ConDefects/Code/abc243_e/Python/52524531/correctVersion.py,data/external/ConDefects/Test/abc243_e,217,3.14.3,True,,,217,eligible,
40101065,abc243_f,data/external/ConDefects/Code/abc243_f/Python/40101065/faultyVersion.py,data/external/ConDefects/Code/abc243_f/Python/40101065/correctVersion.py,data/external/ConDefects/Test/abc243_f,39,3.14.3,True,,,39,eligible,
30174663,abc243_h,data/external/ConDefects/Code/abc243_h/Python/30174663/faultyVersion.py,data/external/ConDefects/Code/abc243_h/Python/30174663/correctVersion.py,data/external/ConDefects/Test/abc243_h,227,3.14.3,True,,,227,eligible,
30771376,abc243_h,data/external/ConDefects/Code/abc243_h/Python/30771376/faultyVersion.py,data/external/ConDefects/Code/abc243_h/Python/30771376/correctVersion.py,data/external/ConDefects/Test/abc243_h,215,3.14.3,True,,,215,ineligible,multiple independent faults
45713633,abc244_b,data/external/ConDefects/Code/abc244_b/Python/45713633/faultyVersion.py,data/external/ConDefects/Code/abc244_b/Python/45713633/correctVersion.py,data/external/ConDefects/Test/abc244_b,34,3.14.3,True,,,34,eligible,
45056793,abc244_c,data/external/ConDefects/Code/abc244_c/Python/45056793/faultyVersion.py,data/external/ConDefects/Code/abc244_c/Python/45056793/correctVersion.py,data/external/ConDefects/Test/abc244_c,9,3.14.3,True,,,9,ineligible,loc < 25 (minimum length floor is 25)
45666072,abc244_c,data/external/ConDefects/Code/abc244_c/Python/45666072/faultyVersion.py,data/external/ConDefects/Code/abc244_c/Python/45666072/correctVersion.py,data/external/ConDefects/Test/abc244_c,9,3.14.3,True,,,9,ineligible,loc < 25 (minimum length floor is 25)
45762748,abc244_c,data/external/ConDefects/Code/abc244_c/Python/45762748/faultyVersion.py,data/external/ConDefects/Code/abc244_c/Python/45762748/correctVersion.py,data/external/ConDefects/Test/abc244_c,11,3.14.3,True,,,11,ineligible,loc < 25 (minimum length floor is 25)
44593613,abc244_d,data/external/ConDefects/Code/abc244_d/Python/44593613/faultyVersion.py,data/external/ConDefects/Code/abc244_d/Python/44593613/correctVersion.py,data/external/ConDefects/Test/abc244_d,77,3.14.3,True,,,77,eligible,
44600103,abc244_d,data/external/ConDefects/Code/abc244_d/Python/44600103/faultyVersion.py,data/external/ConDefects/Code/abc244_d/Python/44600103/correctVersion.py,data/external/ConDefects/Test/abc244_d,11,3.14.3,True,,,11,ineligible,loc < 25 (minimum length floor is 25)
45311340,abc244_d,data/external/ConDefects/Code/abc244_d/Python/45311340/faultyVersion.py,data/external/ConDefects/Code/abc244_d/Python/45311340/correctVersion.py,data/external/ConDefects/Test/abc244_d,7,3.14.3,True,,,7,ineligible,loc < 25 (minimum length floor is 25)
45508442,abc244_d,data/external/ConDefects/Code/abc244_d/Python/45508442/faultyVersion.py,data/external/ConDefects/Code/abc244_d/Python/45508442/correctVersion.py,data/external/ConDefects/Test/abc244_d,6,3.14.3,True,,,6,ineligible,loc < 25 (minimum length floor is 25)
45666207,abc244_d,data/external/ConDefects/Code/abc244_d/Python/45666207/faultyVersion.py,data/external/ConDefects/Code/abc244_d/Python/45666207/correctVersion.py,data/external/ConDefects/Test/abc244_d,12,3.14.3,True,,,12,ineligible,loc < 25 (minimum length floor is 25)
45792017,abc244_d,data/external/ConDefects/Code/abc244_d/Python/45792017/faultyVersion.py,data/external/ConDefects/Code/abc244_d/Python/45792017/correctVersion.py,data/external/ConDefects/Test/abc244_d,13,3.14.3,True,,,13,ineligible,loc < 25 (minimum length floor is 25)
46207866,abc244_d,data/external/ConDefects/Code/abc244_d/Python/46207866/faultyVersion.py,data/external/ConDefects/Code/abc244_d/Python/46207866/correctVersion.py,data/external/ConDefects/Test/abc244_d,10,3.14.3,True,,,10,ineligible,loc < 25 (minimum length floor is 25)
46208474,abc244_d,data/external/ConDefects/Code/abc244_d/Python/46208474/faultyVersion.py,data/external/ConDefects/Code/abc244_d/Python/46208474/correctVersion.py,data/external/ConDefects/Test/abc244_d,7,3.14.3,True,,,7,ineligible,loc < 25 (minimum length floor is 25)
45970204,abc244_e,data/external/ConDefects/Code/abc244_e/Python/45970204/faultyVersion.py,data/external/ConDefects/Code/abc244_e/Python/45970204/correctVersion.py,data/external/ConDefects/Test/abc244_e,21,3.14.3,True,,,21,ineligible,loc < 25 (minimum length floor is 25)
32985131,abc244_g,data/external/ConDefects/Code/abc244_g/Python/32985131/faultyVersion.py,data/external/ConDefects/Code/abc244_g/Python/32985131/correctVersion.py,data/external/ConDefects/Test/abc244_g,55,3.14.3,True,,,55,eligible,
45115746,abc245_a,data/external/ConDefects/Code/abc245_a/Python/45115746/faultyVersion.py,data/external/ConDefects/Code/abc245_a/Python/45115746/correctVersion.py,data/external/ConDefects/Test/abc245_a,10,3.14.3,True,,,10,ineligible,loc < 25 (minimum length floor is 25)
45264085,abc245_a,data/external/ConDefects/Code/abc245_a/Python/45264085/faultyVersion.py,data/external/ConDefects/Code/abc245_a/Python/45264085/correctVersion.py,data/external/ConDefects/Test/abc245_a,2,3.14.3,True,,,2,ineligible,loc < 25 (minimum length floor is 25)
45497244,abc245_b,data/external/ConDefects/Code/abc245_b/Python/45497244/faultyVersion.py,data/external/ConDefects/Code/abc245_b/Python/45497244/correctVersion.py,data/external/ConDefects/Test/abc245_b,8,3.14.3,True,,,8,ineligible,loc < 25 (minimum length floor is 25)
45513233,abc245_b,data/external/ConDefects/Code/abc245_b/Python/45513233/faultyVersion.py,data/external/ConDefects/Code/abc245_b/Python/45513233/correctVersion.py,data/external/ConDefects/Test/abc245_b,7,3.14.3,True,,,7,ineligible,loc < 25 (minimum length floor is 25)
45550937,abc245_b,data/external/ConDefects/Code/abc245_b/Python/45550937/faultyVersion.py,data/external/ConDefects/Code/abc245_b/Python/45550937/correctVersion.py,data/external/ConDefects/Test/abc245_b,7,3.14.3,True,,,7,ineligible,loc < 25 (minimum length floor is 25)
52210355,abc245_d,data/external/ConDefects/Code/abc245_d/Python/52210355/faultyVersion.py,data/external/ConDefects/Code/abc245_d/Python/52210355/correctVersion.py,data/external/ConDefects/Test/abc245_d,25,3.14.3,True,,,25,eligible,
45539466,abc245_e,data/external/ConDefects/Code/abc245_e/Python/45539466/faultyVersion.py,data/external/ConDefects/Code/abc245_e/Python/45539466/correctVersion.py,data/external/ConDefects/Test/abc245_e,361,3.14.3,True,,,361,ineligible,loc > 300 (maximum length ceiling is 300)
45811431,abc245_f,data/external/ConDefects/Code/abc245_f/Python/45811431/faultyVersion.py,data/external/ConDefects/Code/abc245_f/Python/45811431/correctVersion.py,data/external/ConDefects/Test/abc245_f,25,3.14.3,True,,,25,eligible,
49870441,abc245_g,data/external/ConDefects/Code/abc245_g/Python/49870441/faultyVersion.py,data/external/ConDefects/Code/abc245_g/Python/49870441/correctVersion.py,data/external/ConDefects/Test/abc245_g,65,3.14.3,True,,,65,ineligible,multiple independent faults
51453180,abc245_g,data/external/ConDefects/Code/abc245_g/Python/51453180/faultyVersion.py,data/external/ConDefects/Code/abc245_g/Python/51453180/correctVersion.py,data/external/ConDefects/Test/abc245_g,60,3.14.3,True,,,60,eligible,
30480849,abc245_h,data/external/ConDefects/Code/abc245_h/Python/30480849/faultyVersion.py,data/external/ConDefects/Code/abc245_h/Python/30480849/correctVersion.py,data/external/ConDefects/Test/abc245_h,128,3.14.3,True,,,128,eligible,
30483110,abc245_h,data/external/ConDefects/Code/abc245_h/Python/30483110/faultyVersion.py,data/external/ConDefects/Code/abc245_h/Python/30483110/correctVersion.py,data/external/ConDefects/Test/abc245_h,507,3.14.3,True,,,507,ineligible,loc > 300 (maximum length ceiling is 300)
30541714,abc245_h,data/external/ConDefects/Code/abc245_h/Python/30541714/faultyVersion.py,data/external/ConDefects/Code/abc245_h/Python/30541714/correctVersion.py,data/external/ConDefects/Test/abc245_h,64,3.14.3,True,,,64,ineligible,multi-line fault — excluded by v2 single-line filter
45745121,abc246_a,data/external/ConDefects/Code/abc246_a/Python/45745121/faultyVersion.py,data/external/ConDefects/Code/abc246_a/Python/45745121/correctVersion.py,data/external/ConDefects/Test/abc246_a,15,3.14.3,True,,,15,ineligible,loc < 25 (minimum length floor is 25)
45039073,abc246_d,data/external/ConDefects/Code/abc246_d/Python/45039073/faultyVersion.py,data/external/ConDefects/Code/abc246_d/Python/45039073/correctVersion.py,data/external/ConDefects/Test/abc246_d,18,3.14.3,True,,,18,ineligible,loc < 25 (minimum length floor is 25)
45067622,abc246_d,data/external/ConDefects/Code/abc246_d/Python/45067622/faultyVersion.py,data/external/ConDefects/Code/abc246_d/Python/45067622/correctVersion.py,data/external/ConDefects/Test/abc246_d,17,3.14.3,True,,,17,ineligible,loc < 25 (minimum length floor is 25)
45450422,abc246_d,data/external/ConDefects/Code/abc246_d/Python/45450422/faultyVersion.py,data/external/ConDefects/Code/abc246_d/Python/45450422/correctVersion.py,data/external/ConDefects/Test/abc246_d,27,3.14.3,True,,,27,ineligible,multi-line fault — excluded by v2 single-line filter
45469208,abc246_d,data/external/ConDefects/Code/abc246_d/Python/45469208/faultyVersion.py,data/external/ConDefects/Code/abc246_d/Python/45469208/correctVersion.py,data/external/ConDefects/Test/abc246_d,18,3.14.3,True,,,18,ineligible,loc < 25 (minimum length floor is 25)
45753152,abc246_d,data/external/ConDefects/Code/abc246_d/Python/45753152/faultyVersion.py,data/external/ConDefects/Code/abc246_d/Python/45753152/correctVersion.py,data/external/ConDefects/Test/abc246_d,29,3.14.3,True,,,29,eligible,
45780372,abc246_d,data/external/ConDefects/Code/abc246_d/Python/45780372/faultyVersion.py,data/external/ConDefects/Code/abc246_d/Python/45780372/correctVersion.py,data/external/ConDefects/Test/abc246_d,28,3.14.3,True,,,28,eligible,
45897602,abc246_d,data/external/ConDefects/Code/abc246_d/Python/45897602/faultyVersion.py,data/external/ConDefects/Code/abc246_d/Python/45897602/correctVersion.py,data/external/ConDefects/Test/abc246_d,24,3.14.3,True,,,24,ineligible,loc < 25 (minimum length floor is 25)
45083106,abc246_e,data/external/ConDefects/Code/abc246_e/Python/45083106/faultyVersion.py,data/external/ConDefects/Code/abc246_e/Python/45083106/correctVersion.py,data/external/ConDefects/Test/abc246_e,43,3.14.3,True,,,43,eligible,
45269631,abc246_e,data/external/ConDefects/Code/abc246_e/Python/45269631/faultyVersion.py,data/external/ConDefects/Code/abc246_e/Python/45269631/correctVersion.py,data/external/ConDefects/Test/abc246_e,39,3.14.3,True,,,39,eligible,
45553928,abc246_e,data/external/ConDefects/Code/abc246_e/Python/45553928/faultyVersion.py,data/external/ConDefects/Code/abc246_e/Python/45553928/correctVersion.py,data/external/ConDefects/Test/abc246_e,36,3.14.3,True,,,36,eligible,
45962991,abc246_e,data/external/ConDefects/Code/abc246_e/Python/45962991/faultyVersion.py,data/external/ConDefects/Code/abc246_e/Python/45962991/correctVersion.py,data/external/ConDefects/Test/abc246_e,41,3.14.3,True,,,41,ineligible,multiple independent faults
31385030,abc246_g,data/external/ConDefects/Code/abc246_g/Python/31385030/faultyVersion.py,data/external/ConDefects/Code/abc246_g/Python/31385030/correctVersion.py,data/external/ConDefects/Test/abc246_g,59,3.14.3,True,,,59,ineligible,multi-line fault — excluded by v2 single-line filter
32131546,abc246_g,data/external/ConDefects/Code/abc246_g/Python/32131546/faultyVersion.py,data/external/ConDefects/Code/abc246_g/Python/32131546/correctVersion.py,data/external/ConDefects/Test/abc246_g,51,3.14.3,True,,,51,eligible,
33284569,abc246_g,data/external/ConDefects/Code/abc246_g/Python/33284569/faultyVersion.py,data/external/ConDefects/Code/abc246_g/Python/33284569/correctVersion.py,data/external/ConDefects/Test/abc246_g,58,3.14.3,True,,,58,eligible,
33722514,abc246_g,data/external/ConDefects/Code/abc246_g/Python/33722514/faultyVersion.py,data/external/ConDefects/Code/abc246_g/Python/33722514/correctVersion.py,data/external/ConDefects/Test/abc246_g,801,3.14.3,True,,,801,ineligible,loc > 300 (maximum length ceiling is 300)
41873287,abc246_g,data/external/ConDefects/Code/abc246_g/Python/41873287/faultyVersion.py,data/external/ConDefects/Code/abc246_g/Python/41873287/correctVersion.py,data/external/ConDefects/Test/abc246_g,49,3.14.3,True,,,49,ineligible,multiple independent faults
49874325,abc246_g,data/external/ConDefects/Code/abc246_g/Python/49874325/faultyVersion.py,data/external/ConDefects/Code/abc246_g/Python/49874325/correctVersion.py,data/external/ConDefects/Test/abc246_g,50,3.14.3,True,,,50,eligible,
45954130,abc247_a,data/external/ConDefects/Code/abc247_a/Python/45954130/faultyVersion.py,data/external/ConDefects/Code/abc247_a/Python/45954130/correctVersion.py,data/external/ConDefects/Test/abc247_a,6,3.14.3,True,,,6,ineligible,loc < 25 (minimum length floor is 25)
45068335,abc247_b,data/external/ConDefects/Code/abc247_b/Python/45068335/faultyVersion.py,data/external/ConDefects/Code/abc247_b/Python/45068335/correctVersion.py,data/external/ConDefects/Test/abc247_b,27,3.14.3,True,,,27,ineligible,multi-line fault — excluded by v2 single-line filter
46048925,abc247_b,data/external/ConDefects/Code/abc247_b/Python/46048925/faultyVersion.py,data/external/ConDefects/Code/abc247_b/Python/46048925/correctVersion.py,data/external/ConDefects/Test/abc247_b,13,3.14.3,True,,,13,ineligible,loc < 25 (minimum length floor is 25)
46174870,abc247_b,data/external/ConDefects/Code/abc247_b/Python/46174870/faultyVersion.py,data/external/ConDefects/Code/abc247_b/Python/46174870/correctVersion.py,data/external/ConDefects/Test/abc247_b,16,3.14.3,True,,,16,ineligible,loc < 25 (minimum length floor is 25)
46187946,abc247_b,data/external/ConDefects/Code/abc247_b/Python/46187946/faultyVersion.py,data/external/ConDefects/Code/abc247_b/Python/46187946/correctVersion.py,data/external/ConDefects/Test/abc247_b,48,3.14.3,True,,,48,ineligible,multi-line fault — excluded by v2 single-line filter
46225194,abc247_b,data/external/ConDefects/Code/abc247_b/Python/46225194/faultyVersion.py,data/external/ConDefects/Code/abc247_b/Python/46225194/correctVersion.py,data/external/ConDefects/Test/abc247_b,26,3.14.3,True,,,26,ineligible,multi-line fault — excluded by v2 single-line filter
45240043,abc247_c,data/external/ConDefects/Code/abc247_c/Python/45240043/faultyVersion.py,data/external/ConDefects/Code/abc247_c/Python/45240043/correctVersion.py,data/external/ConDefects/Test/abc247_c,7,3.14.3,True,,,7,ineligible,loc < 25 (minimum length floor is 25)
45710087,abc247_c,data/external/ConDefects/Code/abc247_c/Python/45710087/faultyVersion.py,data/external/ConDefects/Code/abc247_c/Python/45710087/correctVersion.py,data/external/ConDefects/Test/abc247_c,8,3.14.3,True,,,8,ineligible,loc < 25 (minimum length floor is 25)
46165455,abc247_d,data/external/ConDefects/Code/abc247_d/Python/46165455/faultyVersion.py,data/external/ConDefects/Code/abc247_d/Python/46165455/correctVersion.py,data/external/ConDefects/Test/abc247_d,59,3.14.3,True,,,59,eligible,
45003873,abc247_e,data/external/ConDefects/Code/abc247_e/Python/45003873/faultyVersion.py,data/external/ConDefects/Code/abc247_e/Python/45003873/correctVersion.py,data/external/ConDefects/Test/abc247_e,38,3.14.3,True,,,38,eligible,
45540952,abc247_e,data/external/ConDefects/Code/abc247_e/Python/45540952/faultyVersion.py,data/external/ConDefects/Code/abc247_e/Python/45540952/correctVersion.py,data/external/ConDefects/Test/abc247_e,24,3.14.3,True,,,24,ineligible,loc < 25 (minimum length floor is 25)
49035803,abc247_f,data/external/ConDefects/Code/abc247_f/Python/49035803/faultyVersion.py,data/external/ConDefects/Code/abc247_f/Python/49035803/correctVersion.py,data/external/ConDefects/Test/abc247_f,44,3.14.3,True,,,44,eligible,
52972964,abc247_f,data/external/ConDefects/Code/abc247_f/Python/52972964/faultyVersion.py,data/external/ConDefects/Code/abc247_f/Python/52972964/correctVersion.py,data/external/ConDefects/Test/abc247_f,84,3.14.3,True,,,84,eligible,
55036523,abc247_f,data/external/ConDefects/Code/abc247_f/Python/55036523/faultyVersion.py,data/external/ConDefects/Code/abc247_f/Python/55036523/correctVersion.py,data/external/ConDefects/Test/abc247_f,47,3.14.3,True,,,47,eligible,
39496981,abc247_g,data/external/ConDefects/Code/abc247_g/Python/39496981/faultyVersion.py,data/external/ConDefects/Code/abc247_g/Python/39496981/correctVersion.py,data/external/ConDefects/Test/abc247_g,105,3.14.3,True,,,105,eligible,
30891102,abc247_h,data/external/ConDefects/Code/abc247_h/Python/30891102/faultyVersion.py,data/external/ConDefects/Code/abc247_h/Python/30891102/correctVersion.py,data/external/ConDefects/Test/abc247_h,165,3.14.3,True,,,165,eligible,
45470045,abc248_a,data/external/ConDefects/Code/abc248_a/Python/45470045/faultyVersion.py,data/external/ConDefects/Code/abc248_a/Python/45470045/correctVersion.py,data/external/ConDefects/Test/abc248_a,8,3.14.3,True,,,8,ineligible,loc < 25 (minimum length floor is 25)
45497568,abc248_a,data/external/ConDefects/Code/abc248_a/Python/45497568/faultyVersion.py,data/external/ConDefects/Code/abc248_a/Python/45497568/correctVersion.py,data/external/ConDefects/Test/abc248_a,7,3.14.3,True,,,7,ineligible,loc < 25 (minimum length floor is 25)
45110543,abc248_c,data/external/ConDefects/Code/abc248_c/Python/45110543/faultyVersion.py,data/external/ConDefects/Code/abc248_c/Python/45110543/correctVersion.py,data/external/ConDefects/Test/abc248_c,13,3.14.3,True,,,13,ineligible,loc < 25 (minimum length floor is 25)
45297242,abc248_d,data/external/ConDefects/Code/abc248_d/Python/45297242/faultyVersion.py,data/external/ConDefects/Code/abc248_d/Python/45297242/correctVersion.py,data/external/ConDefects/Test/abc248_d,14,3.14.3,True,,,14,ineligible,loc < 25 (minimum length floor is 25)
45763368,abc248_d,data/external/ConDefects/Code/abc248_d/Python/45763368/faultyVersion.py,data/external/ConDefects/Code/abc248_d/Python/45763368/correctVersion.py,data/external/ConDefects/Test/abc248_d,15,3.14.3,True,,,15,ineligible,loc < 25 (minimum length floor is 25)
45983434,abc248_d,data/external/ConDefects/Code/abc248_d/Python/45983434/faultyVersion.py,data/external/ConDefects/Code/abc248_d/Python/45983434/correctVersion.py,data/external/ConDefects/Test/abc248_d,33,3.14.3,True,,,33,eligible,
45230444,abc248_e,data/external/ConDefects/Code/abc248_e/Python/45230444/faultyVersion.py,data/external/ConDefects/Code/abc248_e/Python/45230444/correctVersion.py,data/external/ConDefects/Test/abc248_e,38,3.14.3,True,,,38,eligible,
45802660,abc248_e,data/external/ConDefects/Code/abc248_e/Python/45802660/faultyVersion.py,data/external/ConDefects/Code/abc248_e/Python/45802660/correctVersion.py,data/external/ConDefects/Test/abc248_e,37,3.14.3,True,,,37,eligible,
53199737,abc248_f,data/external/ConDefects/Code/abc248_f/Python/53199737/faultyVersion.py,data/external/ConDefects/Code/abc248_f/Python/53199737/correctVersion.py,data/external/ConDefects/Test/abc248_f,16,3.14.3,True,,,16,ineligible,loc < 25 (minimum length floor is 25)
44441991,abc249_a,data/external/ConDefects/Code/abc249_a/Python/44441991/faultyVersion.py,data/external/ConDefects/Code/abc249_a/Python/44441991/correctVersion.py,data/external/ConDefects/Test/abc249_a,13,3.14.3,True,,,13,ineligible,loc < 25 (minimum length floor is 25)
45104462,abc249_a,data/external/ConDefects/Code/abc249_a/Python/45104462/faultyVersion.py,data/external/ConDefects/Code/abc249_a/Python/45104462/correctVersion.py,data/external/ConDefects/Test/abc249_a,61,3.14.3,True,,,61,eligible,
45229228,abc249_a,data/external/ConDefects/Code/abc249_a/Python/45229228/faultyVersion.py,data/external/ConDefects/Code/abc249_a/Python/45229228/correctVersion.py,data/external/ConDefects/Test/abc249_a,9,3.14.3,True,,,9,ineligible,loc < 25 (minimum length floor is 25)
45778141,abc249_a,data/external/ConDefects/Code/abc249_a/Python/45778141/faultyVersion.py,data/external/ConDefects/Code/abc249_a/Python/45778141/correctVersion.py,data/external/ConDefects/Test/abc249_a,19,3.14.3,True,,,19,ineligible,loc < 25 (minimum length floor is 25)
45037515,abc249_b,data/external/ConDefects/Code/abc249_b/Python/45037515/faultyVersion.py,data/external/ConDefects/Code/abc249_b/Python/45037515/correctVersion.py,data/external/ConDefects/Test/abc249_b,5,3.14.3,True,,,5,ineligible,loc < 25 (minimum length floor is 25)
45657791,abc249_b,data/external/ConDefects/Code/abc249_b/Python/45657791/faultyVersion.py,data/external/ConDefects/Code/abc249_b/Python/45657791/correctVersion.py,data/external/ConDefects/Test/abc249_b,20,3.14.3,True,,,20,ineligible,loc < 25 (minimum length floor is 25)
44911089,abc249_c,data/external/ConDefects/Code/abc249_c/Python/44911089/faultyVersion.py,data/external/ConDefects/Code/abc249_c/Python/44911089/correctVersion.py,data/external/ConDefects/Test/abc249_c,21,3.14.3,True,,,21,ineligible,loc < 25 (minimum length floor is 25)
45110623,abc249_c,data/external/ConDefects/Code/abc249_c/Python/45110623/faultyVersion.py,data/external/ConDefects/Code/abc249_c/Python/45110623/correctVersion.py,data/external/ConDefects/Test/abc249_c,11,3.14.3,True,,,11,ineligible,loc < 25 (minimum length floor is 25)
44452633,abc249_d,data/external/ConDefects/Code/abc249_d/Python/44452633/faultyVersion.py,data/external/ConDefects/Code/abc249_d/Python/44452633/correctVersion.py,data/external/ConDefects/Test/abc249_d,21,3.14.3,True,,,21,ineligible,loc < 25 (minimum length floor is 25)
47998431,abc249_e,data/external/ConDefects/Code/abc249_e/Python/47998431/faultyVersion.py,data/external/ConDefects/Code/abc249_e/Python/47998431/correctVersion.py,data/external/ConDefects/Test/abc249_e,14,3.14.3,True,,,14,ineligible,loc < 25 (minimum length floor is 25)
51504381,abc249_e,data/external/ConDefects/Code/abc249_e/Python/51504381/faultyVersion.py,data/external/ConDefects/Code/abc249_e/Python/51504381/correctVersion.py,data/external/ConDefects/Test/abc249_e,32,3.14.3,True,,,32,eligible,
45465070,abc249_f,data/external/ConDefects/Code/abc249_f/Python/45465070/faultyVersion.py,data/external/ConDefects/Code/abc249_f/Python/45465070/correctVersion.py,data/external/ConDefects/Test/abc249_f,58,3.14.3,True,,,58,eligible,
54768832,abc250_a,data/external/ConDefects/Code/abc250_a/Python/54768832/faultyVersion.py,data/external/ConDefects/Code/abc250_a/Python/54768832/correctVersion.py,data/external/ConDefects/Test/abc250_a,12,3.14.3,True,,,12,ineligible,loc < 25 (minimum length floor is 25)
45692958,abc250_b,data/external/ConDefects/Code/abc250_b/Python/45692958/faultyVersion.py,data/external/ConDefects/Code/abc250_b/Python/45692958/correctVersion.py,data/external/ConDefects/Test/abc250_b,11,3.14.3,True,,,11,ineligible,loc < 25 (minimum length floor is 25)
44862385,abc250_c,data/external/ConDefects/Code/abc250_c/Python/44862385/faultyVersion.py,data/external/ConDefects/Code/abc250_c/Python/44862385/correctVersion.py,data/external/ConDefects/Test/abc250_c,22,3.14.3,True,,,22,ineligible,loc < 25 (minimum length floor is 25)
44890242,abc250_c,data/external/ConDefects/Code/abc250_c/Python/44890242/faultyVersion.py,data/external/ConDefects/Code/abc250_c/Python/44890242/correctVersion.py,data/external/ConDefects/Test/abc250_c,16,3.14.3,True,,,16,ineligible,loc < 25 (minimum length floor is 25)
44899033,abc250_c,data/external/ConDefects/Code/abc250_c/Python/44899033/faultyVersion.py,data/external/ConDefects/Code/abc250_c/Python/44899033/correctVersion.py,data/external/ConDefects/Test/abc250_c,23,3.14.3,True,,,23,ineligible,loc < 25 (minimum length floor is 25)
45205318,abc250_c,data/external/ConDefects/Code/abc250_c/Python/45205318/faultyVersion.py,data/external/ConDefects/Code/abc250_c/Python/45205318/correctVersion.py,data/external/ConDefects/Test/abc250_c,40,3.14.3,True,,,40,eligible,
44996552,abc250_d,data/external/ConDefects/Code/abc250_d/Python/44996552/faultyVersion.py,data/external/ConDefects/Code/abc250_d/Python/44996552/correctVersion.py,data/external/ConDefects/Test/abc250_d,28,3.14.3,True,,,28,eligible,
45025075,abc250_d,data/external/ConDefects/Code/abc250_d/Python/45025075/faultyVersion.py,data/external/ConDefects/Code/abc250_d/Python/45025075/correctVersion.py,data/external/ConDefects/Test/abc250_d,32,3.14.3,True,,,32,ineligible,multiple independent faults
45700046,abc250_d,data/external/ConDefects/Code/abc250_d/Python/45700046/faultyVersion.py,data/external/ConDefects/Code/abc250_d/Python/45700046/correctVersion.py,data/external/ConDefects/Test/abc250_d,52,3.14.3,True,,,52,eligible,
45811839,abc250_d,data/external/ConDefects/Code/abc250_d/Python/45811839/faultyVersion.py,data/external/ConDefects/Code/abc250_d/Python/45811839/correctVersion.py,data/external/ConDefects/Test/abc250_d,44,3.14.3,True,,,44,eligible,
44674065,abc250_e,data/external/ConDefects/Code/abc250_e/Python/44674065/faultyVersion.py,data/external/ConDefects/Code/abc250_e/Python/44674065/correctVersion.py,data/external/ConDefects/Test/abc250_e,53,3.14.3,True,,,53,eligible,
46017900,abc250_e,data/external/ConDefects/Code/abc250_e/Python/46017900/faultyVersion.py,data/external/ConDefects/Code/abc250_e/Python/46017900/correctVersion.py,data/external/ConDefects/Test/abc250_e,67,3.14.3,True,,,67,eligible,
31608048,abc250_g,data/external/ConDefects/Code/abc250_g/Python/31608048/faultyVersion.py,data/external/ConDefects/Code/abc250_g/Python/31608048/correctVersion.py,data/external/ConDefects/Test/abc250_g,33,3.14.3,True,,,33,eligible,
36759156,abc250_g,data/external/ConDefects/Code/abc250_g/Python/36759156/faultyVersion.py,data/external/ConDefects/Code/abc250_g/Python/36759156/correctVersion.py,data/external/ConDefects/Test/abc250_g,12,3.14.3,True,,,12,ineligible,loc < 25 (minimum length floor is 25)
51402169,abc250_g,data/external/ConDefects/Code/abc250_g/Python/51402169/faultyVersion.py,data/external/ConDefects/Code/abc250_g/Python/51402169/correctVersion.py,data/external/ConDefects/Test/abc250_g,183,3.14.3,True,,,183,ineligible,multiple independent faults
31555605,abc250_h,data/external/ConDefects/Code/abc250_h/Python/31555605/faultyVersion.py,data/external/ConDefects/Code/abc250_h/Python/31555605/correctVersion.py,data/external/ConDefects/Test/abc250_h,104,3.14.3,True,,,104,ineligible,multi-line fault — excluded by v2 single-line filter
44626841,abc251_a,data/external/ConDefects/Code/abc251_a/Python/44626841/faultyVersion.py,data/external/ConDefects/Code/abc251_a/Python/44626841/correctVersion.py,data/external/ConDefects/Test/abc251_a,8,3.14.3,True,,,8,ineligible,loc < 25 (minimum length floor is 25)
45011950,abc251_a,data/external/ConDefects/Code/abc251_a/Python/45011950/faultyVersion.py,data/external/ConDefects/Code/abc251_a/Python/45011950/correctVersion.py,data/external/ConDefects/Test/abc251_a,6,3.14.3,True,,,6,ineligible,loc < 25 (minimum length floor is 25)
44443990,abc251_b,data/external/ConDefects/Code/abc251_b/Python/44443990/faultyVersion.py,data/external/ConDefects/Code/abc251_b/Python/44443990/correctVersion.py,data/external/ConDefects/Test/abc251_b,25,3.14.3,True,,,25,eligible,
44546670,abc251_b,data/external/ConDefects/Code/abc251_b/Python/44546670/faultyVersion.py,data/external/ConDefects/Code/abc251_b/Python/44546670/correctVersion.py,data/external/ConDefects/Test/abc251_b,26,3.14.3,True,,,26,ineligible,multiple independent faults
45515530,abc251_b,data/external/ConDefects/Code/abc251_b/Python/45515530/faultyVersion.py,data/external/ConDefects/Code/abc251_b/Python/45515530/correctVersion.py,data/external/ConDefects/Test/abc251_b,30,3.14.3,True,,,30,eligible,
45950112,abc251_b,data/external/ConDefects/Code/abc251_b/Python/45950112/faultyVersion.py,data/external/ConDefects/Code/abc251_b/Python/45950112/correctVersion.py,data/external/ConDefects/Test/abc251_b,15,3.14.3,True,,,15,ineligible,loc < 25 (minimum length floor is 25)
46014786,abc251_b,data/external/ConDefects/Code/abc251_b/Python/46014786/faultyVersion.py,data/external/ConDefects/Code/abc251_b/Python/46014786/correctVersion.py,data/external/ConDefects/Test/abc251_b,10,3.14.3,True,,,10,ineligible,loc < 25 (minimum length floor is 25)
44644261,abc251_c,data/external/ConDefects/Code/abc251_c/Python/44644261/faultyVersion.py,data/external/ConDefects/Code/abc251_c/Python/44644261/correctVersion.py,data/external/ConDefects/Test/abc251_c,18,3.14.3,True,,,18,ineligible,loc < 25 (minimum length floor is 25)
44691668,abc251_d,data/external/ConDefects/Code/abc251_d/Python/44691668/faultyVersion.py,data/external/ConDefects/Code/abc251_d/Python/44691668/correctVersion.py,data/external/ConDefects/Test/abc251_d,4,3.14.3,True,,,4,ineligible,loc < 25 (minimum length floor is 25)
44700899,abc251_d,data/external/ConDefects/Code/abc251_d/Python/44700899/faultyVersion.py,data/external/ConDefects/Code/abc251_d/Python/44700899/correctVersion.py,data/external/ConDefects/Test/abc251_d,14,3.14.3,True,,,14,ineligible,loc < 25 (minimum length floor is 25)
45210558,abc251_d,data/external/ConDefects/Code/abc251_d/Python/45210558/faultyVersion.py,data/external/ConDefects/Code/abc251_d/Python/45210558/correctVersion.py,data/external/ConDefects/Test/abc251_d,33,3.14.3,True,,,33,eligible,
46009389,abc251_d,data/external/ConDefects/Code/abc251_d/Python/46009389/faultyVersion.py,data/external/ConDefects/Code/abc251_d/Python/46009389/correctVersion.py,data/external/ConDefects/Test/abc251_d,20,3.14.3,True,,,20,ineligible,loc < 25 (minimum length floor is 25)
45556624,abc251_e,data/external/ConDefects/Code/abc251_e/Python/45556624/faultyVersion.py,data/external/ConDefects/Code/abc251_e/Python/45556624/correctVersion.py,data/external/ConDefects/Test/abc251_e,29,3.14.3,True,,,29,eligible,
45699667,abc251_e,data/external/ConDefects/Code/abc251_e/Python/45699667/faultyVersion.py,data/external/ConDefects/Code/abc251_e/Python/45699667/correctVersion.py,data/external/ConDefects/Test/abc251_e,359,3.14.3,True,,,359,ineligible,loc > 300 (maximum length ceiling is 300)
47833391,abc251_f,data/external/ConDefects/Code/abc251_f/Python/47833391/faultyVersion.py,data/external/ConDefects/Code/abc251_f/Python/47833391/correctVersion.py,data/external/ConDefects/Test/abc251_f,65,3.14.3,True,,,65,ineligible,multi-line fault — excluded by v2 single-line filter
31752648,abc251_g,data/external/ConDefects/Code/abc251_g/Python/31752648/faultyVersion.py,data/external/ConDefects/Code/abc251_g/Python/31752648/correctVersion.py,data/external/ConDefects/Test/abc251_g,33,3.14.3,True,,,33,eligible,
31757947,abc251_g,data/external/ConDefects/Code/abc251_g/Python/31757947/faultyVersion.py,data/external/ConDefects/Code/abc251_g/Python/31757947/correctVersion.py,data/external/ConDefects/Test/abc251_g,21,3.14.3,True,,,21,ineligible,loc < 25 (minimum length floor is 25)
40927285,abc251_g,data/external/ConDefects/Code/abc251_g/Python/40927285/faultyVersion.py,data/external/ConDefects/Code/abc251_g/Python/40927285/correctVersion.py,data/external/ConDefects/Test/abc251_g,36,3.14.3,True,,,36,eligible,
46368168,abc251_g,data/external/ConDefects/Code/abc251_g/Python/46368168/faultyVersion.py,data/external/ConDefects/Code/abc251_g/Python/46368168/correctVersion.py,data/external/ConDefects/Test/abc251_g,30,3.14.3,True,,,30,eligible,
31690776,abc251_h,data/external/ConDefects/Code/abc251_h/Python/31690776/faultyVersion.py,data/external/ConDefects/Code/abc251_h/Python/31690776/correctVersion.py,data/external/ConDefects/Test/abc251_h,50,3.14.3,True,,,50,ineligible,multiple independent faults
45686937,abc252_a,data/external/ConDefects/Code/abc252_a/Python/45686937/faultyVersion.py,data/external/ConDefects/Code/abc252_a/Python/45686937/correctVersion.py,data/external/ConDefects/Test/abc252_a,2,3.14.3,True,,,2,ineligible,loc < 25 (minimum length floor is 25)
45103207,abc252_b,data/external/ConDefects/Code/abc252_b/Python/45103207/faultyVersion.py,data/external/ConDefects/Code/abc252_b/Python/45103207/correctVersion.py,data/external/ConDefects/Test/abc252_b,15,3.14.3,True,,,15,ineligible,loc < 25 (minimum length floor is 25)
45243368,abc252_b,data/external/ConDefects/Code/abc252_b/Python/45243368/faultyVersion.py,data/external/ConDefects/Code/abc252_b/Python/45243368/correctVersion.py,data/external/ConDefects/Test/abc252_b,35,3.14.3,True,,,35,eligible,
45002861,abc252_c,data/external/ConDefects/Code/abc252_c/Python/45002861/faultyVersion.py,data/external/ConDefects/Code/abc252_c/Python/45002861/correctVersion.py,data/external/ConDefects/Test/abc252_c,13,3.14.3,True,,,13,ineligible,loc < 25 (minimum length floor is 25)
46168111,abc252_c,data/external/ConDefects/Code/abc252_c/Python/46168111/faultyVersion.py,data/external/ConDefects/Code/abc252_c/Python/46168111/correctVersion.py,data/external/ConDefects/Test/abc252_c,18,3.14.3,True,,,18,ineligible,loc < 25 (minimum length floor is 25)
45257814,abc252_d,data/external/ConDefects/Code/abc252_d/Python/45257814/faultyVersion.py,data/external/ConDefects/Code/abc252_d/Python/45257814/correctVersion.py,data/external/ConDefects/Test/abc252_d,15,3.14.3,True,,,15,ineligible,loc < 25 (minimum length floor is 25)
45497724,abc252_d,data/external/ConDefects/Code/abc252_d/Python/45497724/faultyVersion.py,data/external/ConDefects/Code/abc252_d/Python/45497724/correctVersion.py,data/external/ConDefects/Test/abc252_d,12,3.14.3,True,,,12,ineligible,loc < 25 (minimum length floor is 25)
45066699,abc252_e,data/external/ConDefects/Code/abc252_e/Python/45066699/faultyVersion.py,data/external/ConDefects/Code/abc252_e/Python/45066699/correctVersion.py,data/external/ConDefects/Test/abc252_e,34,3.14.3,True,,,34,eligible,
45454292,abc253_a,data/external/ConDefects/Code/abc253_a/Python/45454292/faultyVersion.py,data/external/ConDefects/Code/abc253_a/Python/45454292/correctVersion.py,data/external/ConDefects/Test/abc253_a,7,3.14.3,True,,,7,ineligible,loc < 25 (minimum length floor is 25)
45510646,abc253_a,data/external/ConDefects/Code/abc253_a/Python/45510646/faultyVersion.py,data/external/ConDefects/Code/abc253_a/Python/45510646/correctVersion.py,data/external/ConDefects/Test/abc253_a,6,3.14.3,True,,,6,ineligible,loc < 25 (minimum length floor is 25)
45785764,abc253_b,data/external/ConDefects/Code/abc253_b/Python/45785764/faultyVersion.py,data/external/ConDefects/Code/abc253_b/Python/45785764/correctVersion.py,data/external/ConDefects/Test/abc253_b,11,3.14.3,True,,,11,ineligible,loc < 25 (minimum length floor is 25)
45937943,abc253_d,data/external/ConDefects/Code/abc253_d/Python/45937943/faultyVersion.py,data/external/ConDefects/Code/abc253_d/Python/45937943/correctVersion.py,data/external/ConDefects/Test/abc253_d,10,3.14.3,True,,,10,ineligible,loc < 25 (minimum length floor is 25)
46046758,abc253_d,data/external/ConDefects/Code/abc253_d/Python/46046758/faultyVersion.py,data/external/ConDefects/Code/abc253_d/Python/46046758/correctVersion.py,data/external/ConDefects/Test/abc253_d,15,3.14.3,True,,,15,ineligible,loc < 25 (minimum length floor is 25)
45032521,abc253_e,data/external/ConDefects/Code/abc253_e/Python/45032521/faultyVersion.py,data/external/ConDefects/Code/abc253_e/Python/45032521/correctVersion.py,data/external/ConDefects/Test/abc253_e,22,3.14.3,True,,,22,ineligible,loc < 25 (minimum length floor is 25)
45470734,abc253_e,data/external/ConDefects/Code/abc253_e/Python/45470734/faultyVersion.py,data/external/ConDefects/Code/abc253_e/Python/45470734/correctVersion.py,data/external/ConDefects/Test/abc253_e,17,3.14.3,True,,,17,ineligible,loc < 25 (minimum length floor is 25)
45559213,abc253_e,data/external/ConDefects/Code/abc253_e/Python/45559213/faultyVersion.py,data/external/ConDefects/Code/abc253_e/Python/45559213/correctVersion.py,data/external/ConDefects/Test/abc253_e,26,3.14.3,True,,,26,eligible,
45941559,abc253_e,data/external/ConDefects/Code/abc253_e/Python/45941559/faultyVersion.py,data/external/ConDefects/Code/abc253_e/Python/45941559/correctVersion.py,data/external/ConDefects/Test/abc253_e,15,3.14.3,True,,,15,ineligible,loc < 25 (minimum length floor is 25)
46006044,abc253_e,data/external/ConDefects/Code/abc253_e/Python/46006044/faultyVersion.py,data/external/ConDefects/Code/abc253_e/Python/46006044/correctVersion.py,data/external/ConDefects/Test/abc253_e,31,3.14.3,True,,,31,ineligible,multi-line fault — excluded by v2 single-line filter
45527428,abc253_f,data/external/ConDefects/Code/abc253_f/Python/45527428/faultyVersion.py,data/external/ConDefects/Code/abc253_f/Python/45527428/correctVersion.py,data/external/ConDefects/Test/abc253_f,79,3.14.3,True,,,79,ineligible,multiple independent faults
32996849,abc253_g,data/external/ConDefects/Code/abc253_g/Python/32996849/faultyVersion.py,data/external/ConDefects/Code/abc253_g/Python/32996849/correctVersion.py,data/external/ConDefects/Test/abc253_g,53,3.14.3,True,,,53,ineligible,multi-line fault — excluded by v2 single-line filter
32999272,abc253_g,data/external/ConDefects/Code/abc253_g/Python/32999272/faultyVersion.py,data/external/ConDefects/Code/abc253_g/Python/32999272/correctVersion.py,data/external/ConDefects/Test/abc253_g,60,3.14.3,True,,,60,eligible,
38547671,abc253_g,data/external/ConDefects/Code/abc253_g/Python/38547671/faultyVersion.py,data/external/ConDefects/Code/abc253_g/Python/38547671/correctVersion.py,data/external/ConDefects/Test/abc253_g,28,3.14.3,True,,,28,eligible,
52975596,abc253_g,data/external/ConDefects/Code/abc253_g/Python/52975596/faultyVersion.py,data/external/ConDefects/Code/abc253_g/Python/52975596/correctVersion.py,data/external/ConDefects/Test/abc253_g,41,3.14.3,True,,,41,eligible,
45462198,abc254_a,data/external/ConDefects/Code/abc254_a/Python/45462198/faultyVersion.py,data/external/ConDefects/Code/abc254_a/Python/45462198/correctVersion.py,data/external/ConDefects/Test/abc254_a,1,3.14.3,True,,,1,ineligible,loc < 25 (minimum length floor is 25)
45547154,abc254_a,data/external/ConDefects/Code/abc254_a/Python/45547154/faultyVersion.py,data/external/ConDefects/Code/abc254_a/Python/45547154/correctVersion.py,data/external/ConDefects/Test/abc254_a,1,3.14.3,True,,,1,ineligible,loc < 25 (minimum length floor is 25)
44995126,abc254_c,data/external/ConDefects/Code/abc254_c/Python/44995126/faultyVersion.py,data/external/ConDefects/Code/abc254_c/Python/44995126/correctVersion.py,data/external/ConDefects/Test/abc254_c,19,3.14.3,True,,,19,ineligible,loc < 25 (minimum length floor is 25)
51493507,abc254_d,data/external/ConDefects/Code/abc254_d/Python/51493507/faultyVersion.py,data/external/ConDefects/Code/abc254_d/Python/51493507/correctVersion.py,data/external/ConDefects/Test/abc254_d,21,3.14.3,True,,,21,ineligible,loc < 25 (minimum length floor is 25)
52216169,abc254_d,data/external/ConDefects/Code/abc254_d/Python/52216169/faultyVersion.py,data/external/ConDefects/Code/abc254_d/Python/52216169/correctVersion.py,data/external/ConDefects/Test/abc254_d,32,3.14.3,True,,,32,eligible,
53475713,abc254_d,data/external/ConDefects/Code/abc254_d/Python/53475713/faultyVersion.py,data/external/ConDefects/Code/abc254_d/Python/53475713/correctVersion.py,data/external/ConDefects/Test/abc254_d,36,3.14.3,True,,,36,eligible,
44452913,abc254_e,data/external/ConDefects/Code/abc254_e/Python/44452913/faultyVersion.py,data/external/ConDefects/Code/abc254_e/Python/44452913/correctVersion.py,data/external/ConDefects/Test/abc254_e,1963,3.14.3,True,,,1963,ineligible,loc > 300 (maximum length ceiling is 300)
44691275,abc254_e,data/external/ConDefects/Code/abc254_e/Python/44691275/faultyVersion.py,data/external/ConDefects/Code/abc254_e/Python/44691275/correctVersion.py,data/external/ConDefects/Test/abc254_e,33,3.14.3,True,,,33,ineligible,multiple independent faults
48945628,abc254_f,data/external/ConDefects/Code/abc254_f/Python/48945628/faultyVersion.py,data/external/ConDefects/Code/abc254_f/Python/48945628/correctVersion.py,data/external/ConDefects/Test/abc254_f,188,3.14.3,True,,,188,eligible,
49680019,abc254_f,data/external/ConDefects/Code/abc254_f/Python/49680019/faultyVersion.py,data/external/ConDefects/Code/abc254_f/Python/49680019/correctVersion.py,data/external/ConDefects/Test/abc254_f,65,3.14.3,True,,,65,eligible,
51937981,abc254_f,data/external/ConDefects/Code/abc254_f/Python/51937981/faultyVersion.py,data/external/ConDefects/Code/abc254_f/Python/51937981/correctVersion.py,data/external/ConDefects/Test/abc254_f,44,3.14.3,True,,,44,ineligible,multiple independent faults
32247391,abc254_g,data/external/ConDefects/Code/abc254_g/Python/32247391/faultyVersion.py,data/external/ConDefects/Code/abc254_g/Python/32247391/correctVersion.py,data/external/ConDefects/Test/abc254_g,95,3.14.3,True,,,95,eligible,
32287222,abc254_g,data/external/ConDefects/Code/abc254_g/Python/32287222/faultyVersion.py,data/external/ConDefects/Code/abc254_g/Python/32287222/correctVersion.py,data/external/ConDefects/Test/abc254_g,128,3.14.3,True,,,128,ineligible,multiple independent faults
44829145,abc255_a,data/external/ConDefects/Code/abc255_a/Python/44829145/faultyVersion.py,data/external/ConDefects/Code/abc255_a/Python/44829145/correctVersion.py,data/external/ConDefects/Test/abc255_a,7,3.14.3,True,,,7,ineligible,loc < 25 (minimum length floor is 25)
46036276,abc255_b,data/external/ConDefects/Code/abc255_b/Python/46036276/faultyVersion.py,data/external/ConDefects/Code/abc255_b/Python/46036276/correctVersion.py,data/external/ConDefects/Test/abc255_b,19,3.14.3,True,,,19,ineligible,loc < 25 (minimum length floor is 25)
44681612,abc255_c,data/external/ConDefects/Code/abc255_c/Python/44681612/faultyVersion.py,data/external/ConDefects/Code/abc255_c/Python/44681612/correctVersion.py,data/external/ConDefects/Test/abc255_c,15,3.14.3,True,,,15,ineligible,loc < 25 (minimum length floor is 25)
44917866,abc255_c,data/external/ConDefects/Code/abc255_c/Python/44917866/faultyVersion.py,data/external/ConDefects/Code/abc255_c/Python/44917866/correctVersion.py,data/external/ConDefects/Test/abc255_c,20,3.14.3,True,,,20,ineligible,loc < 25 (minimum length floor is 25)
45066751,abc255_c,data/external/ConDefects/Code/abc255_c/Python/45066751/faultyVersion.py,data/external/ConDefects/Code/abc255_c/Python/45066751/correctVersion.py,data/external/ConDefects/Test/abc255_c,23,3.14.3,True,,,23,ineligible,loc < 25 (minimum length floor is 25)
45116616,abc255_c,data/external/ConDefects/Code/abc255_c/Python/45116616/faultyVersion.py,data/external/ConDefects/Code/abc255_c/Python/45116616/correctVersion.py,data/external/ConDefects/Test/abc255_c,724,3.14.3,True,,,724,ineligible,loc > 300 (maximum length ceiling is 300)
45259199,abc255_c,data/external/ConDefects/Code/abc255_c/Python/45259199/faultyVersion.py,data/external/ConDefects/Code/abc255_c/Python/45259199/correctVersion.py,data/external/ConDefects/Test/abc255_c,26,3.14.3,True,,,26,ineligible,multi-line fault — excluded by v2 single-line filter
45282104,abc255_c,data/external/ConDefects/Code/abc255_c/Python/45282104/faultyVersion.py,data/external/ConDefects/Code/abc255_c/Python/45282104/correctVersion.py,data/external/ConDefects/Test/abc255_c,51,3.14.3,True,,,51,eligible,
45494254,abc255_c,data/external/ConDefects/Code/abc255_c/Python/45494254/faultyVersion.py,data/external/ConDefects/Code/abc255_c/Python/45494254/correctVersion.py,data/external/ConDefects/Test/abc255_c,6,3.14.3,True,,,6,ineligible,loc < 25 (minimum length floor is 25)
45522180,abc255_c,data/external/ConDefects/Code/abc255_c/Python/45522180/faultyVersion.py,data/external/ConDefects/Code/abc255_c/Python/45522180/correctVersion.py,data/external/ConDefects/Test/abc255_c,22,3.14.3,True,,,22,ineligible,loc < 25 (minimum length floor is 25)
45773903,abc255_c,data/external/ConDefects/Code/abc255_c/Python/45773903/faultyVersion.py,data/external/ConDefects/Code/abc255_c/Python/45773903/correctVersion.py,data/external/ConDefects/Test/abc255_c,17,3.14.3,True,,,17,ineligible,loc < 25 (minimum length floor is 25)
45814894,abc255_c,data/external/ConDefects/Code/abc255_c/Python/45814894/faultyVersion.py,data/external/ConDefects/Code/abc255_c/Python/45814894/correctVersion.py,data/external/ConDefects/Test/abc255_c,686,3.14.3,True,,,686,ineligible,loc > 300 (maximum length ceiling is 300)
45907671,abc255_c,data/external/ConDefects/Code/abc255_c/Python/45907671/faultyVersion.py,data/external/ConDefects/Code/abc255_c/Python/45907671/correctVersion.py,data/external/ConDefects/Test/abc255_c,20,3.14.3,True,,,20,ineligible,loc < 25 (minimum length floor is 25)
45934299,abc255_c,data/external/ConDefects/Code/abc255_c/Python/45934299/faultyVersion.py,data/external/ConDefects/Code/abc255_c/Python/45934299/correctVersion.py,data/external/ConDefects/Test/abc255_c,15,3.14.3,True,,,15,ineligible,loc < 25 (minimum length floor is 25)
45097288,abc255_e,data/external/ConDefects/Code/abc255_e/Python/45097288/faultyVersion.py,data/external/ConDefects/Code/abc255_e/Python/45097288/correctVersion.py,data/external/ConDefects/Test/abc255_e,20,3.14.3,True,,,20,ineligible,loc < 25 (minimum length floor is 25)
45923403,abc255_e,data/external/ConDefects/Code/abc255_e/Python/45923403/faultyVersion.py,data/external/ConDefects/Code/abc255_e/Python/45923403/correctVersion.py,data/external/ConDefects/Test/abc255_e,22,3.14.3,True,,,22,ineligible,loc < 25 (minimum length floor is 25)
50474364,abc255_f,data/external/ConDefects/Code/abc255_f/Python/50474364/faultyVersion.py,data/external/ConDefects/Code/abc255_f/Python/50474364/correctVersion.py,data/external/ConDefects/Test/abc255_f,41,3.14.3,True,,,41,eligible,
53267275,abc255_f,data/external/ConDefects/Code/abc255_f/Python/53267275/faultyVersion.py,data/external/ConDefects/Code/abc255_f/Python/53267275/correctVersion.py,data/external/ConDefects/Test/abc255_f,923,3.14.3,True,,,923,ineligible,loc > 300 (maximum length ceiling is 300)
32458462,abc255_g,data/external/ConDefects/Code/abc255_g/Python/32458462/faultyVersion.py,data/external/ConDefects/Code/abc255_g/Python/32458462/correctVersion.py,data/external/ConDefects/Test/abc255_g,58,3.14.3,True,,,58,ineligible,multi-line fault — excluded by v2 single-line filter
35788058,abc255_g,data/external/ConDefects/Code/abc255_g/Python/35788058/faultyVersion.py,data/external/ConDefects/Code/abc255_g/Python/35788058/correctVersion.py,data/external/ConDefects/Test/abc255_g,57,3.14.3,True,,,57,eligible,
44471761,abc256_b,data/external/ConDefects/Code/abc256_b/Python/44471761/faultyVersion.py,data/external/ConDefects/Code/abc256_b/Python/44471761/correctVersion.py,data/external/ConDefects/Test/abc256_b,10,3.14.3,True,,,10,ineligible,loc < 25 (minimum length floor is 25)
45645329,abc256_b,data/external/ConDefects/Code/abc256_b/Python/45645329/faultyVersion.py,data/external/ConDefects/Code/abc256_b/Python/45645329/correctVersion.py,data/external/ConDefects/Test/abc256_b,15,3.14.3,True,,,15,ineligible,loc < 25 (minimum length floor is 25)
45997189,abc256_b,data/external/ConDefects/Code/abc256_b/Python/45997189/faultyVersion.py,data/external/ConDefects/Code/abc256_b/Python/45997189/correctVersion.py,data/external/ConDefects/Test/abc256_b,12,3.14.3,True,,,12,ineligible,loc < 25 (minimum length floor is 25)
44696240,abc256_d,data/external/ConDefects/Code/abc256_d/Python/44696240/faultyVersion.py,data/external/ConDefects/Code/abc256_d/Python/44696240/correctVersion.py,data/external/ConDefects/Test/abc256_d,405,3.14.3,True,,,405,ineligible,loc > 300 (maximum length ceiling is 300)
44864172,abc256_d,data/external/ConDefects/Code/abc256_d/Python/44864172/faultyVersion.py,data/external/ConDefects/Code/abc256_d/Python/44864172/correctVersion.py,data/external/ConDefects/Test/abc256_d,191,3.14.3,True,,,191,eligible,
44868880,abc256_d,data/external/ConDefects/Code/abc256_d/Python/44868880/faultyVersion.py,data/external/ConDefects/Code/abc256_d/Python/44868880/correctVersion.py,data/external/ConDefects/Test/abc256_d,39,3.14.3,True,,,39,eligible,
44916698,abc256_d,data/external/ConDefects/Code/abc256_d/Python/44916698/faultyVersion.py,data/external/ConDefects/Code/abc256_d/Python/44916698/correctVersion.py,data/external/ConDefects/Test/abc256_d,12,3.14.3,True,,,12,ineligible,loc < 25 (minimum length floor is 25)
45322740,abc256_d,data/external/ConDefects/Code/abc256_d/Python/45322740/faultyVersion.py,data/external/ConDefects/Code/abc256_d/Python/45322740/correctVersion.py,data/external/ConDefects/Test/abc256_d,21,3.14.3,True,,,21,ineligible,loc < 25 (minimum length floor is 25)
45339988,abc256_d,data/external/ConDefects/Code/abc256_d/Python/45339988/faultyVersion.py,data/external/ConDefects/Code/abc256_d/Python/45339988/correctVersion.py,data/external/ConDefects/Test/abc256_d,22,3.14.3,True,,,22,ineligible,loc < 25 (minimum length floor is 25)
45516891,abc256_d,data/external/ConDefects/Code/abc256_d/Python/45516891/faultyVersion.py,data/external/ConDefects/Code/abc256_d/Python/45516891/correctVersion.py,data/external/ConDefects/Test/abc256_d,26,3.14.3,True,,,26,eligible,
45531373,abc256_d,data/external/ConDefects/Code/abc256_d/Python/45531373/faultyVersion.py,data/external/ConDefects/Code/abc256_d/Python/45531373/correctVersion.py,data/external/ConDefects/Test/abc256_d,14,3.14.3,True,,,14,ineligible,loc < 25 (minimum length floor is 25)
46018107,abc256_d,data/external/ConDefects/Code/abc256_d/Python/46018107/faultyVersion.py,data/external/ConDefects/Code/abc256_d/Python/46018107/correctVersion.py,data/external/ConDefects/Test/abc256_d,17,3.14.3,True,,,17,ineligible,loc < 25 (minimum length floor is 25)
46043258,abc256_d,data/external/ConDefects/Code/abc256_d/Python/46043258/faultyVersion.py,data/external/ConDefects/Code/abc256_d/Python/46043258/correctVersion.py,data/external/ConDefects/Test/abc256_d,14,3.14.3,True,,,14,ineligible,loc < 25 (minimum length floor is 25)
46191783,abc256_d,data/external/ConDefects/Code/abc256_d/Python/46191783/faultyVersion.py,data/external/ConDefects/Code/abc256_d/Python/46191783/correctVersion.py,data/external/ConDefects/Test/abc256_d,24,3.14.3,True,,,24,ineligible,loc < 25 (minimum length floor is 25)
41932099,abc256_f,data/external/ConDefects/Code/abc256_f/Python/41932099/faultyVersion.py,data/external/ConDefects/Code/abc256_f/Python/41932099/correctVersion.py,data/external/ConDefects/Test/abc256_f,123,3.14.3,True,,,123,eligible,
42749759,abc256_f,data/external/ConDefects/Code/abc256_f/Python/42749759/faultyVersion.py,data/external/ConDefects/Code/abc256_f/Python/42749759/correctVersion.py,data/external/ConDefects/Test/abc256_f,105,3.14.3,True,,,105,eligible,
32688484,abc256_g,data/external/ConDefects/Code/abc256_g/Python/32688484/faultyVersion.py,data/external/ConDefects/Code/abc256_g/Python/32688484/correctVersion.py,data/external/ConDefects/Test/abc256_g,79,3.14.3,True,,,79,eligible,
45289055,abc257_a,data/external/ConDefects/Code/abc257_a/Python/45289055/faultyVersion.py,data/external/ConDefects/Code/abc257_a/Python/45289055/correctVersion.py,data/external/ConDefects/Test/abc257_a,44,3.14.3,True,,,44,eligible,
45802027,abc257_a,data/external/ConDefects/Code/abc257_a/Python/45802027/faultyVersion.py,data/external/ConDefects/Code/abc257_a/Python/45802027/correctVersion.py,data/external/ConDefects/Test/abc257_a,2,3.14.3,True,,,2,ineligible,loc < 25 (minimum length floor is 25)
46189766,abc257_a,data/external/ConDefects/Code/abc257_a/Python/46189766/faultyVersion.py,data/external/ConDefects/Code/abc257_a/Python/46189766/correctVersion.py,data/external/ConDefects/Test/abc257_a,5,3.14.3,True,,,5,ineligible,loc < 25 (minimum length floor is 25)
45964870,abc257_b,data/external/ConDefects/Code/abc257_b/Python/45964870/faultyVersion.py,data/external/ConDefects/Code/abc257_b/Python/45964870/correctVersion.py,data/external/ConDefects/Test/abc257_b,32,3.14.3,True,,,32,ineligible,multiple independent faults
45044587,abc257_c,data/external/ConDefects/Code/abc257_c/Python/45044587/faultyVersion.py,data/external/ConDefects/Code/abc257_c/Python/45044587/correctVersion.py,data/external/ConDefects/Test/abc257_c,36,3.14.3,True,,,36,eligible,
45255202,abc257_d,data/external/ConDefects/Code/abc257_d/Python/45255202/faultyVersion.py,data/external/ConDefects/Code/abc257_d/Python/45255202/correctVersion.py,data/external/ConDefects/Test/abc257_d,43,3.14.3,True,,,43,eligible,
46215877,abc257_d,data/external/ConDefects/Code/abc257_d/Python/46215877/faultyVersion.py,data/external/ConDefects/Code/abc257_d/Python/46215877/correctVersion.py,data/external/ConDefects/Test/abc257_d,38,3.14.3,True,,,38,eligible,
45047426,abc257_e,data/external/ConDefects/Code/abc257_e/Python/45047426/faultyVersion.py,data/external/ConDefects/Code/abc257_e/Python/45047426/correctVersion.py,data/external/ConDefects/Test/abc257_e,66,3.14.3,True,,,66,ineligible,multi-line fault — excluded by v2 single-line filter
46192635,abc257_e,data/external/ConDefects/Code/abc257_e/Python/46192635/faultyVersion.py,data/external/ConDefects/Code/abc257_e/Python/46192635/correctVersion.py,data/external/ConDefects/Test/abc257_e,14,3.14.3,True,,,14,ineligible,loc < 25 (minimum length floor is 25)
45053747,abc257_f,data/external/ConDefects/Code/abc257_f/Python/45053747/faultyVersion.py,data/external/ConDefects/Code/abc257_f/Python/45053747/correctVersion.py,data/external/ConDefects/Test/abc257_f,44,3.14.3,True,,,44,eligible,
45055612,abc257_f,data/external/ConDefects/Code/abc257_f/Python/45055612/faultyVersion.py,data/external/ConDefects/Code/abc257_f/Python/45055612/correctVersion.py,data/external/ConDefects/Test/abc257_f,338,3.14.3,True,,,338,ineligible,loc > 300 (maximum length ceiling is 300)
45331235,abc257_f,data/external/ConDefects/Code/abc257_f/Python/45331235/faultyVersion.py,data/external/ConDefects/Code/abc257_f/Python/45331235/correctVersion.py,data/external/ConDefects/Test/abc257_f,36,3.14.3,True,,,36,eligible,
45698858,abc257_f,data/external/ConDefects/Code/abc257_f/Python/45698858/faultyVersion.py,data/external/ConDefects/Code/abc257_f/Python/45698858/correctVersion.py,data/external/ConDefects/Test/abc257_f,59,3.14.3,True,,,59,eligible,
45897088,abc257_f,data/external/ConDefects/Code/abc257_f/Python/45897088/faultyVersion.py,data/external/ConDefects/Code/abc257_f/Python/45897088/correctVersion.py,data/external/ConDefects/Test/abc257_f,58,3.14.3,True,,,58,eligible,
45268157,abc257_g,data/external/ConDefects/Code/abc257_g/Python/45268157/faultyVersion.py,data/external/ConDefects/Code/abc257_g/Python/45268157/correctVersion.py,data/external/ConDefects/Test/abc257_g,114,3.14.3,True,,,114,eligible,
32762821,abc257_h,data/external/ConDefects/Code/abc257_h/Python/32762821/faultyVersion.py,data/external/ConDefects/Code/abc257_h/Python/32762821/correctVersion.py,data/external/ConDefects/Test/abc257_h,40,3.14.3,True,,,40,eligible,
44904869,abc258_a,data/external/ConDefects/Code/abc258_a/Python/44904869/faultyVersion.py,data/external/ConDefects/Code/abc258_a/Python/44904869/correctVersion.py,data/external/ConDefects/Test/abc258_a,10,3.14.3,True,,,10,ineligible,loc < 25 (minimum length floor is 25)
45012247,abc258_a,data/external/ConDefects/Code/abc258_a/Python/45012247/faultyVersion.py,data/external/ConDefects/Code/abc258_a/Python/45012247/correctVersion.py,data/external/ConDefects/Test/abc258_a,2,3.14.3,True,,,2,ineligible,loc < 25 (minimum length floor is 25)
46135145,abc258_a,data/external/ConDefects/Code/abc258_a/Python/46135145/faultyVersion.py,data/external/ConDefects/Code/abc258_a/Python/46135145/correctVersion.py,data/external/ConDefects/Test/abc258_a,12,3.14.3,True,,,12,ineligible,loc < 25 (minimum length floor is 25)
44828873,abc258_b,data/external/ConDefects/Code/abc258_b/Python/44828873/faultyVersion.py,data/external/ConDefects/Code/abc258_b/Python/44828873/correctVersion.py,data/external/ConDefects/Test/abc258_b,16,3.14.3,True,,,16,ineligible,loc < 25 (minimum length floor is 25)
45801553,abc258_b,data/external/ConDefects/Code/abc258_b/Python/45801553/faultyVersion.py,data/external/ConDefects/Code/abc258_b/Python/45801553/correctVersion.py,data/external/ConDefects/Test/abc258_b,23,3.14.3,True,,,23,ineligible,loc < 25 (minimum length floor is 25)
44704874,abc258_c,data/external/ConDefects/Code/abc258_c/Python/44704874/faultyVersion.py,data/external/ConDefects/Code/abc258_c/Python/44704874/correctVersion.py,data/external/ConDefects/Test/abc258_c,11,3.14.3,True,,,11,ineligible,loc < 25 (minimum length floor is 25)
44886966,abc258_d,data/external/ConDefects/Code/abc258_d/Python/44886966/faultyVersion.py,data/external/ConDefects/Code/abc258_d/Python/44886966/correctVersion.py,data/external/ConDefects/Test/abc258_d,18,3.14.3,True,,,18,ineligible,loc < 25 (minimum length floor is 25)
45022453,abc258_d,data/external/ConDefects/Code/abc258_d/Python/45022453/faultyVersion.py,data/external/ConDefects/Code/abc258_d/Python/45022453/correctVersion.py,data/external/ConDefects/Test/abc258_d,9,3.14.3,True,,,9,ineligible,loc < 25 (minimum length floor is 25)
45032060,abc258_d,data/external/ConDefects/Code/abc258_d/Python/45032060/faultyVersion.py,data/external/ConDefects/Code/abc258_d/Python/45032060/correctVersion.py,data/external/ConDefects/Test/abc258_d,18,3.14.3,True,,,18,ineligible,loc < 25 (minimum length floor is 25)
45041498,abc258_d,data/external/ConDefects/Code/abc258_d/Python/45041498/faultyVersion.py,data/external/ConDefects/Code/abc258_d/Python/45041498/correctVersion.py,data/external/ConDefects/Test/abc258_d,26,3.14.3,True,,,26,eligible,
45080402,abc258_d,data/external/ConDefects/Code/abc258_d/Python/45080402/faultyVersion.py,data/external/ConDefects/Code/abc258_d/Python/45080402/correctVersion.py,data/external/ConDefects/Test/abc258_d,17,3.14.3,True,,,17,ineligible,loc < 25 (minimum length floor is 25)
45080701,abc258_d,data/external/ConDefects/Code/abc258_d/Python/45080701/faultyVersion.py,data/external/ConDefects/Code/abc258_d/Python/45080701/correctVersion.py,data/external/ConDefects/Test/abc258_d,17,3.14.3,True,,,17,ineligible,loc < 25 (minimum length floor is 25)
45477729,abc258_d,data/external/ConDefects/Code/abc258_d/Python/45477729/faultyVersion.py,data/external/ConDefects/Code/abc258_d/Python/45477729/correctVersion.py,data/external/ConDefects/Test/abc258_d,17,3.14.3,True,,,17,ineligible,loc < 25 (minimum length floor is 25)
45493012,abc258_d,data/external/ConDefects/Code/abc258_d/Python/45493012/faultyVersion.py,data/external/ConDefects/Code/abc258_d/Python/45493012/correctVersion.py,data/external/ConDefects/Test/abc258_d,17,3.14.3,True,,,17,ineligible,loc < 25 (minimum length floor is 25)
45791882,abc258_d,data/external/ConDefects/Code/abc258_d/Python/45791882/faultyVersion.py,data/external/ConDefects/Code/abc258_d/Python/45791882/correctVersion.py,data/external/ConDefects/Test/abc258_d,19,3.14.3,True,,,19,ineligible,loc < 25 (minimum length floor is 25)
45815493,abc258_d,data/external/ConDefects/Code/abc258_d/Python/45815493/faultyVersion.py,data/external/ConDefects/Code/abc258_d/Python/45815493/correctVersion.py,data/external/ConDefects/Test/abc258_d,13,3.14.3,True,,,13,ineligible,loc < 25 (minimum length floor is 25)
45951298,abc258_d,data/external/ConDefects/Code/abc258_d/Python/45951298/faultyVersion.py,data/external/ConDefects/Code/abc258_d/Python/45951298/correctVersion.py,data/external/ConDefects/Test/abc258_d,12,3.14.3,True,,,12,ineligible,loc < 25 (minimum length floor is 25)
45951540,abc258_d,data/external/ConDefects/Code/abc258_d/Python/45951540/faultyVersion.py,data/external/ConDefects/Code/abc258_d/Python/45951540/correctVersion.py,data/external/ConDefects/Test/abc258_d,13,3.14.3,True,,,13,ineligible,loc < 25 (minimum length floor is 25)
46036686,abc258_d,data/external/ConDefects/Code/abc258_d/Python/46036686/faultyVersion.py,data/external/ConDefects/Code/abc258_d/Python/46036686/correctVersion.py,data/external/ConDefects/Test/abc258_d,12,3.14.3,True,,,12,ineligible,loc < 25 (minimum length floor is 25)
44667415,abc258_e,data/external/ConDefects/Code/abc258_e/Python/44667415/faultyVersion.py,data/external/ConDefects/Code/abc258_e/Python/44667415/correctVersion.py,data/external/ConDefects/Test/abc258_e,57,3.14.3,True,,,57,eligible,
45310559,abc258_e,data/external/ConDefects/Code/abc258_e/Python/45310559/faultyVersion.py,data/external/ConDefects/Code/abc258_e/Python/45310559/correctVersion.py,data/external/ConDefects/Test/abc258_e,43,3.14.3,True,,,43,ineligible,multiple independent faults
45738993,abc258_e,data/external/ConDefects/Code/abc258_e/Python/45738993/faultyVersion.py,data/external/ConDefects/Code/abc258_e/Python/45738993/correctVersion.py,data/external/ConDefects/Test/abc258_e,376,3.14.3,True,,,376,ineligible,loc > 300 (maximum length ceiling is 300)
46182612,abc258_e,data/external/ConDefects/Code/abc258_e/Python/46182612/faultyVersion.py,data/external/ConDefects/Code/abc258_e/Python/46182612/correctVersion.py,data/external/ConDefects/Test/abc258_e,44,3.14.3,True,,,44,eligible,
46362422,abc258_f,data/external/ConDefects/Code/abc258_f/Python/46362422/faultyVersion.py,data/external/ConDefects/Code/abc258_f/Python/46362422/correctVersion.py,data/external/ConDefects/Test/abc258_f,41,3.14.3,True,,,41,eligible,
53486241,abc258_f,data/external/ConDefects/Code/abc258_f/Python/53486241/faultyVersion.py,data/external/ConDefects/Code/abc258_f/Python/53486241/correctVersion.py,data/external/ConDefects/Test/abc258_f,14,3.14.3,True,,,14,ineligible,loc < 25 (minimum length floor is 25)
54437029,abc258_f,data/external/ConDefects/Code/abc258_f/Python/54437029/faultyVersion.py,data/external/ConDefects/Code/abc258_f/Python/54437029/correctVersion.py,data/external/ConDefects/Test/abc258_f,49,3.14.3,True,,,49,eligible,
32929696,abc258_h,data/external/ConDefects/Code/abc258_h/Python/32929696/faultyVersion.py,data/external/ConDefects/Code/abc258_h/Python/32929696/correctVersion.py,data/external/ConDefects/Test/abc258_h,83,3.14.3,True,,,83,eligible,
33045301,abc258_h,data/external/ConDefects/Code/abc258_h/Python/33045301/faultyVersion.py,data/external/ConDefects/Code/abc258_h/Python/33045301/correctVersion.py,data/external/ConDefects/Test/abc258_h,127,3.14.3,True,,,127,eligible,
50522493,abc258_h,data/external/ConDefects/Code/abc258_h/Python/50522493/faultyVersion.py,data/external/ConDefects/Code/abc258_h/Python/50522493/correctVersion.py,data/external/ConDefects/Test/abc258_h,17,3.14.3,True,,,17,ineligible,loc < 25 (minimum length floor is 25)
46054994,abc259_a,data/external/ConDefects/Code/abc259_a/Python/46054994/faultyVersion.py,data/external/ConDefects/Code/abc259_a/Python/46054994/correctVersion.py,data/external/ConDefects/Test/abc259_a,7,3.14.3,True,,,7,ineligible,loc < 25 (minimum length floor is 25)
45346319,abc259_b,data/external/ConDefects/Code/abc259_b/Python/45346319/faultyVersion.py,data/external/ConDefects/Code/abc259_b/Python/45346319/correctVersion.py,data/external/ConDefects/Test/abc259_b,9,3.14.3,True,,,9,ineligible,loc < 25 (minimum length floor is 25)
45494335,abc259_b,data/external/ConDefects/Code/abc259_b/Python/45494335/faultyVersion.py,data/external/ConDefects/Code/abc259_b/Python/45494335/correctVersion.py,data/external/ConDefects/Test/abc259_b,8,3.14.3,True,,,8,ineligible,loc < 25 (minimum length floor is 25)
45800478,abc259_b,data/external/ConDefects/Code/abc259_b/Python/45800478/faultyVersion.py,data/external/ConDefects/Code/abc259_b/Python/45800478/correctVersion.py,data/external/ConDefects/Test/abc259_b,6,3.14.3,True,,,6,ineligible,loc < 25 (minimum length floor is 25)
44774986,abc259_c,data/external/ConDefects/Code/abc259_c/Python/44774986/faultyVersion.py,data/external/ConDefects/Code/abc259_c/Python/44774986/correctVersion.py,data/external/ConDefects/Test/abc259_c,29,3.14.3,True,,,29,ineligible,multi-line fault — excluded by v2 single-line filter
44826067,abc259_c,data/external/ConDefects/Code/abc259_c/Python/44826067/faultyVersion.py,data/external/ConDefects/Code/abc259_c/Python/44826067/correctVersion.py,data/external/ConDefects/Test/abc259_c,48,3.14.3,True,,,48,ineligible,non-algorithmic fault
44859677,abc259_c,data/external/ConDefects/Code/abc259_c/Python/44859677/faultyVersion.py,data/external/ConDefects/Code/abc259_c/Python/44859677/correctVersion.py,data/external/ConDefects/Test/abc259_c,37,3.14.3,True,,,37,ineligible,multi-line fault — excluded by v2 single-line filter
44929141,abc259_c,data/external/ConDefects/Code/abc259_c/Python/44929141/faultyVersion.py,data/external/ConDefects/Code/abc259_c/Python/44929141/correctVersion.py,data/external/ConDefects/Test/abc259_c,28,3.14.3,True,,,28,eligible,
45103556,abc259_c,data/external/ConDefects/Code/abc259_c/Python/45103556/faultyVersion.py,data/external/ConDefects/Code/abc259_c/Python/45103556/correctVersion.py,data/external/ConDefects/Test/abc259_c,59,3.14.3,True,,,59,ineligible,multiple independent faults
45350488,abc259_c,data/external/ConDefects/Code/abc259_c/Python/45350488/faultyVersion.py,data/external/ConDefects/Code/abc259_c/Python/45350488/correctVersion.py,data/external/ConDefects/Test/abc259_c,28,3.14.3,True,,,28,eligible,
45537510,abc259_c,data/external/ConDefects/Code/abc259_c/Python/45537510/faultyVersion.py,data/external/ConDefects/Code/abc259_c/Python/45537510/correctVersion.py,data/external/ConDefects/Test/abc259_c,25,3.14.3,True,,,25,eligible,
46054515,abc259_c,data/external/ConDefects/Code/abc259_c/Python/46054515/faultyVersion.py,data/external/ConDefects/Code/abc259_c/Python/46054515/correctVersion.py,data/external/ConDefects/Test/abc259_c,27,3.14.3,True,,,27,eligible,
52382935,abc259_d,data/external/ConDefects/Code/abc259_d/Python/52382935/faultyVersion.py,data/external/ConDefects/Code/abc259_d/Python/52382935/correctVersion.py,data/external/ConDefects/Test/abc259_d,57,3.14.3,True,,,57,eligible,
53573512,abc259_d,data/external/ConDefects/Code/abc259_d/Python/53573512/faultyVersion.py,data/external/ConDefects/Code/abc259_d/Python/53573512/correctVersion.py,data/external/ConDefects/Test/abc259_d,198,3.14.3,True,,,198,ineligible,multiple independent faults
54723545,abc259_d,data/external/ConDefects/Code/abc259_d/Python/54723545/faultyVersion.py,data/external/ConDefects/Code/abc259_d/Python/54723545/correctVersion.py,data/external/ConDefects/Test/abc259_d,44,3.14.3,True,,,44,eligible,
45515452,abc259_e,data/external/ConDefects/Code/abc259_e/Python/45515452/faultyVersion.py,data/external/ConDefects/Code/abc259_e/Python/45515452/correctVersion.py,data/external/ConDefects/Test/abc259_e,26,3.14.3,True,,,26,eligible,
33161543,abc259_g,data/external/ConDefects/Code/abc259_g/Python/33161543/faultyVersion.py,data/external/ConDefects/Code/abc259_g/Python/33161543/correctVersion.py,data/external/ConDefects/Test/abc259_g,195,3.14.3,True,,,195,eligible,
41146837,abc259_g,data/external/ConDefects/Code/abc259_g/Python/41146837/faultyVersion.py,data/external/ConDefects/Code/abc259_g/Python/41146837/correctVersion.py,data/external/ConDefects/Test/abc259_g,185,3.14.3,True,,,185,ineligible,multiple independent faults
45479937,abc260_a,data/external/ConDefects/Code/abc260_a/Python/45479937/faultyVersion.py,data/external/ConDefects/Code/abc260_a/Python/45479937/correctVersion.py,data/external/ConDefects/Test/abc260_a,5,3.14.3,True,,,5,ineligible,loc < 25 (minimum length floor is 25)
45791402,abc260_a,data/external/ConDefects/Code/abc260_a/Python/45791402/faultyVersion.py,data/external/ConDefects/Code/abc260_a/Python/45791402/correctVersion.py,data/external/ConDefects/Test/abc260_a,14,3.14.3,True,,,14,ineligible,loc < 25 (minimum length floor is 25)
53041244,abc260_b,data/external/ConDefects/Code/abc260_b/Python/53041244/faultyVersion.py,data/external/ConDefects/Code/abc260_b/Python/53041244/correctVersion.py,data/external/ConDefects/Test/abc260_b,32,3.14.3,True,,,32,eligible,
53719611,abc260_b,data/external/ConDefects/Code/abc260_b/Python/53719611/faultyVersion.py,data/external/ConDefects/Code/abc260_b/Python/53719611/correctVersion.py,data/external/ConDefects/Test/abc260_b,27,3.14.3,True,,,27,eligible,
51017696,abc260_d,data/external/ConDefects/Code/abc260_d/Python/51017696/faultyVersion.py,data/external/ConDefects/Code/abc260_d/Python/51017696/correctVersion.py,data/external/ConDefects/Test/abc260_d,32,3.14.3,True,,,32,ineligible,multiple independent faults
53288501,abc260_d,data/external/ConDefects/Code/abc260_d/Python/53288501/faultyVersion.py,data/external/ConDefects/Code/abc260_d/Python/53288501/correctVersion.py,data/external/ConDefects/Test/abc260_d,31,3.14.3,True,,,31,ineligible,multi-line fault — excluded by v2 single-line filter
44419168,abc260_e,data/external/ConDefects/Code/abc260_e/Python/44419168/faultyVersion.py,data/external/ConDefects/Code/abc260_e/Python/44419168/correctVersion.py,data/external/ConDefects/Test/abc260_e,95,3.14.3,True,,,95,eligible,
46046400,abc260_f,data/external/ConDefects/Code/abc260_f/Python/46046400/faultyVersion.py,data/external/ConDefects/Code/abc260_f/Python/46046400/correctVersion.py,data/external/ConDefects/Test/abc260_f,18,3.14.3,True,,,18,ineligible,loc < 25 (minimum length floor is 25)
33361937,abc260_g,data/external/ConDefects/Code/abc260_g/Python/33361937/faultyVersion.py,data/external/ConDefects/Code/abc260_g/Python/33361937/correctVersion.py,data/external/ConDefects/Test/abc260_g,61,3.14.3,True,,,61,eligible,
44843749,abc261_a,data/external/ConDefects/Code/abc261_a/Python/44843749/faultyVersion.py,data/external/ConDefects/Code/abc261_a/Python/44843749/correctVersion.py,data/external/ConDefects/Test/abc261_a,5,3.14.3,True,,,5,ineligible,loc < 25 (minimum length floor is 25)
45222195,abc261_a,data/external/ConDefects/Code/abc261_a/Python/45222195/faultyVersion.py,data/external/ConDefects/Code/abc261_a/Python/45222195/correctVersion.py,data/external/ConDefects/Test/abc261_a,7,3.14.3,True,,,7,ineligible,loc < 25 (minimum length floor is 25)
45536785,abc261_a,data/external/ConDefects/Code/abc261_a/Python/45536785/faultyVersion.py,data/external/ConDefects/Code/abc261_a/Python/45536785/correctVersion.py,data/external/ConDefects/Test/abc261_a,6,3.14.3,True,,,6,ineligible,loc < 25 (minimum length floor is 25)
45683542,abc261_a,data/external/ConDefects/Code/abc261_a/Python/45683542/faultyVersion.py,data/external/ConDefects/Code/abc261_a/Python/45683542/correctVersion.py,data/external/ConDefects/Test/abc261_a,2,3.14.3,True,,,2,ineligible,loc < 25 (minimum length floor is 25)
45791113,abc261_a,data/external/ConDefects/Code/abc261_a/Python/45791113/faultyVersion.py,data/external/ConDefects/Code/abc261_a/Python/45791113/correctVersion.py,data/external/ConDefects/Test/abc261_a,9,3.14.3,True,,,9,ineligible,loc < 25 (minimum length floor is 25)
45054015,abc261_b,data/external/ConDefects/Code/abc261_b/Python/45054015/faultyVersion.py,data/external/ConDefects/Code/abc261_b/Python/45054015/correctVersion.py,data/external/ConDefects/Test/abc261_b,20,3.14.3,True,,,20,ineligible,loc < 25 (minimum length floor is 25)
45074177,abc261_b,data/external/ConDefects/Code/abc261_b/Python/45074177/faultyVersion.py,data/external/ConDefects/Code/abc261_b/Python/45074177/correctVersion.py,data/external/ConDefects/Test/abc261_b,16,3.14.3,True,,,16,ineligible,loc < 25 (minimum length floor is 25)
45115214,abc261_b,data/external/ConDefects/Code/abc261_b/Python/45115214/faultyVersion.py,data/external/ConDefects/Code/abc261_b/Python/45115214/correctVersion.py,data/external/ConDefects/Test/abc261_b,16,3.14.3,True,,,16,ineligible,loc < 25 (minimum length floor is 25)
45282531,abc261_b,data/external/ConDefects/Code/abc261_b/Python/45282531/faultyVersion.py,data/external/ConDefects/Code/abc261_b/Python/45282531/correctVersion.py,data/external/ConDefects/Test/abc261_b,9,3.14.3,True,,,9,ineligible,loc < 25 (minimum length floor is 25)
45997045,abc261_b,data/external/ConDefects/Code/abc261_b/Python/45997045/faultyVersion.py,data/external/ConDefects/Code/abc261_b/Python/45997045/correctVersion.py,data/external/ConDefects/Test/abc261_b,19,3.14.3,True,,,19,ineligible,loc < 25 (minimum length floor is 25)
46179770,abc261_b,data/external/ConDefects/Code/abc261_b/Python/46179770/faultyVersion.py,data/external/ConDefects/Code/abc261_b/Python/46179770/correctVersion.py,data/external/ConDefects/Test/abc261_b,17,3.14.3,True,,,17,ineligible,loc < 25 (minimum length floor is 25)
45285878,abc261_d,data/external/ConDefects/Code/abc261_d/Python/45285878/faultyVersion.py,data/external/ConDefects/Code/abc261_d/Python/45285878/correctVersion.py,data/external/ConDefects/Test/abc261_d,18,3.14.3,True,,,18,ineligible,loc < 25 (minimum length floor is 25)
45506869,abc261_d,data/external/ConDefects/Code/abc261_d/Python/45506869/faultyVersion.py,data/external/ConDefects/Code/abc261_d/Python/45506869/correctVersion.py,data/external/ConDefects/Test/abc261_d,76,3.14.3,True,,,76,eligible,
46044177,abc261_d,data/external/ConDefects/Code/abc261_d/Python/46044177/faultyVersion.py,data/external/ConDefects/Code/abc261_d/Python/46044177/correctVersion.py,data/external/ConDefects/Test/abc261_d,13,3.14.3,True,,,13,ineligible,loc < 25 (minimum length floor is 25)
46034687,abc261_e,data/external/ConDefects/Code/abc261_e/Python/46034687/faultyVersion.py,data/external/ConDefects/Code/abc261_e/Python/46034687/correctVersion.py,data/external/ConDefects/Test/abc261_e,25,3.14.3,True,,,25,eligible,
33560185,abc261_g,data/external/ConDefects/Code/abc261_g/Python/33560185/faultyVersion.py,data/external/ConDefects/Code/abc261_g/Python/33560185/correctVersion.py,data/external/ConDefects/Test/abc261_g,99,3.14.3,True,,,99,eligible,
33475139,abc261_h,data/external/ConDefects/Code/abc261_h/Python/33475139/faultyVersion.py,data/external/ConDefects/Code/abc261_h/Python/33475139/correctVersion.py,data/external/ConDefects/Test/abc261_h,51,3.14.3,True,,,51,eligible,
37948163,abc261_h,data/external/ConDefects/Code/abc261_h/Python/37948163/faultyVersion.py,data/external/ConDefects/Code/abc261_h/Python/37948163/correctVersion.py,data/external/ConDefects/Test/abc261_h,72,3.14.3,True,,,72,eligible,
48707102,abc261_h,data/external/ConDefects/Code/abc261_h/Python/48707102/faultyVersion.py,data/external/ConDefects/Code/abc261_h/Python/48707102/correctVersion.py,data/external/ConDefects/Test/abc261_h,49,3.14.3,True,,,49,eligible,
45968075,abc262_a,data/external/ConDefects/Code/abc262_a/Python/45968075/faultyVersion.py,data/external/ConDefects/Code/abc262_a/Python/45968075/correctVersion.py,data/external/ConDefects/Test/abc262_a,9,3.14.3,True,,,9,ineligible,loc < 25 (minimum length floor is 25)
44821687,abc262_c,data/external/ConDefects/Code/abc262_c/Python/44821687/faultyVersion.py,data/external/ConDefects/Code/abc262_c/Python/44821687/correctVersion.py,data/external/ConDefects/Test/abc262_c,14,3.14.3,True,,,14,ineligible,loc < 25 (minimum length floor is 25)
44381954,abc262_d,data/external/ConDefects/Code/abc262_d/Python/44381954/faultyVersion.py,data/external/ConDefects/Code/abc262_d/Python/44381954/correctVersion.py,data/external/ConDefects/Test/abc262_d,70,3.14.3,True,,,70,eligible,
44831745,abc262_e,data/external/ConDefects/Code/abc262_e/Python/44831745/faultyVersion.py,data/external/ConDefects/Code/abc262_e/Python/44831745/correctVersion.py,data/external/ConDefects/Test/abc262_e,44,3.14.3,True,,,44,eligible,
35966715,abc262_f,data/external/ConDefects/Code/abc262_f/Python/35966715/faultyVersion.py,data/external/ConDefects/Code/abc262_f/Python/35966715/correctVersion.py,data/external/ConDefects/Test/abc262_f,97,3.14.3,True,,,97,ineligible,multiple independent faults
47638667,abc262_f,data/external/ConDefects/Code/abc262_f/Python/47638667/faultyVersion.py,data/external/ConDefects/Code/abc262_f/Python/47638667/correctVersion.py,data/external/ConDefects/Test/abc262_f,60,3.14.3,True,,,60,eligible,
48961945,abc262_f,data/external/ConDefects/Code/abc262_f/Python/48961945/faultyVersion.py,data/external/ConDefects/Code/abc262_f/Python/48961945/correctVersion.py,data/external/ConDefects/Test/abc262_f,109,3.14.3,True,,,109,eligible,
33776994,abc262_g,data/external/ConDefects/Code/abc262_g/Python/33776994/faultyVersion.py,data/external/ConDefects/Code/abc262_g/Python/33776994/correctVersion.py,data/external/ConDefects/Test/abc262_g,34,3.14.3,True,,,34,eligible,
37417222,abc262_h,data/external/ConDefects/Code/abc262_h/Python/37417222/faultyVersion.py,data/external/ConDefects/Code/abc262_h/Python/37417222/correctVersion.py,data/external/ConDefects/Test/abc262_h,109,3.14.3,True,,,109,ineligible,multiple independent faults
40953311,abc262_h,data/external/ConDefects/Code/abc262_h/Python/40953311/faultyVersion.py,data/external/ConDefects/Code/abc262_h/Python/40953311/correctVersion.py,data/external/ConDefects/Test/abc262_h,197,3.14.3,True,,,197,ineligible,multi-line fault — excluded by v2 single-line filter
44884204,abc263_a,data/external/ConDefects/Code/abc263_a/Python/44884204/faultyVersion.py,data/external/ConDefects/Code/abc263_a/Python/44884204/correctVersion.py,data/external/ConDefects/Test/abc263_a,13,3.14.3,True,,,13,ineligible,loc < 25 (minimum length floor is 25)
44922329,abc263_a,data/external/ConDefects/Code/abc263_a/Python/44922329/faultyVersion.py,data/external/ConDefects/Code/abc263_a/Python/44922329/correctVersion.py,data/external/ConDefects/Test/abc263_a,12,3.14.3,True,,,12,ineligible,loc < 25 (minimum length floor is 25)
45002191,abc263_a,data/external/ConDefects/Code/abc263_a/Python/45002191/faultyVersion.py,data/external/ConDefects/Code/abc263_a/Python/45002191/correctVersion.py,data/external/ConDefects/Test/abc263_a,5,3.14.3,True,,,5,ineligible,loc < 25 (minimum length floor is 25)
45528012,abc263_a,data/external/ConDefects/Code/abc263_a/Python/45528012/faultyVersion.py,data/external/ConDefects/Code/abc263_a/Python/45528012/correctVersion.py,data/external/ConDefects/Test/abc263_a,6,3.14.3,True,,,6,ineligible,loc < 25 (minimum length floor is 25)
45972944,abc263_a,data/external/ConDefects/Code/abc263_a/Python/45972944/faultyVersion.py,data/external/ConDefects/Code/abc263_a/Python/45972944/correctVersion.py,data/external/ConDefects/Test/abc263_a,18,3.14.3,True,,,18,ineligible,loc < 25 (minimum length floor is 25)
45986379,abc263_a,data/external/ConDefects/Code/abc263_a/Python/45986379/faultyVersion.py,data/external/ConDefects/Code/abc263_a/Python/45986379/correctVersion.py,data/external/ConDefects/Test/abc263_a,6,3.14.3,True,,,6,ineligible,loc < 25 (minimum length floor is 25)
44792447,abc263_b,data/external/ConDefects/Code/abc263_b/Python/44792447/faultyVersion.py,data/external/ConDefects/Code/abc263_b/Python/44792447/correctVersion.py,data/external/ConDefects/Test/abc263_b,11,3.14.3,True,,,11,ineligible,loc < 25 (minimum length floor is 25)
45056655,abc263_b,data/external/ConDefects/Code/abc263_b/Python/45056655/faultyVersion.py,data/external/ConDefects/Code/abc263_b/Python/45056655/correctVersion.py,data/external/ConDefects/Test/abc263_b,18,3.14.3,True,,,18,ineligible,loc < 25 (minimum length floor is 25)
44826230,abc263_c,data/external/ConDefects/Code/abc263_c/Python/44826230/faultyVersion.py,data/external/ConDefects/Code/abc263_c/Python/44826230/correctVersion.py,data/external/ConDefects/Test/abc263_c,6,3.14.3,True,,,6,ineligible,loc < 25 (minimum length floor is 25)
45092514,abc263_c,data/external/ConDefects/Code/abc263_c/Python/45092514/faultyVersion.py,data/external/ConDefects/Code/abc263_c/Python/45092514/correctVersion.py,data/external/ConDefects/Test/abc263_c,6,3.14.3,True,,,6,ineligible,loc < 25 (minimum length floor is 25)
44705646,abc263_d,data/external/ConDefects/Code/abc263_d/Python/44705646/faultyVersion.py,data/external/ConDefects/Code/abc263_d/Python/44705646/correctVersion.py,data/external/ConDefects/Test/abc263_d,37,3.14.3,True,,,37,eligible,
45092562,abc263_d,data/external/ConDefects/Code/abc263_d/Python/45092562/faultyVersion.py,data/external/ConDefects/Code/abc263_d/Python/45092562/correctVersion.py,data/external/ConDefects/Test/abc263_d,23,3.14.3,True,,,23,ineligible,loc < 25 (minimum length floor is 25)
45504816,abc263_d,data/external/ConDefects/Code/abc263_d/Python/45504816/faultyVersion.py,data/external/ConDefects/Code/abc263_d/Python/45504816/correctVersion.py,data/external/ConDefects/Test/abc263_d,17,3.14.3,True,,,17,ineligible,loc < 25 (minimum length floor is 25)
45558657,abc263_d,data/external/ConDefects/Code/abc263_d/Python/45558657/faultyVersion.py,data/external/ConDefects/Code/abc263_d/Python/45558657/correctVersion.py,data/external/ConDefects/Test/abc263_d,91,3.14.3,True,,,91,eligible,
45700792,abc263_d,data/external/ConDefects/Code/abc263_d/Python/45700792/faultyVersion.py,data/external/ConDefects/Code/abc263_d/Python/45700792/correctVersion.py,data/external/ConDefects/Test/abc263_d,12,3.14.3,True,,,12,ineligible,loc < 25 (minimum length floor is 25)
46033883,abc263_d,data/external/ConDefects/Code/abc263_d/Python/46033883/faultyVersion.py,data/external/ConDefects/Code/abc263_d/Python/46033883/correctVersion.py,data/external/ConDefects/Test/abc263_d,15,3.14.3,True,,,15,ineligible,loc < 25 (minimum length floor is 25)
46128003,abc263_d,data/external/ConDefects/Code/abc263_d/Python/46128003/faultyVersion.py,data/external/ConDefects/Code/abc263_d/Python/46128003/correctVersion.py,data/external/ConDefects/Test/abc263_d,32,3.14.3,True,,,32,ineligible,multiple independent faults
44902374,abc263_e,data/external/ConDefects/Code/abc263_e/Python/44902374/faultyVersion.py,data/external/ConDefects/Code/abc263_e/Python/44902374/correctVersion.py,data/external/ConDefects/Test/abc263_e,13,3.14.3,True,,,13,ineligible,loc < 25 (minimum length floor is 25)
34042464,abc263_g,data/external/ConDefects/Code/abc263_g/Python/34042464/faultyVersion.py,data/external/ConDefects/Code/abc263_g/Python/34042464/correctVersion.py,data/external/ConDefects/Test/abc263_g,125,3.14.3,True,,,125,eligible,
34500524,abc263_g,data/external/ConDefects/Code/abc263_g/Python/34500524/faultyVersion.py,data/external/ConDefects/Code/abc263_g/Python/34500524/correctVersion.py,data/external/ConDefects/Test/abc263_g,263,3.14.3,True,,,263,eligible,
43726575,abc263_g,data/external/ConDefects/Code/abc263_g/Python/43726575/faultyVersion.py,data/external/ConDefects/Code/abc263_g/Python/43726575/correctVersion.py,data/external/ConDefects/Test/abc263_g,113,3.14.3,True,,,113,eligible,
49799392,abc263_g,data/external/ConDefects/Code/abc263_g/Python/49799392/faultyVersion.py,data/external/ConDefects/Code/abc263_g/Python/49799392/correctVersion.py,data/external/ConDefects/Test/abc263_g,114,3.14.3,True,,,114,eligible,
33881482,abc263_h,data/external/ConDefects/Code/abc263_h/Python/33881482/faultyVersion.py,data/external/ConDefects/Code/abc263_h/Python/33881482/correctVersion.py,data/external/ConDefects/Test/abc263_h,167,3.14.3,True,,,167,eligible,
49039255,abc263_h,data/external/ConDefects/Code/abc263_h/Python/49039255/faultyVersion.py,data/external/ConDefects/Code/abc263_h/Python/49039255/correctVersion.py,data/external/ConDefects/Test/abc263_h,76,3.14.3,True,,,76,eligible,
45803747,abc264_a,data/external/ConDefects/Code/abc264_a/Python/45803747/faultyVersion.py,data/external/ConDefects/Code/abc264_a/Python/45803747/correctVersion.py,data/external/ConDefects/Test/abc264_a,9,3.14.3,True,,,9,ineligible,loc < 25 (minimum length floor is 25)
46014113,abc264_a,data/external/ConDefects/Code/abc264_a/Python/46014113/faultyVersion.py,data/external/ConDefects/Code/abc264_a/Python/46014113/correctVersion.py,data/external/ConDefects/Test/abc264_a,3,3.14.3,True,,,3,ineligible,loc < 25 (minimum length floor is 25)
46142360,abc264_a,data/external/ConDefects/Code/abc264_a/Python/46142360/faultyVersion.py,data/external/ConDefects/Code/abc264_a/Python/46142360/correctVersion.py,data/external/ConDefects/Test/abc264_a,5,3.14.3,True,,,5,ineligible,loc < 25 (minimum length floor is 25)
44581422,abc264_b,data/external/ConDefects/Code/abc264_b/Python/44581422/faultyVersion.py,data/external/ConDefects/Code/abc264_b/Python/44581422/correctVersion.py,data/external/ConDefects/Test/abc264_b,2,3.14.3,True,,,2,ineligible,loc < 25 (minimum length floor is 25)
44649966,abc264_b,data/external/ConDefects/Code/abc264_b/Python/44649966/faultyVersion.py,data/external/ConDefects/Code/abc264_b/Python/44649966/correctVersion.py,data/external/ConDefects/Test/abc264_b,3,3.14.3,True,,,3,ineligible,loc < 25 (minimum length floor is 25)
44650000,abc264_b,data/external/ConDefects/Code/abc264_b/Python/44650000/faultyVersion.py,data/external/ConDefects/Code/abc264_b/Python/44650000/correctVersion.py,data/external/ConDefects/Test/abc264_b,6,3.14.3,True,,,6,ineligible,loc < 25 (minimum length floor is 25)
44655850,abc264_b,data/external/ConDefects/Code/abc264_b/Python/44655850/faultyVersion.py,data/external/ConDefects/Code/abc264_b/Python/44655850/correctVersion.py,data/external/ConDefects/Test/abc264_b,6,3.14.3,True,,,6,ineligible,loc < 25 (minimum length floor is 25)
44791735,abc264_b,data/external/ConDefects/Code/abc264_b/Python/44791735/faultyVersion.py,data/external/ConDefects/Code/abc264_b/Python/44791735/correctVersion.py,data/external/ConDefects/Test/abc264_b,6,3.14.3,True,,,6,ineligible,loc < 25 (minimum length floor is 25)
45323702,abc264_b,data/external/ConDefects/Code/abc264_b/Python/45323702/faultyVersion.py,data/external/ConDefects/Code/abc264_b/Python/45323702/correctVersion.py,data/external/ConDefects/Test/abc264_b,6,3.14.3,True,,,6,ineligible,loc < 25 (minimum length floor is 25)
45507078,abc264_b,data/external/ConDefects/Code/abc264_b/Python/45507078/faultyVersion.py,data/external/ConDefects/Code/abc264_b/Python/45507078/correctVersion.py,data/external/ConDefects/Test/abc264_b,4,3.14.3,True,,,4,ineligible,loc < 25 (minimum length floor is 25)
45725806,abc264_b,data/external/ConDefects/Code/abc264_b/Python/45725806/faultyVersion.py,data/external/ConDefects/Code/abc264_b/Python/45725806/correctVersion.py,data/external/ConDefects/Test/abc264_b,6,3.14.3,True,,,6,ineligible,loc < 25 (minimum length floor is 25)
44997229,abc264_c,data/external/ConDefects/Code/abc264_c/Python/44997229/faultyVersion.py,data/external/ConDefects/Code/abc264_c/Python/44997229/correctVersion.py,data/external/ConDefects/Test/abc264_c,24,3.14.3,True,,,24,ineligible,loc < 25 (minimum length floor is 25)
45221303,abc264_c,data/external/ConDefects/Code/abc264_c/Python/45221303/faultyVersion.py,data/external/ConDefects/Code/abc264_c/Python/45221303/correctVersion.py,data/external/ConDefects/Test/abc264_c,24,3.14.3,True,,,24,ineligible,loc < 25 (minimum length floor is 25)
45504321,abc264_e,data/external/ConDefects/Code/abc264_e/Python/45504321/faultyVersion.py,data/external/ConDefects/Code/abc264_e/Python/45504321/correctVersion.py,data/external/ConDefects/Test/abc264_e,97,3.14.3,True,,,97,eligible,
34022331,abc264_g,data/external/ConDefects/Code/abc264_g/Python/34022331/faultyVersion.py,data/external/ConDefects/Code/abc264_g/Python/34022331/correctVersion.py,data/external/ConDefects/Test/abc264_g,75,3.14.3,True,,,75,ineligible,non-algorithmic fault
34040426,abc264_g,data/external/ConDefects/Code/abc264_g/Python/34040426/faultyVersion.py,data/external/ConDefects/Code/abc264_g/Python/34040426/correctVersion.py,data/external/ConDefects/Test/abc264_g,73,3.14.3,True,,,73,eligible,
42294250,abc264_g,data/external/ConDefects/Code/abc264_g/Python/42294250/faultyVersion.py,data/external/ConDefects/Code/abc264_g/Python/42294250/correctVersion.py,data/external/ConDefects/Test/abc264_g,92,3.14.3,True,,,92,eligible,
45305147,abc265_a,data/external/ConDefects/Code/abc265_a/Python/45305147/faultyVersion.py,data/external/ConDefects/Code/abc265_a/Python/45305147/correctVersion.py,data/external/ConDefects/Test/abc265_a,4,3.14.3,True,,,4,ineligible,loc < 25 (minimum length floor is 25)
45840285,abc265_a,data/external/ConDefects/Code/abc265_a/Python/45840285/faultyVersion.py,data/external/ConDefects/Code/abc265_a/Python/45840285/correctVersion.py,data/external/ConDefects/Test/abc265_a,6,3.14.3,True,,,6,ineligible,loc < 25 (minimum length floor is 25)
45288123,abc265_b,data/external/ConDefects/Code/abc265_b/Python/45288123/faultyVersion.py,data/external/ConDefects/Code/abc265_b/Python/45288123/correctVersion.py,data/external/ConDefects/Test/abc265_b,23,3.14.3,True,,,23,ineligible,loc < 25 (minimum length floor is 25)
45487693,abc265_b,data/external/ConDefects/Code/abc265_b/Python/45487693/faultyVersion.py,data/external/ConDefects/Code/abc265_b/Python/45487693/correctVersion.py,data/external/ConDefects/Test/abc265_b,18,3.14.3,True,,,18,ineligible,loc < 25 (minimum length floor is 25)
45498956,abc265_b,data/external/ConDefects/Code/abc265_b/Python/45498956/faultyVersion.py,data/external/ConDefects/Code/abc265_b/Python/45498956/correctVersion.py,data/external/ConDefects/Test/abc265_b,17,3.14.3,True,,,17,ineligible,loc < 25 (minimum length floor is 25)
45698748,abc265_b,data/external/ConDefects/Code/abc265_b/Python/45698748/faultyVersion.py,data/external/ConDefects/Code/abc265_b/Python/45698748/correctVersion.py,data/external/ConDefects/Test/abc265_b,18,3.14.3,True,,,18,ineligible,loc < 25 (minimum length floor is 25)
45798886,abc265_b,data/external/ConDefects/Code/abc265_b/Python/45798886/faultyVersion.py,data/external/ConDefects/Code/abc265_b/Python/45798886/correctVersion.py,data/external/ConDefects/Test/abc265_b,84,3.14.3,True,,,84,eligible,
46016041,abc265_b,data/external/ConDefects/Code/abc265_b/Python/46016041/faultyVersion.py,data/external/ConDefects/Code/abc265_b/Python/46016041/correctVersion.py,data/external/ConDefects/Test/abc265_b,35,3.14.3,True,,,35,eligible,
46056659,abc265_b,data/external/ConDefects/Code/abc265_b/Python/46056659/faultyVersion.py,data/external/ConDefects/Code/abc265_b/Python/46056659/correctVersion.py,data/external/ConDefects/Test/abc265_b,16,3.14.3,True,,,16,ineligible,loc < 25 (minimum length floor is 25)
46154642,abc265_c,data/external/ConDefects/Code/abc265_c/Python/46154642/faultyVersion.py,data/external/ConDefects/Code/abc265_c/Python/46154642/correctVersion.py,data/external/ConDefects/Test/abc265_c,39,3.14.3,True,,,39,eligible,
45075464,abc265_d,data/external/ConDefects/Code/abc265_d/Python/45075464/faultyVersion.py,data/external/ConDefects/Code/abc265_d/Python/45075464/correctVersion.py,data/external/ConDefects/Test/abc265_d,20,3.14.3,True,,,20,ineligible,loc < 25 (minimum length floor is 25)
45502599,abc265_d,data/external/ConDefects/Code/abc265_d/Python/45502599/faultyVersion.py,data/external/ConDefects/Code/abc265_d/Python/45502599/correctVersion.py,data/external/ConDefects/Test/abc265_d,720,3.14.3,True,,,720,ineligible,loc > 300 (maximum length ceiling is 300)
45966660,abc265_d,data/external/ConDefects/Code/abc265_d/Python/45966660/faultyVersion.py,data/external/ConDefects/Code/abc265_d/Python/45966660/correctVersion.py,data/external/ConDefects/Test/abc265_d,54,3.14.3,True,,,54,eligible,
46180053,abc265_d,data/external/ConDefects/Code/abc265_d/Python/46180053/faultyVersion.py,data/external/ConDefects/Code/abc265_d/Python/46180053/correctVersion.py,data/external/ConDefects/Test/abc265_d,19,3.14.3,True,,,19,ineligible,loc < 25 (minimum length floor is 25)
43487741,abc265_f,data/external/ConDefects/Code/abc265_f/Python/43487741/faultyVersion.py,data/external/ConDefects/Code/abc265_f/Python/43487741/correctVersion.py,data/external/ConDefects/Test/abc265_f,51,3.14.3,True,,,51,eligible,
46700668,abc265_g,data/external/ConDefects/Code/abc265_g/Python/46700668/faultyVersion.py,data/external/ConDefects/Code/abc265_g/Python/46700668/correctVersion.py,data/external/ConDefects/Test/abc265_g,142,3.14.3,True,,,142,eligible,
44372589,abc266_b,data/external/ConDefects/Code/abc266_b/Python/44372589/faultyVersion.py,data/external/ConDefects/Code/abc266_b/Python/44372589/correctVersion.py,data/external/ConDefects/Test/abc266_b,3,3.14.3,True,,,3,ineligible,loc < 25 (minimum length floor is 25)
45028295,abc266_b,data/external/ConDefects/Code/abc266_b/Python/45028295/faultyVersion.py,data/external/ConDefects/Code/abc266_b/Python/45028295/correctVersion.py,data/external/ConDefects/Test/abc266_b,18,3.14.3,True,,,18,ineligible,loc < 25 (minimum length floor is 25)
44375735,abc266_c,data/external/ConDefects/Code/abc266_c/Python/44375735/faultyVersion.py,data/external/ConDefects/Code/abc266_c/Python/44375735/correctVersion.py,data/external/ConDefects/Test/abc266_c,25,3.14.3,True,,,25,ineligible,multiple independent faults
45028964,abc266_c,data/external/ConDefects/Code/abc266_c/Python/45028964/faultyVersion.py,data/external/ConDefects/Code/abc266_c/Python/45028964/correctVersion.py,data/external/ConDefects/Test/abc266_c,46,3.14.3,True,,,46,eligible,
45522626,abc266_c,data/external/ConDefects/Code/abc266_c/Python/45522626/faultyVersion.py,data/external/ConDefects/Code/abc266_c/Python/45522626/correctVersion.py,data/external/ConDefects/Test/abc266_c,16,3.14.3,True,,,16,ineligible,loc < 25 (minimum length floor is 25)
44445026,abc266_d,data/external/ConDefects/Code/abc266_d/Python/44445026/faultyVersion.py,data/external/ConDefects/Code/abc266_d/Python/44445026/correctVersion.py,data/external/ConDefects/Test/abc266_d,37,3.14.3,True,,,37,ineligible,multi-line fault — excluded by v2 single-line filter
44641284,abc266_e,data/external/ConDefects/Code/abc266_e/Python/44641284/faultyVersion.py,data/external/ConDefects/Code/abc266_e/Python/44641284/correctVersion.py,data/external/ConDefects/Test/abc266_e,16,3.14.3,True,,,16,ineligible,loc < 25 (minimum length floor is 25)
50709042,abc266_f,data/external/ConDefects/Code/abc266_f/Python/50709042/faultyVersion.py,data/external/ConDefects/Code/abc266_f/Python/50709042/correctVersion.py,data/external/ConDefects/Test/abc266_f,53,3.14.3,True,,,53,eligible,
44683031,abc266_g,data/external/ConDefects/Code/abc266_g/Python/44683031/faultyVersion.py,data/external/ConDefects/Code/abc266_g/Python/44683031/correctVersion.py,data/external/ConDefects/Test/abc266_g,30,3.14.3,True,,,30,ineligible,multiple independent faults
34423081,abc266_h,data/external/ConDefects/Code/abc266_h/Python/34423081/faultyVersion.py,data/external/ConDefects/Code/abc266_h/Python/34423081/correctVersion.py,data/external/ConDefects/Test/abc266_h,259,3.14.3,True,,,259,eligible,
45943869,abc267_a,data/external/ConDefects/Code/abc267_a/Python/45943869/faultyVersion.py,data/external/ConDefects/Code/abc267_a/Python/45943869/correctVersion.py,data/external/ConDefects/Test/abc267_a,11,3.14.3,True,,,11,ineligible,loc < 25 (minimum length floor is 25)
45086999,abc267_b,data/external/ConDefects/Code/abc267_b/Python/45086999/faultyVersion.py,data/external/ConDefects/Code/abc267_b/Python/45086999/correctVersion.py,data/external/ConDefects/Test/abc267_b,11,3.14.3,True,,,11,ineligible,loc < 25 (minimum length floor is 25)
45233540,abc267_b,data/external/ConDefects/Code/abc267_b/Python/45233540/faultyVersion.py,data/external/ConDefects/Code/abc267_b/Python/45233540/correctVersion.py,data/external/ConDefects/Test/abc267_b,33,3.14.3,True,,,33,eligible,
45810314,abc267_b,data/external/ConDefects/Code/abc267_b/Python/45810314/faultyVersion.py,data/external/ConDefects/Code/abc267_b/Python/45810314/correctVersion.py,data/external/ConDefects/Test/abc267_b,22,3.14.3,True,,,22,ineligible,loc < 25 (minimum length floor is 25)
45974485,abc267_b,data/external/ConDefects/Code/abc267_b/Python/45974485/faultyVersion.py,data/external/ConDefects/Code/abc267_b/Python/45974485/correctVersion.py,data/external/ConDefects/Test/abc267_b,34,3.14.3,True,,,34,eligible,
45068144,abc267_c,data/external/ConDefects/Code/abc267_c/Python/45068144/faultyVersion.py,data/external/ConDefects/Code/abc267_c/Python/45068144/correctVersion.py,data/external/ConDefects/Test/abc267_c,46,3.14.3,True,,,46,eligible,
45076867,abc267_c,data/external/ConDefects/Code/abc267_c/Python/45076867/faultyVersion.py,data/external/ConDefects/Code/abc267_c/Python/45076867/correctVersion.py,data/external/ConDefects/Test/abc267_c,25,3.14.3,True,,,25,eligible,
45118455,abc267_c,data/external/ConDefects/Code/abc267_c/Python/45118455/faultyVersion.py,data/external/ConDefects/Code/abc267_c/Python/45118455/correctVersion.py,data/external/ConDefects/Test/abc267_c,725,3.14.3,True,,,725,ineligible,loc > 300 (maximum length ceiling is 300)
45019438,abc267_d,data/external/ConDefects/Code/abc267_d/Python/45019438/faultyVersion.py,data/external/ConDefects/Code/abc267_d/Python/45019438/correctVersion.py,data/external/ConDefects/Test/abc267_d,21,3.14.3,True,,,21,ineligible,loc < 25 (minimum length floor is 25)
45032308,abc267_d,data/external/ConDefects/Code/abc267_d/Python/45032308/faultyVersion.py,data/external/ConDefects/Code/abc267_d/Python/45032308/correctVersion.py,data/external/ConDefects/Test/abc267_d,18,3.14.3,True,,,18,ineligible,loc < 25 (minimum length floor is 25)
45231504,abc267_d,data/external/ConDefects/Code/abc267_d/Python/45231504/faultyVersion.py,data/external/ConDefects/Code/abc267_d/Python/45231504/correctVersion.py,data/external/ConDefects/Test/abc267_d,13,3.14.3,True,,,13,ineligible,loc < 25 (minimum length floor is 25)
45469454,abc267_d,data/external/ConDefects/Code/abc267_d/Python/45469454/faultyVersion.py,data/external/ConDefects/Code/abc267_d/Python/45469454/correctVersion.py,data/external/ConDefects/Test/abc267_d,17,3.14.3,True,,,17,ineligible,loc < 25 (minimum length floor is 25)
45515271,abc267_d,data/external/ConDefects/Code/abc267_d/Python/45515271/faultyVersion.py,data/external/ConDefects/Code/abc267_d/Python/45515271/correctVersion.py,data/external/ConDefects/Test/abc267_d,10,3.14.3,True,,,10,ineligible,loc < 25 (minimum length floor is 25)
45550363,abc267_d,data/external/ConDefects/Code/abc267_d/Python/45550363/faultyVersion.py,data/external/ConDefects/Code/abc267_d/Python/45550363/correctVersion.py,data/external/ConDefects/Test/abc267_d,27,3.14.3,True,,,27,eligible,
45812454,abc267_d,data/external/ConDefects/Code/abc267_d/Python/45812454/faultyVersion.py,data/external/ConDefects/Code/abc267_d/Python/45812454/correctVersion.py,data/external/ConDefects/Test/abc267_d,679,3.14.3,True,,,679,ineligible,loc > 300 (maximum length ceiling is 300)
44930062,abc267_e,data/external/ConDefects/Code/abc267_e/Python/44930062/faultyVersion.py,data/external/ConDefects/Code/abc267_e/Python/44930062/correctVersion.py,data/external/ConDefects/Test/abc267_e,430,3.14.3,True,,,430,ineligible,loc > 300 (maximum length ceiling is 300)
46128146,abc267_e,data/external/ConDefects/Code/abc267_e/Python/46128146/faultyVersion.py,data/external/ConDefects/Code/abc267_e/Python/46128146/correctVersion.py,data/external/ConDefects/Test/abc267_e,29,3.14.3,True,,,29,eligible,
45545460,abc267_f,data/external/ConDefects/Code/abc267_f/Python/45545460/faultyVersion.py,data/external/ConDefects/Code/abc267_f/Python/45545460/correctVersion.py,data/external/ConDefects/Test/abc267_f,80,3.14.3,True,,,80,eligible,
35931814,abc267_g,data/external/ConDefects/Code/abc267_g/Python/35931814/faultyVersion.py,data/external/ConDefects/Code/abc267_g/Python/35931814/correctVersion.py,data/external/ConDefects/Test/abc267_g,24,3.14.3,True,,,24,ineligible,loc < 25 (minimum length floor is 25)
35794099,abc267_h,data/external/ConDefects/Code/abc267_h/Python/35794099/faultyVersion.py,data/external/ConDefects/Code/abc267_h/Python/35794099/correctVersion.py,data/external/ConDefects/Test/abc267_h,141,3.14.3,True,,,141,eligible,
45422238,abc268_b,data/external/ConDefects/Code/abc268_b/Python/45422238/faultyVersion.py,data/external/ConDefects/Code/abc268_b/Python/45422238/correctVersion.py,data/external/ConDefects/Test/abc268_b,6,3.14.3,True,,,6,ineligible,loc < 25 (minimum length floor is 25)
45122098,abc268_c,data/external/ConDefects/Code/abc268_c/Python/45122098/faultyVersion.py,data/external/ConDefects/Code/abc268_c/Python/45122098/correctVersion.py,data/external/ConDefects/Test/abc268_c,14,3.14.3,True,,,14,ineligible,loc < 25 (minimum length floor is 25)
45037018,abc268_d,data/external/ConDefects/Code/abc268_d/Python/45037018/faultyVersion.py,data/external/ConDefects/Code/abc268_d/Python/45037018/correctVersion.py,data/external/ConDefects/Test/abc268_d,52,3.14.3,True,,,52,eligible,
45092436,abc268_d,data/external/ConDefects/Code/abc268_d/Python/45092436/faultyVersion.py,data/external/ConDefects/Code/abc268_d/Python/45092436/correctVersion.py,data/external/ConDefects/Test/abc268_d,39,3.14.3,True,,,39,eligible,
45791112,abc268_d,data/external/ConDefects/Code/abc268_d/Python/45791112/faultyVersion.py,data/external/ConDefects/Code/abc268_d/Python/45791112/correctVersion.py,data/external/ConDefects/Test/abc268_d,740,3.14.3,True,,,740,ineligible,loc > 300 (maximum length ceiling is 300)
45999253,abc268_d,data/external/ConDefects/Code/abc268_d/Python/45999253/faultyVersion.py,data/external/ConDefects/Code/abc268_d/Python/45999253/correctVersion.py,data/external/ConDefects/Test/abc268_d,48,3.14.3,True,,,48,eligible,
45999403,abc268_d,data/external/ConDefects/Code/abc268_d/Python/45999403/faultyVersion.py,data/external/ConDefects/Code/abc268_d/Python/45999403/correctVersion.py,data/external/ConDefects/Test/abc268_d,28,3.14.3,True,,,28,eligible,
46033322,abc268_d,data/external/ConDefects/Code/abc268_d/Python/46033322/faultyVersion.py,data/external/ConDefects/Code/abc268_d/Python/46033322/correctVersion.py,data/external/ConDefects/Test/abc268_d,24,3.14.3,True,,,24,ineligible,loc < 25 (minimum length floor is 25)
46151794,abc268_d,data/external/ConDefects/Code/abc268_d/Python/46151794/faultyVersion.py,data/external/ConDefects/Code/abc268_d/Python/46151794/correctVersion.py,data/external/ConDefects/Test/abc268_d,45,3.14.3,True,,,45,eligible,
46188576,abc268_d,data/external/ConDefects/Code/abc268_d/Python/46188576/faultyVersion.py,data/external/ConDefects/Code/abc268_d/Python/46188576/correctVersion.py,data/external/ConDefects/Test/abc268_d,35,3.14.3,True,,,35,eligible,
45307852,abc268_e,data/external/ConDefects/Code/abc268_e/Python/45307852/faultyVersion.py,data/external/ConDefects/Code/abc268_e/Python/45307852/correctVersion.py,data/external/ConDefects/Test/abc268_e,38,3.14.3,True,,,38,ineligible,multiple independent faults
46000676,abc268_e,data/external/ConDefects/Code/abc268_e/Python/46000676/faultyVersion.py,data/external/ConDefects/Code/abc268_e/Python/46000676/correctVersion.py,data/external/ConDefects/Test/abc268_e,16,3.14.3,True,,,16,ineligible,loc < 25 (minimum length floor is 25)
46052240,abc268_e,data/external/ConDefects/Code/abc268_e/Python/46052240/faultyVersion.py,data/external/ConDefects/Code/abc268_e/Python/46052240/correctVersion.py,data/external/ConDefects/Test/abc268_e,41,3.14.3,True,,,41,eligible,
34968864,abc268_g,data/external/ConDefects/Code/abc268_g/Python/34968864/faultyVersion.py,data/external/ConDefects/Code/abc268_g/Python/34968864/correctVersion.py,data/external/ConDefects/Test/abc268_g,110,3.14.3,True,,,110,ineligible,multiple independent faults
44447952,abc268_h,data/external/ConDefects/Code/abc268_h/Python/44447952/faultyVersion.py,data/external/ConDefects/Code/abc268_h/Python/44447952/correctVersion.py,data/external/ConDefects/Test/abc268_h,356,3.14.3,True,,,356,ineligible,loc > 300 (maximum length ceiling is 300)
49241806,abc268_h,data/external/ConDefects/Code/abc268_h/Python/49241806/faultyVersion.py,data/external/ConDefects/Code/abc268_h/Python/49241806/correctVersion.py,data/external/ConDefects/Test/abc268_h,74,3.14.3,True,,,74,eligible,
49647495,abc268_h,data/external/ConDefects/Code/abc268_h/Python/49647495/faultyVersion.py,data/external/ConDefects/Code/abc268_h/Python/49647495/correctVersion.py,data/external/ConDefects/Test/abc268_h,64,3.14.3,True,,,64,ineligible,multi-line fault — excluded by v2 single-line filter
45960382,abc269_a,data/external/ConDefects/Code/abc269_a/Python/45960382/faultyVersion.py,data/external/ConDefects/Code/abc269_a/Python/45960382/correctVersion.py,data/external/ConDefects/Test/abc269_a,8,3.14.3,True,,,8,ineligible,loc < 25 (minimum length floor is 25)
45960449,abc269_a,data/external/ConDefects/Code/abc269_a/Python/45960449/faultyVersion.py,data/external/ConDefects/Code/abc269_a/Python/45960449/correctVersion.py,data/external/ConDefects/Test/abc269_a,3,3.14.3,True,,,3,ineligible,loc < 25 (minimum length floor is 25)
45960652,abc269_a,data/external/ConDefects/Code/abc269_a/Python/45960652/faultyVersion.py,data/external/ConDefects/Code/abc269_a/Python/45960652/correctVersion.py,data/external/ConDefects/Test/abc269_a,4,3.14.3,True,,,4,ineligible,loc < 25 (minimum length floor is 25)
45961458,abc269_b,data/external/ConDefects/Code/abc269_b/Python/45961458/faultyVersion.py,data/external/ConDefects/Code/abc269_b/Python/45961458/correctVersion.py,data/external/ConDefects/Test/abc269_b,15,3.14.3,True,,,15,ineligible,loc < 25 (minimum length floor is 25)
45092563,abc269_c,data/external/ConDefects/Code/abc269_c/Python/45092563/faultyVersion.py,data/external/ConDefects/Code/abc269_c/Python/45092563/correctVersion.py,data/external/ConDefects/Test/abc269_c,16,3.14.3,True,,,16,ineligible,loc < 25 (minimum length floor is 25)
52213061,abc269_d,data/external/ConDefects/Code/abc269_d/Python/52213061/faultyVersion.py,data/external/ConDefects/Code/abc269_d/Python/52213061/correctVersion.py,data/external/ConDefects/Test/abc269_d,71,3.14.3,True,,,71,eligible,
45055935,abc269_e,data/external/ConDefects/Code/abc269_e/Python/45055935/faultyVersion.py,data/external/ConDefects/Code/abc269_e/Python/45055935/correctVersion.py,data/external/ConDefects/Test/abc269_e,30,3.14.3,True,,,30,ineligible,multiple independent faults
45214207,abc269_e,data/external/ConDefects/Code/abc269_e/Python/45214207/faultyVersion.py,data/external/ConDefects/Code/abc269_e/Python/45214207/correctVersion.py,data/external/ConDefects/Test/abc269_e,58,3.14.3,True,,,58,eligible,
35978955,abc269_g,data/external/ConDefects/Code/abc269_g/Python/35978955/faultyVersion.py,data/external/ConDefects/Code/abc269_g/Python/35978955/correctVersion.py,data/external/ConDefects/Test/abc269_g,66,3.14.3,True,,,66,eligible,
43509672,abc269_g,data/external/ConDefects/Code/abc269_g/Python/43509672/faultyVersion.py,data/external/ConDefects/Code/abc269_g/Python/43509672/correctVersion.py,data/external/ConDefects/Test/abc269_g,30,3.14.3,True,,,30,eligible,
44921373,abc270_a,data/external/ConDefects/Code/abc270_a/Python/44921373/faultyVersion.py,data/external/ConDefects/Code/abc270_a/Python/44921373/correctVersion.py,data/external/ConDefects/Test/abc270_a,3,3.14.3,True,,,3,ineligible,loc < 25 (minimum length floor is 25)
46202213,abc270_a,data/external/ConDefects/Code/abc270_a/Python/46202213/faultyVersion.py,data/external/ConDefects/Code/abc270_a/Python/46202213/correctVersion.py,data/external/ConDefects/Test/abc270_a,10,3.14.3,True,,,10,ineligible,loc < 25 (minimum length floor is 25)
45342389,abc270_b,data/external/ConDefects/Code/abc270_b/Python/45342389/faultyVersion.py,data/external/ConDefects/Code/abc270_b/Python/45342389/correctVersion.py,data/external/ConDefects/Test/abc270_b,11,3.14.3,True,,,11,ineligible,loc < 25 (minimum length floor is 25)
45519272,abc270_b,data/external/ConDefects/Code/abc270_b/Python/45519272/faultyVersion.py,data/external/ConDefects/Code/abc270_b/Python/45519272/correctVersion.py,data/external/ConDefects/Test/abc270_b,13,3.14.3,True,,,13,ineligible,loc < 25 (minimum length floor is 25)
46011134,abc270_b,data/external/ConDefects/Code/abc270_b/Python/46011134/faultyVersion.py,data/external/ConDefects/Code/abc270_b/Python/46011134/correctVersion.py,data/external/ConDefects/Test/abc270_b,15,3.14.3,True,,,15,ineligible,loc < 25 (minimum length floor is 25)
46011140,abc270_b,data/external/ConDefects/Code/abc270_b/Python/46011140/faultyVersion.py,data/external/ConDefects/Code/abc270_b/Python/46011140/correctVersion.py,data/external/ConDefects/Test/abc270_b,27,3.14.3,True,,,27,eligible,
54301518,abc270_c,data/external/ConDefects/Code/abc270_c/Python/54301518/faultyVersion.py,data/external/ConDefects/Code/abc270_c/Python/54301518/correctVersion.py,data/external/ConDefects/Test/abc270_c,34,3.14.3,True,,,34,eligible,
45126109,abc270_d,data/external/ConDefects/Code/abc270_d/Python/45126109/faultyVersion.py,data/external/ConDefects/Code/abc270_d/Python/45126109/correctVersion.py,data/external/ConDefects/Test/abc270_d,647,3.14.3,True,,,647,ineligible,loc > 300 (maximum length ceiling is 300)
45974029,abc270_d,data/external/ConDefects/Code/abc270_d/Python/45974029/faultyVersion.py,data/external/ConDefects/Code/abc270_d/Python/45974029/correctVersion.py,data/external/ConDefects/Test/abc270_d,92,3.14.3,True,,,92,eligible,
43228358,abc270_g,data/external/ConDefects/Code/abc270_g/Python/43228358/faultyVersion.py,data/external/ConDefects/Code/abc270_g/Python/43228358/correctVersion.py,data/external/ConDefects/Test/abc270_g,75,3.14.3,True,,,75,ineligible,multiple independent faults
49178986,abc270_g,data/external/ConDefects/Code/abc270_g/Python/49178986/faultyVersion.py,data/external/ConDefects/Code/abc270_g/Python/49178986/correctVersion.py,data/external/ConDefects/Test/abc270_g,46,3.14.3,True,,,46,eligible,
49185222,abc270_g,data/external/ConDefects/Code/abc270_g/Python/49185222/faultyVersion.py,data/external/ConDefects/Code/abc270_g/Python/49185222/correctVersion.py,data/external/ConDefects/Test/abc270_g,62,3.14.3,True,,,62,eligible,
52785891,abc270_g,data/external/ConDefects/Code/abc270_g/Python/52785891/faultyVersion.py,data/external/ConDefects/Code/abc270_g/Python/52785891/correctVersion.py,data/external/ConDefects/Test/abc270_g,61,3.14.3,True,,,61,eligible,
44974304,abc271_a,data/external/ConDefects/Code/abc271_a/Python/44974304/faultyVersion.py,data/external/ConDefects/Code/abc271_a/Python/44974304/correctVersion.py,data/external/ConDefects/Test/abc271_a,3,3.14.3,True,,,3,ineligible,loc < 25 (minimum length floor is 25)
45555284,abc271_a,data/external/ConDefects/Code/abc271_a/Python/45555284/faultyVersion.py,data/external/ConDefects/Code/abc271_a/Python/45555284/correctVersion.py,data/external/ConDefects/Test/abc271_a,2,3.14.3,True,,,2,ineligible,loc < 25 (minimum length floor is 25)
45782471,abc271_a,data/external/ConDefects/Code/abc271_a/Python/45782471/faultyVersion.py,data/external/ConDefects/Code/abc271_a/Python/45782471/correctVersion.py,data/external/ConDefects/Test/abc271_a,4,3.14.3,True,,,4,ineligible,loc < 25 (minimum length floor is 25)
45793366,abc271_a,data/external/ConDefects/Code/abc271_a/Python/45793366/faultyVersion.py,data/external/ConDefects/Code/abc271_a/Python/45793366/correctVersion.py,data/external/ConDefects/Test/abc271_a,32,3.14.3,True,,,32,eligible,
46000119,abc271_a,data/external/ConDefects/Code/abc271_a/Python/46000119/faultyVersion.py,data/external/ConDefects/Code/abc271_a/Python/46000119/correctVersion.py,data/external/ConDefects/Test/abc271_a,8,3.14.3,True,,,8,ineligible,loc < 25 (minimum length floor is 25)
45004566,abc271_c,data/external/ConDefects/Code/abc271_c/Python/45004566/faultyVersion.py,data/external/ConDefects/Code/abc271_c/Python/45004566/correctVersion.py,data/external/ConDefects/Test/abc271_c,30,3.14.3,True,,,30,ineligible,multi-line fault — excluded by v2 single-line filter
45062381,abc271_c,data/external/ConDefects/Code/abc271_c/Python/45062381/faultyVersion.py,data/external/ConDefects/Code/abc271_c/Python/45062381/correctVersion.py,data/external/ConDefects/Test/abc271_c,19,3.14.3,True,,,19,ineligible,loc < 25 (minimum length floor is 25)
45808178,abc271_c,data/external/ConDefects/Code/abc271_c/Python/45808178/faultyVersion.py,data/external/ConDefects/Code/abc271_c/Python/45808178/correctVersion.py,data/external/ConDefects/Test/abc271_c,16,3.14.3,True,,,16,ineligible,loc < 25 (minimum length floor is 25)
46008428,abc271_d,data/external/ConDefects/Code/abc271_d/Python/46008428/faultyVersion.py,data/external/ConDefects/Code/abc271_d/Python/46008428/correctVersion.py,data/external/ConDefects/Test/abc271_d,46,3.14.3,True,,,46,eligible,
45981596,abc271_e,data/external/ConDefects/Code/abc271_e/Python/45981596/faultyVersion.py,data/external/ConDefects/Code/abc271_e/Python/45981596/correctVersion.py,data/external/ConDefects/Test/abc271_e,11,3.14.3,True,,,11,ineligible,loc < 25 (minimum length floor is 25)
37700812,abc271_g,data/external/ConDefects/Code/abc271_g/Python/37700812/faultyVersion.py,data/external/ConDefects/Code/abc271_g/Python/37700812/correctVersion.py,data/external/ConDefects/Test/abc271_g,74,3.14.3,True,,,74,eligible,
35401620,abc271_h,data/external/ConDefects/Code/abc271_h/Python/35401620/faultyVersion.py,data/external/ConDefects/Code/abc271_h/Python/35401620/correctVersion.py,data/external/ConDefects/Test/abc271_h,96,3.14.3,True,,,96,ineligible,multi-line fault — excluded by v2 single-line filter
54716396,abc271_h,data/external/ConDefects/Code/abc271_h/Python/54716396/faultyVersion.py,data/external/ConDefects/Code/abc271_h/Python/54716396/correctVersion.py,data/external/ConDefects/Test/abc271_h,45,3.14.3,True,,,45,ineligible,multi-line fault — excluded by v2 single-line filter
54282225,abc272_a,data/external/ConDefects/Code/abc272_a/Python/54282225/faultyVersion.py,data/external/ConDefects/Code/abc272_a/Python/54282225/correctVersion.py,data/external/ConDefects/Test/abc272_a,9,3.14.3,True,,,9,ineligible,loc < 25 (minimum length floor is 25)
53303936,abc272_b,data/external/ConDefects/Code/abc272_b/Python/53303936/faultyVersion.py,data/external/ConDefects/Code/abc272_b/Python/53303936/correctVersion.py,data/external/ConDefects/Test/abc272_b,16,3.14.3,True,,,16,ineligible,loc < 25 (minimum length floor is 25)
45282989,abc272_c,data/external/ConDefects/Code/abc272_c/Python/45282989/faultyVersion.py,data/external/ConDefects/Code/abc272_c/Python/45282989/correctVersion.py,data/external/ConDefects/Test/abc272_c,25,3.14.3,True,,,25,eligible,
45929207,abc272_c,data/external/ConDefects/Code/abc272_c/Python/45929207/faultyVersion.py,data/external/ConDefects/Code/abc272_c/Python/45929207/correctVersion.py,data/external/ConDefects/Test/abc272_c,15,3.14.3,True,,,15,ineligible,loc < 25 (minimum length floor is 25)
45973568,abc272_c,data/external/ConDefects/Code/abc272_c/Python/45973568/faultyVersion.py,data/external/ConDefects/Code/abc272_c/Python/45973568/correctVersion.py,data/external/ConDefects/Test/abc272_c,12,3.14.3,True,,,12,ineligible,loc < 25 (minimum length floor is 25)
45985100,abc272_c,data/external/ConDefects/Code/abc272_c/Python/45985100/faultyVersion.py,data/external/ConDefects/Code/abc272_c/Python/45985100/correctVersion.py,data/external/ConDefects/Test/abc272_c,19,3.14.3,True,,,19,ineligible,loc < 25 (minimum length floor is 25)
46144815,abc272_c,data/external/ConDefects/Code/abc272_c/Python/46144815/faultyVersion.py,data/external/ConDefects/Code/abc272_c/Python/46144815/correctVersion.py,data/external/ConDefects/Test/abc272_c,15,3.14.3,True,,,15,ineligible,loc < 25 (minimum length floor is 25)
45114386,abc272_d,data/external/ConDefects/Code/abc272_d/Python/45114386/faultyVersion.py,data/external/ConDefects/Code/abc272_d/Python/45114386/correctVersion.py,data/external/ConDefects/Test/abc272_d,39,3.14.3,True,,,39,ineligible,multiple independent faults
45575170,abc272_d,data/external/ConDefects/Code/abc272_d/Python/45575170/faultyVersion.py,data/external/ConDefects/Code/abc272_d/Python/45575170/correctVersion.py,data/external/ConDefects/Test/abc272_d,42,3.14.3,True,,,42,eligible,
45511246,abc272_e,data/external/ConDefects/Code/abc272_e/Python/45511246/faultyVersion.py,data/external/ConDefects/Code/abc272_e/Python/45511246/correctVersion.py,data/external/ConDefects/Test/abc272_e,33,3.14.3,True,,,33,ineligible,multi-line fault — excluded by v2 single-line filter
45528883,abc272_e,data/external/ConDefects/Code/abc272_e/Python/45528883/faultyVersion.py,data/external/ConDefects/Code/abc272_e/Python/45528883/correctVersion.py,data/external/ConDefects/Test/abc272_e,22,3.14.3,True,,,22,ineligible,loc < 25 (minimum length floor is 25)
45548360,abc272_e,data/external/ConDefects/Code/abc272_e/Python/45548360/faultyVersion.py,data/external/ConDefects/Code/abc272_e/Python/45548360/correctVersion.py,data/external/ConDefects/Test/abc272_e,17,3.14.3,True,,,17,ineligible,loc < 25 (minimum length floor is 25)
45548566,abc272_e,data/external/ConDefects/Code/abc272_e/Python/45548566/faultyVersion.py,data/external/ConDefects/Code/abc272_e/Python/45548566/correctVersion.py,data/external/ConDefects/Test/abc272_e,19,3.14.3,True,,,19,ineligible,loc < 25 (minimum length floor is 25)
46719819,abc272_f,data/external/ConDefects/Code/abc272_f/Python/46719819/faultyVersion.py,data/external/ConDefects/Code/abc272_f/Python/46719819/correctVersion.py,data/external/ConDefects/Test/abc272_f,299,3.14.3,True,,,299,ineligible,multiple independent faults
49227972,abc272_f,data/external/ConDefects/Code/abc272_f/Python/49227972/faultyVersion.py,data/external/ConDefects/Code/abc272_f/Python/49227972/correctVersion.py,data/external/ConDefects/Test/abc272_f,181,3.14.3,True,,,181,eligible,
52005290,abc272_f,data/external/ConDefects/Code/abc272_f/Python/52005290/faultyVersion.py,data/external/ConDefects/Code/abc272_f/Python/52005290/correctVersion.py,data/external/ConDefects/Test/abc272_f,421,3.14.3,True,,,421,ineligible,loc > 300 (maximum length ceiling is 300)
52456403,abc272_f,data/external/ConDefects/Code/abc272_f/Python/52456403/faultyVersion.py,data/external/ConDefects/Code/abc272_f/Python/52456403/correctVersion.py,data/external/ConDefects/Test/abc272_f,935,3.14.3,True,,,935,ineligible,loc > 300 (maximum length ceiling is 300)
53512226,abc272_f,data/external/ConDefects/Code/abc272_f/Python/53512226/faultyVersion.py,data/external/ConDefects/Code/abc272_f/Python/53512226/correctVersion.py,data/external/ConDefects/Test/abc272_f,4,3.14.3,True,,,4,ineligible,loc < 25 (minimum length floor is 25)
47192828,abc272_g,data/external/ConDefects/Code/abc272_g/Python/47192828/faultyVersion.py,data/external/ConDefects/Code/abc272_g/Python/47192828/correctVersion.py,data/external/ConDefects/Test/abc272_g,39,3.14.3,True,,,39,eligible,
48246740,abc272_g,data/external/ConDefects/Code/abc272_g/Python/48246740/faultyVersion.py,data/external/ConDefects/Code/abc272_g/Python/48246740/correctVersion.py,data/external/ConDefects/Test/abc272_g,31,3.14.3,True,,,31,eligible,
48872899,abc272_g,data/external/ConDefects/Code/abc272_g/Python/48872899/faultyVersion.py,data/external/ConDefects/Code/abc272_g/Python/48872899/correctVersion.py,data/external/ConDefects/Test/abc272_g,41,3.14.3,True,,,41,ineligible,multi-line fault — excluded by v2 single-line filter
48974864,abc272_g,data/external/ConDefects/Code/abc272_g/Python/48974864/faultyVersion.py,data/external/ConDefects/Code/abc272_g/Python/48974864/correctVersion.py,data/external/ConDefects/Test/abc272_g,43,3.14.3,True,,,43,eligible,
52009362,abc272_g,data/external/ConDefects/Code/abc272_g/Python/52009362/faultyVersion.py,data/external/ConDefects/Code/abc272_g/Python/52009362/correctVersion.py,data/external/ConDefects/Test/abc272_g,119,3.14.3,True,,,119,eligible,
53473806,abc272_g,data/external/ConDefects/Code/abc272_g/Python/53473806/faultyVersion.py,data/external/ConDefects/Code/abc272_g/Python/53473806/correctVersion.py,data/external/ConDefects/Test/abc272_g,121,3.14.3,True,,,121,eligible,
54704821,abc272_g,data/external/ConDefects/Code/abc272_g/Python/54704821/faultyVersion.py,data/external/ConDefects/Code/abc272_g/Python/54704821/correctVersion.py,data/external/ConDefects/Test/abc272_g,38,3.14.3,True,,,38,eligible,
45010464,abc273_b,data/external/ConDefects/Code/abc273_b/Python/45010464/faultyVersion.py,data/external/ConDefects/Code/abc273_b/Python/45010464/correctVersion.py,data/external/ConDefects/Test/abc273_b,8,3.14.3,True,,,8,ineligible,loc < 25 (minimum length floor is 25)
45324083,abc273_b,data/external/ConDefects/Code/abc273_b/Python/45324083/faultyVersion.py,data/external/ConDefects/Code/abc273_b/Python/45324083/correctVersion.py,data/external/ConDefects/Test/abc273_b,4,3.14.3,True,,,4,ineligible,loc < 25 (minimum length floor is 25)
45948106,abc273_b,data/external/ConDefects/Code/abc273_b/Python/45948106/faultyVersion.py,data/external/ConDefects/Code/abc273_b/Python/45948106/correctVersion.py,data/external/ConDefects/Test/abc273_b,23,3.14.3,True,,,23,ineligible,loc < 25 (minimum length floor is 25)
46013086,abc273_b,data/external/ConDefects/Code/abc273_b/Python/46013086/faultyVersion.py,data/external/ConDefects/Code/abc273_b/Python/46013086/correctVersion.py,data/external/ConDefects/Test/abc273_b,15,3.14.3,True,,,15,ineligible,loc < 25 (minimum length floor is 25)
46029599,abc273_b,data/external/ConDefects/Code/abc273_b/Python/46029599/faultyVersion.py,data/external/ConDefects/Code/abc273_b/Python/46029599/correctVersion.py,data/external/ConDefects/Test/abc273_b,7,3.14.3,True,,,7,ineligible,loc < 25 (minimum length floor is 25)
52009785,abc273_c,data/external/ConDefects/Code/abc273_c/Python/52009785/faultyVersion.py,data/external/ConDefects/Code/abc273_c/Python/52009785/correctVersion.py,data/external/ConDefects/Test/abc273_c,279,3.14.3,True,,,279,ineligible,multi-line fault — excluded by v2 single-line filter
44934690,abc273_d,data/external/ConDefects/Code/abc273_d/Python/44934690/faultyVersion.py,data/external/ConDefects/Code/abc273_d/Python/44934690/correctVersion.py,data/external/ConDefects/Test/abc273_d,346,3.14.3,True,,,346,ineligible,loc > 300 (maximum length ceiling is 300)
45053294,abc273_d,data/external/ConDefects/Code/abc273_d/Python/45053294/faultyVersion.py,data/external/ConDefects/Code/abc273_d/Python/45053294/correctVersion.py,data/external/ConDefects/Test/abc273_d,457,3.14.3,True,,,457,ineligible,loc > 300 (maximum length ceiling is 300)
45461646,abc273_d,data/external/ConDefects/Code/abc273_d/Python/45461646/faultyVersion.py,data/external/ConDefects/Code/abc273_d/Python/45461646/correctVersion.py,data/external/ConDefects/Test/abc273_d,61,3.14.3,True,,,61,eligible,
35719660,abc273_g,data/external/ConDefects/Code/abc273_g/Python/35719660/faultyVersion.py,data/external/ConDefects/Code/abc273_g/Python/35719660/correctVersion.py,data/external/ConDefects/Test/abc273_g,105,3.14.3,True,,,105,eligible,
44864361,abc274_a,data/external/ConDefects/Code/abc274_a/Python/44864361/faultyVersion.py,data/external/ConDefects/Code/abc274_a/Python/44864361/correctVersion.py,data/external/ConDefects/Test/abc274_a,3,3.14.3,True,,,3,ineligible,loc < 25 (minimum length floor is 25)
45467023,abc274_a,data/external/ConDefects/Code/abc274_a/Python/45467023/faultyVersion.py,data/external/ConDefects/Code/abc274_a/Python/45467023/correctVersion.py,data/external/ConDefects/Test/abc274_a,3,3.14.3,True,,,3,ineligible,loc < 25 (minimum length floor is 25)
45757801,abc274_a,data/external/ConDefects/Code/abc274_a/Python/45757801/faultyVersion.py,data/external/ConDefects/Code/abc274_a/Python/45757801/correctVersion.py,data/external/ConDefects/Test/abc274_a,2,3.14.3,True,,,2,ineligible,loc < 25 (minimum length floor is 25)
45984868,abc274_a,data/external/ConDefects/Code/abc274_a/Python/45984868/faultyVersion.py,data/external/ConDefects/Code/abc274_a/Python/45984868/correctVersion.py,data/external/ConDefects/Test/abc274_a,4,3.14.3,True,,,4,ineligible,loc < 25 (minimum length floor is 25)
46127383,abc274_a,data/external/ConDefects/Code/abc274_a/Python/46127383/faultyVersion.py,data/external/ConDefects/Code/abc274_a/Python/46127383/correctVersion.py,data/external/ConDefects/Test/abc274_a,5,3.14.3,True,,,5,ineligible,loc < 25 (minimum length floor is 25)
46147571,abc274_a,data/external/ConDefects/Code/abc274_a/Python/46147571/faultyVersion.py,data/external/ConDefects/Code/abc274_a/Python/46147571/correctVersion.py,data/external/ConDefects/Test/abc274_a,3,3.14.3,True,,,3,ineligible,loc < 25 (minimum length floor is 25)
52979754,abc274_c,data/external/ConDefects/Code/abc274_c/Python/52979754/faultyVersion.py,data/external/ConDefects/Code/abc274_c/Python/52979754/correctVersion.py,data/external/ConDefects/Test/abc274_c,12,3.14.3,True,,,12,ineligible,loc < 25 (minimum length floor is 25)
46002634,abc274_d,data/external/ConDefects/Code/abc274_d/Python/46002634/faultyVersion.py,data/external/ConDefects/Code/abc274_d/Python/46002634/correctVersion.py,data/external/ConDefects/Test/abc274_d,23,3.14.3,True,,,23,ineligible,loc < 25 (minimum length floor is 25)
46033282,abc274_d,data/external/ConDefects/Code/abc274_d/Python/46033282/faultyVersion.py,data/external/ConDefects/Code/abc274_d/Python/46033282/correctVersion.py,data/external/ConDefects/Test/abc274_d,40,3.14.3,True,,,40,eligible,
45512531,abc274_e,data/external/ConDefects/Code/abc274_e/Python/45512531/faultyVersion.py,data/external/ConDefects/Code/abc274_e/Python/45512531/correctVersion.py,data/external/ConDefects/Test/abc274_e,36,3.14.3,True,,,36,eligible,
50475104,abc274_f,data/external/ConDefects/Code/abc274_f/Python/50475104/faultyVersion.py,data/external/ConDefects/Code/abc274_f/Python/50475104/correctVersion.py,data/external/ConDefects/Test/abc274_f,51,3.14.3,True,,,51,eligible,
45305644,abc275_a,data/external/ConDefects/Code/abc275_a/Python/45305644/faultyVersion.py,data/external/ConDefects/Code/abc275_a/Python/45305644/correctVersion.py,data/external/ConDefects/Test/abc275_a,9,3.14.3,True,,,9,ineligible,loc < 25 (minimum length floor is 25)
44663231,abc275_b,data/external/ConDefects/Code/abc275_b/Python/44663231/faultyVersion.py,data/external/ConDefects/Code/abc275_b/Python/44663231/correctVersion.py,data/external/ConDefects/Test/abc275_b,6,3.14.3,True,,,6,ineligible,loc < 25 (minimum length floor is 25)
45102302,abc275_b,data/external/ConDefects/Code/abc275_b/Python/45102302/faultyVersion.py,data/external/ConDefects/Code/abc275_b/Python/45102302/correctVersion.py,data/external/ConDefects/Test/abc275_b,8,3.14.3,True,,,8,ineligible,loc < 25 (minimum length floor is 25)
45275005,abc275_b,data/external/ConDefects/Code/abc275_b/Python/45275005/faultyVersion.py,data/external/ConDefects/Code/abc275_b/Python/45275005/correctVersion.py,data/external/ConDefects/Test/abc275_b,18,3.14.3,True,,,18,ineligible,loc < 25 (minimum length floor is 25)
44917428,abc275_c,data/external/ConDefects/Code/abc275_c/Python/44917428/faultyVersion.py,data/external/ConDefects/Code/abc275_c/Python/44917428/correctVersion.py,data/external/ConDefects/Test/abc275_c,58,3.14.3,True,,,58,eligible,
45717410,abc275_d,data/external/ConDefects/Code/abc275_d/Python/45717410/faultyVersion.py,data/external/ConDefects/Code/abc275_d/Python/45717410/correctVersion.py,data/external/ConDefects/Test/abc275_d,13,3.14.3,True,,,13,ineligible,loc < 25 (minimum length floor is 25)
45982640,abc275_d,data/external/ConDefects/Code/abc275_d/Python/45982640/faultyVersion.py,data/external/ConDefects/Code/abc275_d/Python/45982640/correctVersion.py,data/external/ConDefects/Test/abc275_d,13,3.14.3,True,,,13,ineligible,loc < 25 (minimum length floor is 25)
45458655,abc275_f,data/external/ConDefects/Code/abc275_f/Python/45458655/faultyVersion.py,data/external/ConDefects/Code/abc275_f/Python/45458655/correctVersion.py,data/external/ConDefects/Test/abc275_f,36,3.14.3,True,,,36,eligible,
36145190,abc275_g,data/external/ConDefects/Code/abc275_g/Python/36145190/faultyVersion.py,data/external/ConDefects/Code/abc275_g/Python/36145190/correctVersion.py,data/external/ConDefects/Test/abc275_g,85,3.14.3,True,,,85,eligible,
37220565,abc275_g,data/external/ConDefects/Code/abc275_g/Python/37220565/faultyVersion.py,data/external/ConDefects/Code/abc275_g/Python/37220565/correctVersion.py,data/external/ConDefects/Test/abc275_g,33,3.14.3,True,,,33,eligible,
45247098,abc276_a,data/external/ConDefects/Code/abc276_a/Python/45247098/faultyVersion.py,data/external/ConDefects/Code/abc276_a/Python/45247098/correctVersion.py,data/external/ConDefects/Test/abc276_a,9,3.14.3,True,,,9,ineligible,loc < 25 (minimum length floor is 25)
45481761,abc276_a,data/external/ConDefects/Code/abc276_a/Python/45481761/faultyVersion.py,data/external/ConDefects/Code/abc276_a/Python/45481761/correctVersion.py,data/external/ConDefects/Test/abc276_a,7,3.14.3,True,,,7,ineligible,loc < 25 (minimum length floor is 25)
45957302,abc276_a,data/external/ConDefects/Code/abc276_a/Python/45957302/faultyVersion.py,data/external/ConDefects/Code/abc276_a/Python/45957302/correctVersion.py,data/external/ConDefects/Test/abc276_a,7,3.14.3,True,,,7,ineligible,loc < 25 (minimum length floor is 25)
45457666,abc276_b,data/external/ConDefects/Code/abc276_b/Python/45457666/faultyVersion.py,data/external/ConDefects/Code/abc276_b/Python/45457666/correctVersion.py,data/external/ConDefects/Test/abc276_b,14,3.14.3,True,,,14,ineligible,loc < 25 (minimum length floor is 25)
52142770,abc276_c,data/external/ConDefects/Code/abc276_c/Python/52142770/faultyVersion.py,data/external/ConDefects/Code/abc276_c/Python/52142770/correctVersion.py,data/external/ConDefects/Test/abc276_c,23,3.14.3,True,,,23,ineligible,loc < 25 (minimum length floor is 25)
53488308,abc276_c,data/external/ConDefects/Code/abc276_c/Python/53488308/faultyVersion.py,data/external/ConDefects/Code/abc276_c/Python/53488308/correctVersion.py,data/external/ConDefects/Test/abc276_c,19,3.14.3,True,,,19,ineligible,loc < 25 (minimum length floor is 25)
54054587,abc276_c,data/external/ConDefects/Code/abc276_c/Python/54054587/faultyVersion.py,data/external/ConDefects/Code/abc276_c/Python/54054587/correctVersion.py,data/external/ConDefects/Test/abc276_c,20,3.14.3,True,,,20,ineligible,loc < 25 (minimum length floor is 25)
45111251,abc276_d,data/external/ConDefects/Code/abc276_d/Python/45111251/faultyVersion.py,data/external/ConDefects/Code/abc276_d/Python/45111251/correctVersion.py,data/external/ConDefects/Test/abc276_d,46,3.14.3,True,,,46,ineligible,multiple independent faults
45303110,abc276_d,data/external/ConDefects/Code/abc276_d/Python/45303110/faultyVersion.py,data/external/ConDefects/Code/abc276_d/Python/45303110/correctVersion.py,data/external/ConDefects/Test/abc276_d,39,3.14.3,True,,,39,eligible,
36291832,abc276_h,data/external/ConDefects/Code/abc276_h/Python/36291832/faultyVersion.py,data/external/ConDefects/Code/abc276_h/Python/36291832/correctVersion.py,data/external/ConDefects/Test/abc276_h,236,3.14.3,True,,,236,eligible,
36292897,abc276_h,data/external/ConDefects/Code/abc276_h/Python/36292897/faultyVersion.py,data/external/ConDefects/Code/abc276_h/Python/36292897/correctVersion.py,data/external/ConDefects/Test/abc276_h,407,3.14.3,True,,,407,ineligible,loc > 300 (maximum length ceiling is 300)
45114990,abc277_a,data/external/ConDefects/Code/abc277_a/Python/45114990/faultyVersion.py,data/external/ConDefects/Code/abc277_a/Python/45114990/correctVersion.py,data/external/ConDefects/Test/abc277_a,3,3.14.3,True,,,3,ineligible,loc < 25 (minimum length floor is 25)
45949578,abc277_a,data/external/ConDefects/Code/abc277_a/Python/45949578/faultyVersion.py,data/external/ConDefects/Code/abc277_a/Python/45949578/correctVersion.py,data/external/ConDefects/Test/abc277_a,7,3.14.3,True,,,7,ineligible,loc < 25 (minimum length floor is 25)
45577199,abc277_b,data/external/ConDefects/Code/abc277_b/Python/45577199/faultyVersion.py,data/external/ConDefects/Code/abc277_b/Python/45577199/correctVersion.py,data/external/ConDefects/Test/abc277_b,15,3.14.3,True,,,15,ineligible,loc < 25 (minimum length floor is 25)
45992139,abc277_b,data/external/ConDefects/Code/abc277_b/Python/45992139/faultyVersion.py,data/external/ConDefects/Code/abc277_b/Python/45992139/correctVersion.py,data/external/ConDefects/Test/abc277_b,20,3.14.3,True,,,20,ineligible,loc < 25 (minimum length floor is 25)
46214171,abc277_b,data/external/ConDefects/Code/abc277_b/Python/46214171/faultyVersion.py,data/external/ConDefects/Code/abc277_b/Python/46214171/correctVersion.py,data/external/ConDefects/Test/abc277_b,18,3.14.3,True,,,18,ineligible,loc < 25 (minimum length floor is 25)
45302782,abc277_d,data/external/ConDefects/Code/abc277_d/Python/45302782/faultyVersion.py,data/external/ConDefects/Code/abc277_d/Python/45302782/correctVersion.py,data/external/ConDefects/Test/abc277_d,34,3.14.3,True,,,34,eligible,
45573210,abc277_d,data/external/ConDefects/Code/abc277_d/Python/45573210/faultyVersion.py,data/external/ConDefects/Code/abc277_d/Python/45573210/correctVersion.py,data/external/ConDefects/Test/abc277_d,38,3.14.3,True,,,38,eligible,
45976330,abc277_d,data/external/ConDefects/Code/abc277_d/Python/45976330/faultyVersion.py,data/external/ConDefects/Code/abc277_d/Python/45976330/correctVersion.py,data/external/ConDefects/Test/abc277_d,24,3.14.3,True,,,24,ineligible,loc < 25 (minimum length floor is 25)
46193940,abc277_d,data/external/ConDefects/Code/abc277_d/Python/46193940/faultyVersion.py,data/external/ConDefects/Code/abc277_d/Python/46193940/correctVersion.py,data/external/ConDefects/Test/abc277_d,25,3.14.3,True,,,25,eligible,
45112675,abc277_e,data/external/ConDefects/Code/abc277_e/Python/45112675/faultyVersion.py,data/external/ConDefects/Code/abc277_e/Python/45112675/correctVersion.py,data/external/ConDefects/Test/abc277_e,31,3.14.3,True,,,31,eligible,
46166743,abc277_e,data/external/ConDefects/Code/abc277_e/Python/46166743/faultyVersion.py,data/external/ConDefects/Code/abc277_e/Python/46166743/correctVersion.py,data/external/ConDefects/Test/abc277_e,33,3.14.3,True,,,33,eligible,
41713007,abc277_h,data/external/ConDefects/Code/abc277_h/Python/41713007/faultyVersion.py,data/external/ConDefects/Code/abc277_h/Python/41713007/correctVersion.py,data/external/ConDefects/Test/abc277_h,106,3.14.3,True,,,106,eligible,
45019575,abc278_a,data/external/ConDefects/Code/abc278_a/Python/45019575/faultyVersion.py,data/external/ConDefects/Code/abc278_a/Python/45019575/correctVersion.py,data/external/ConDefects/Test/abc278_a,8,3.14.3,True,,,8,ineligible,loc < 25 (minimum length floor is 25)
45577064,abc278_a,data/external/ConDefects/Code/abc278_a/Python/45577064/faultyVersion.py,data/external/ConDefects/Code/abc278_a/Python/45577064/correctVersion.py,data/external/ConDefects/Test/abc278_a,27,3.14.3,True,,,27,eligible,
46183354,abc278_a,data/external/ConDefects/Code/abc278_a/Python/46183354/faultyVersion.py,data/external/ConDefects/Code/abc278_a/Python/46183354/correctVersion.py,data/external/ConDefects/Test/abc278_a,11,3.14.3,True,,,11,ineligible,loc < 25 (minimum length floor is 25)
45108856,abc278_b,data/external/ConDefects/Code/abc278_b/Python/45108856/faultyVersion.py,data/external/ConDefects/Code/abc278_b/Python/45108856/correctVersion.py,data/external/ConDefects/Test/abc278_b,23,3.14.3,True,,,23,ineligible,loc < 25 (minimum length floor is 25)
45297542,abc278_b,data/external/ConDefects/Code/abc278_b/Python/45297542/faultyVersion.py,data/external/ConDefects/Code/abc278_b/Python/45297542/correctVersion.py,data/external/ConDefects/Test/abc278_b,18,3.14.3,True,,,18,ineligible,loc < 25 (minimum length floor is 25)
45484239,abc278_b,data/external/ConDefects/Code/abc278_b/Python/45484239/faultyVersion.py,data/external/ConDefects/Code/abc278_b/Python/45484239/correctVersion.py,data/external/ConDefects/Test/abc278_b,18,3.14.3,True,,,18,ineligible,loc < 25 (minimum length floor is 25)
45512302,abc278_b,data/external/ConDefects/Code/abc278_b/Python/45512302/faultyVersion.py,data/external/ConDefects/Code/abc278_b/Python/45512302/correctVersion.py,data/external/ConDefects/Test/abc278_b,13,3.14.3,True,,,13,ineligible,loc < 25 (minimum length floor is 25)
45695932,abc278_b,data/external/ConDefects/Code/abc278_b/Python/45695932/faultyVersion.py,data/external/ConDefects/Code/abc278_b/Python/45695932/correctVersion.py,data/external/ConDefects/Test/abc278_b,8,3.14.3,True,,,8,ineligible,loc < 25 (minimum length floor is 25)
44900806,abc278_c,data/external/ConDefects/Code/abc278_c/Python/44900806/faultyVersion.py,data/external/ConDefects/Code/abc278_c/Python/44900806/correctVersion.py,data/external/ConDefects/Test/abc278_c,21,3.14.3,True,,,21,ineligible,loc < 25 (minimum length floor is 25)
45320717,abc278_c,data/external/ConDefects/Code/abc278_c/Python/45320717/faultyVersion.py,data/external/ConDefects/Code/abc278_c/Python/45320717/correctVersion.py,data/external/ConDefects/Test/abc278_c,17,3.14.3,True,,,17,ineligible,loc < 25 (minimum length floor is 25)
44926075,abc278_d,data/external/ConDefects/Code/abc278_d/Python/44926075/faultyVersion.py,data/external/ConDefects/Code/abc278_d/Python/44926075/correctVersion.py,data/external/ConDefects/Test/abc278_d,32,3.14.3,True,,,32,eligible,
46190302,abc278_e,data/external/ConDefects/Code/abc278_e/Python/46190302/faultyVersion.py,data/external/ConDefects/Code/abc278_e/Python/46190302/correctVersion.py,data/external/ConDefects/Test/abc278_e,41,3.14.3,True,,,41,eligible,
36887453,abc278_g,data/external/ConDefects/Code/abc278_g/Python/36887453/faultyVersion.py,data/external/ConDefects/Code/abc278_g/Python/36887453/correctVersion.py,data/external/ConDefects/Test/abc278_g,182,3.14.3,True,,,182,ineligible,multiple independent faults
44934608,abc279_a,data/external/ConDefects/Code/abc279_a/Python/44934608/faultyVersion.py,data/external/ConDefects/Code/abc279_a/Python/44934608/correctVersion.py,data/external/ConDefects/Test/abc279_a,8,3.14.3,True,,,8,ineligible,loc < 25 (minimum length floor is 25)
45107250,abc279_a,data/external/ConDefects/Code/abc279_a/Python/45107250/faultyVersion.py,data/external/ConDefects/Code/abc279_a/Python/45107250/correctVersion.py,data/external/ConDefects/Test/abc279_a,10,3.14.3,True,,,10,ineligible,loc < 25 (minimum length floor is 25)
45494790,abc279_a,data/external/ConDefects/Code/abc279_a/Python/45494790/faultyVersion.py,data/external/ConDefects/Code/abc279_a/Python/45494790/correctVersion.py,data/external/ConDefects/Test/abc279_a,7,3.14.3,True,,,7,ineligible,loc < 25 (minimum length floor is 25)
44853654,abc279_b,data/external/ConDefects/Code/abc279_b/Python/44853654/faultyVersion.py,data/external/ConDefects/Code/abc279_b/Python/44853654/correctVersion.py,data/external/ConDefects/Test/abc279_b,12,3.14.3,True,,,12,ineligible,loc < 25 (minimum length floor is 25)
45923979,abc279_b,data/external/ConDefects/Code/abc279_b/Python/45923979/faultyVersion.py,data/external/ConDefects/Code/abc279_b/Python/45923979/correctVersion.py,data/external/ConDefects/Test/abc279_b,18,3.14.3,True,,,18,ineligible,loc < 25 (minimum length floor is 25)
44854241,abc279_d,data/external/ConDefects/Code/abc279_d/Python/44854241/faultyVersion.py,data/external/ConDefects/Code/abc279_d/Python/44854241/correctVersion.py,data/external/ConDefects/Test/abc279_d,26,3.14.3,True,,,26,ineligible,multi-line fault — excluded by v2 single-line filter
44892540,abc279_e,data/external/ConDefects/Code/abc279_e/Python/44892540/faultyVersion.py,data/external/ConDefects/Code/abc279_e/Python/44892540/correctVersion.py,data/external/ConDefects/Test/abc279_e,17,3.14.3,True,,,17,ineligible,loc < 25 (minimum length floor is 25)
37231890,abc279_g,data/external/ConDefects/Code/abc279_g/Python/37231890/faultyVersion.py,data/external/ConDefects/Code/abc279_g/Python/37231890/correctVersion.py,data/external/ConDefects/Test/abc279_g,73,3.14.3,True,,,73,eligible,
37231957,abc279_g,data/external/ConDefects/Code/abc279_g/Python/37231957/faultyVersion.py,data/external/ConDefects/Code/abc279_g/Python/37231957/correctVersion.py,data/external/ConDefects/Test/abc279_g,17,3.14.3,True,,,17,ineligible,loc < 25 (minimum length floor is 25)
45270301,abc280_b,data/external/ConDefects/Code/abc280_b/Python/45270301/faultyVersion.py,data/external/ConDefects/Code/abc280_b/Python/45270301/correctVersion.py,data/external/ConDefects/Test/abc280_b,8,3.14.3,True,,,8,ineligible,loc < 25 (minimum length floor is 25)
45441628,abc280_b,data/external/ConDefects/Code/abc280_b/Python/45441628/faultyVersion.py,data/external/ConDefects/Code/abc280_b/Python/45441628/correctVersion.py,data/external/ConDefects/Test/abc280_b,7,3.14.3,True,,,7,ineligible,loc < 25 (minimum length floor is 25)
45414208,abc280_c,data/external/ConDefects/Code/abc280_c/Python/45414208/faultyVersion.py,data/external/ConDefects/Code/abc280_c/Python/45414208/correctVersion.py,data/external/ConDefects/Test/abc280_c,6,3.14.3,True,,,6,ineligible,loc < 25 (minimum length floor is 25)
45722893,abc280_c,data/external/ConDefects/Code/abc280_c/Python/45722893/faultyVersion.py,data/external/ConDefects/Code/abc280_c/Python/45722893/correctVersion.py,data/external/ConDefects/Test/abc280_c,10,3.14.3,True,,,10,ineligible,loc < 25 (minimum length floor is 25)
46197892,abc280_c,data/external/ConDefects/Code/abc280_c/Python/46197892/faultyVersion.py,data/external/ConDefects/Code/abc280_c/Python/46197892/correctVersion.py,data/external/ConDefects/Test/abc280_c,20,3.14.3,True,,,20,ineligible,loc < 25 (minimum length floor is 25)
46198348,abc280_c,data/external/ConDefects/Code/abc280_c/Python/46198348/faultyVersion.py,data/external/ConDefects/Code/abc280_c/Python/46198348/correctVersion.py,data/external/ConDefects/Test/abc280_c,8,3.14.3,True,,,8,ineligible,loc < 25 (minimum length floor is 25)
45204785,abc280_d,data/external/ConDefects/Code/abc280_d/Python/45204785/faultyVersion.py,data/external/ConDefects/Code/abc280_d/Python/45204785/correctVersion.py,data/external/ConDefects/Test/abc280_d,8,3.14.3,True,,,8,ineligible,loc < 25 (minimum length floor is 25)
46193678,abc280_d,data/external/ConDefects/Code/abc280_d/Python/46193678/faultyVersion.py,data/external/ConDefects/Code/abc280_d/Python/46193678/correctVersion.py,data/external/ConDefects/Test/abc280_d,22,3.14.3,True,,,22,ineligible,loc < 25 (minimum length floor is 25)
46198307,abc280_d,data/external/ConDefects/Code/abc280_d/Python/46198307/faultyVersion.py,data/external/ConDefects/Code/abc280_d/Python/46198307/correctVersion.py,data/external/ConDefects/Test/abc280_d,11,3.14.3,True,,,11,ineligible,loc < 25 (minimum length floor is 25)
46199363,abc280_d,data/external/ConDefects/Code/abc280_d/Python/46199363/faultyVersion.py,data/external/ConDefects/Code/abc280_d/Python/46199363/correctVersion.py,data/external/ConDefects/Test/abc280_d,12,3.14.3,True,,,12,ineligible,loc < 25 (minimum length floor is 25)
45489025,abc280_e,data/external/ConDefects/Code/abc280_e/Python/45489025/faultyVersion.py,data/external/ConDefects/Code/abc280_e/Python/45489025/correctVersion.py,data/external/ConDefects/Test/abc280_e,9,3.14.3,True,,,9,ineligible,loc < 25 (minimum length floor is 25)
45244769,abc281_a,data/external/ConDefects/Code/abc281_a/Python/45244769/faultyVersion.py,data/external/ConDefects/Code/abc281_a/Python/45244769/correctVersion.py,data/external/ConDefects/Test/abc281_a,4,3.14.3,True,,,4,ineligible,loc < 25 (minimum length floor is 25)
45998040,abc281_a,data/external/ConDefects/Code/abc281_a/Python/45998040/faultyVersion.py,data/external/ConDefects/Code/abc281_a/Python/45998040/correctVersion.py,data/external/ConDefects/Test/abc281_a,4,3.14.3,True,,,4,ineligible,loc < 25 (minimum length floor is 25)
45344289,abc281_b,data/external/ConDefects/Code/abc281_b/Python/45344289/faultyVersion.py,data/external/ConDefects/Code/abc281_b/Python/45344289/correctVersion.py,data/external/ConDefects/Test/abc281_b,14,3.14.3,True,,,14,ineligible,loc < 25 (minimum length floor is 25)
45430441,abc281_b,data/external/ConDefects/Code/abc281_b/Python/45430441/faultyVersion.py,data/external/ConDefects/Code/abc281_b/Python/45430441/correctVersion.py,data/external/ConDefects/Test/abc281_b,28,3.14.3,True,,,28,ineligible,multi-line fault — excluded by v2 single-line filter
45699589,abc281_b,data/external/ConDefects/Code/abc281_b/Python/45699589/faultyVersion.py,data/external/ConDefects/Code/abc281_b/Python/45699589/correctVersion.py,data/external/ConDefects/Test/abc281_b,49,3.14.3,True,,,49,eligible,
45943845,abc281_b,data/external/ConDefects/Code/abc281_b/Python/45943845/faultyVersion.py,data/external/ConDefects/Code/abc281_b/Python/45943845/correctVersion.py,data/external/ConDefects/Test/abc281_b,7,3.14.3,True,,,7,ineligible,loc < 25 (minimum length floor is 25)
45944008,abc281_b,data/external/ConDefects/Code/abc281_b/Python/45944008/faultyVersion.py,data/external/ConDefects/Code/abc281_b/Python/45944008/correctVersion.py,data/external/ConDefects/Test/abc281_b,46,3.14.3,True,,,46,eligible,
45944374,abc281_b,data/external/ConDefects/Code/abc281_b/Python/45944374/faultyVersion.py,data/external/ConDefects/Code/abc281_b/Python/45944374/correctVersion.py,data/external/ConDefects/Test/abc281_b,13,3.14.3,True,,,13,ineligible,loc < 25 (minimum length floor is 25)
46135181,abc281_b,data/external/ConDefects/Code/abc281_b/Python/46135181/faultyVersion.py,data/external/ConDefects/Code/abc281_b/Python/46135181/correctVersion.py,data/external/ConDefects/Test/abc281_b,14,3.14.3,True,,,14,ineligible,loc < 25 (minimum length floor is 25)
44892775,abc281_d,data/external/ConDefects/Code/abc281_d/Python/44892775/faultyVersion.py,data/external/ConDefects/Code/abc281_d/Python/44892775/correctVersion.py,data/external/ConDefects/Test/abc281_d,15,3.14.3,True,,,15,ineligible,loc < 25 (minimum length floor is 25)
45096639,abc281_d,data/external/ConDefects/Code/abc281_d/Python/45096639/faultyVersion.py,data/external/ConDefects/Code/abc281_d/Python/45096639/correctVersion.py,data/external/ConDefects/Test/abc281_d,41,3.14.3,True,,,41,eligible,
45212447,abc281_d,data/external/ConDefects/Code/abc281_d/Python/45212447/faultyVersion.py,data/external/ConDefects/Code/abc281_d/Python/45212447/correctVersion.py,data/external/ConDefects/Test/abc281_d,16,3.14.3,True,,,16,ineligible,loc < 25 (minimum length floor is 25)
45944263,abc281_d,data/external/ConDefects/Code/abc281_d/Python/45944263/faultyVersion.py,data/external/ConDefects/Code/abc281_d/Python/45944263/correctVersion.py,data/external/ConDefects/Test/abc281_d,11,3.14.3,True,,,11,ineligible,loc < 25 (minimum length floor is 25)
45038482,abc281_f,data/external/ConDefects/Code/abc281_f/Python/45038482/faultyVersion.py,data/external/ConDefects/Code/abc281_f/Python/45038482/correctVersion.py,data/external/ConDefects/Test/abc281_f,53,3.14.3,True,,,53,eligible,
45472060,abc281_f,data/external/ConDefects/Code/abc281_f/Python/45472060/faultyVersion.py,data/external/ConDefects/Code/abc281_f/Python/45472060/correctVersion.py,data/external/ConDefects/Test/abc281_f,30,3.14.3,True,,,30,eligible,
41260093,abc281_h,data/external/ConDefects/Code/abc281_h/Python/41260093/faultyVersion.py,data/external/ConDefects/Code/abc281_h/Python/41260093/correctVersion.py,data/external/ConDefects/Test/abc281_h,1163,3.14.3,True,,,1163,ineligible,loc > 300 (maximum length ceiling is 300)
44657009,abc282_a,data/external/ConDefects/Code/abc282_a/Python/44657009/faultyVersion.py,data/external/ConDefects/Code/abc282_a/Python/44657009/correctVersion.py,data/external/ConDefects/Test/abc282_a,4,3.14.3,True,,,4,ineligible,loc < 25 (minimum length floor is 25)
45264195,abc282_a,data/external/ConDefects/Code/abc282_a/Python/45264195/faultyVersion.py,data/external/ConDefects/Code/abc282_a/Python/45264195/correctVersion.py,data/external/ConDefects/Test/abc282_a,1,3.14.3,True,,,1,ineligible,loc < 25 (minimum length floor is 25)
45920464,abc282_a,data/external/ConDefects/Code/abc282_a/Python/45920464/faultyVersion.py,data/external/ConDefects/Code/abc282_a/Python/45920464/correctVersion.py,data/external/ConDefects/Test/abc282_a,4,3.14.3,True,,,4,ineligible,loc < 25 (minimum length floor is 25)
44818334,abc282_c,data/external/ConDefects/Code/abc282_c/Python/44818334/faultyVersion.py,data/external/ConDefects/Code/abc282_c/Python/44818334/correctVersion.py,data/external/ConDefects/Test/abc282_c,14,3.14.3,True,,,14,ineligible,loc < 25 (minimum length floor is 25)
45514577,abc282_e,data/external/ConDefects/Code/abc282_e/Python/45514577/faultyVersion.py,data/external/ConDefects/Code/abc282_e/Python/45514577/correctVersion.py,data/external/ConDefects/Test/abc282_e,25,3.14.3,True,,,25,eligible,
45960750,abc282_f,data/external/ConDefects/Code/abc282_f/Python/45960750/faultyVersion.py,data/external/ConDefects/Code/abc282_f/Python/45960750/correctVersion.py,data/external/ConDefects/Test/abc282_f,34,3.14.3,True,,,34,eligible,
44590701,abc283_a,data/external/ConDefects/Code/abc283_a/Python/44590701/faultyVersion.py,data/external/ConDefects/Code/abc283_a/Python/44590701/correctVersion.py,data/external/ConDefects/Test/abc283_a,2,3.14.3,True,,,2,ineligible,loc < 25 (minimum length floor is 25)
44652899,abc283_a,data/external/ConDefects/Code/abc283_a/Python/44652899/faultyVersion.py,data/external/ConDefects/Code/abc283_a/Python/44652899/correctVersion.py,data/external/ConDefects/Test/abc283_a,11,3.14.3,True,,,11,ineligible,loc < 25 (minimum length floor is 25)
44656811,abc283_a,data/external/ConDefects/Code/abc283_a/Python/44656811/faultyVersion.py,data/external/ConDefects/Code/abc283_a/Python/44656811/correctVersion.py,data/external/ConDefects/Test/abc283_a,2,3.14.3,True,,,2,ineligible,loc < 25 (minimum length floor is 25)
45014634,abc283_c,data/external/ConDefects/Code/abc283_c/Python/45014634/faultyVersion.py,data/external/ConDefects/Code/abc283_c/Python/45014634/correctVersion.py,data/external/ConDefects/Test/abc283_c,10,3.14.3,True,,,10,ineligible,loc < 25 (minimum length floor is 25)
45014818,abc283_c,data/external/ConDefects/Code/abc283_c/Python/45014818/faultyVersion.py,data/external/ConDefects/Code/abc283_c/Python/45014818/correctVersion.py,data/external/ConDefects/Test/abc283_c,2,3.14.3,True,,,2,ineligible,loc < 25 (minimum length floor is 25)
45277024,abc283_c,data/external/ConDefects/Code/abc283_c/Python/45277024/faultyVersion.py,data/external/ConDefects/Code/abc283_c/Python/45277024/correctVersion.py,data/external/ConDefects/Test/abc283_c,36,3.14.3,True,,,36,ineligible,multi-line fault — excluded by v2 single-line filter
44825137,abc283_d,data/external/ConDefects/Code/abc283_d/Python/44825137/faultyVersion.py,data/external/ConDefects/Code/abc283_d/Python/44825137/correctVersion.py,data/external/ConDefects/Test/abc283_d,23,3.14.3,True,,,23,ineligible,loc < 25 (minimum length floor is 25)
45462979,abc283_d,data/external/ConDefects/Code/abc283_d/Python/45462979/faultyVersion.py,data/external/ConDefects/Code/abc283_d/Python/45462979/correctVersion.py,data/external/ConDefects/Test/abc283_d,25,3.14.3,True,,,25,eligible,
45517172,abc283_d,data/external/ConDefects/Code/abc283_d/Python/45517172/faultyVersion.py,data/external/ConDefects/Code/abc283_d/Python/45517172/correctVersion.py,data/external/ConDefects/Test/abc283_d,24,3.14.3,True,,,24,ineligible,loc < 25 (minimum length floor is 25)
45759088,abc283_e,data/external/ConDefects/Code/abc283_e/Python/45759088/faultyVersion.py,data/external/ConDefects/Code/abc283_e/Python/45759088/correctVersion.py,data/external/ConDefects/Test/abc283_e,43,3.14.3,True,,,43,eligible,
46910621,abc283_f,data/external/ConDefects/Code/abc283_f/Python/46910621/faultyVersion.py,data/external/ConDefects/Code/abc283_f/Python/46910621/correctVersion.py,data/external/ConDefects/Test/abc283_f,63,3.14.3,True,,,63,eligible,
38648014,abc283_g,data/external/ConDefects/Code/abc283_g/Python/38648014/faultyVersion.py,data/external/ConDefects/Code/abc283_g/Python/38648014/correctVersion.py,data/external/ConDefects/Test/abc283_g,25,3.14.3,True,,,25,eligible,
42794591,abc283_g,data/external/ConDefects/Code/abc283_g/Python/42794591/faultyVersion.py,data/external/ConDefects/Code/abc283_g/Python/42794591/correctVersion.py,data/external/ConDefects/Test/abc283_g,30,3.14.3,True,,,30,ineligible,multi-line fault — excluded by v2 single-line filter
50031003,abc283_g,data/external/ConDefects/Code/abc283_g/Python/50031003/faultyVersion.py,data/external/ConDefects/Code/abc283_g/Python/50031003/correctVersion.py,data/external/ConDefects/Test/abc283_g,24,3.14.3,True,,,24,ineligible,loc < 25 (minimum length floor is 25)
51990912,abc283_g,data/external/ConDefects/Code/abc283_g/Python/51990912/faultyVersion.py,data/external/ConDefects/Code/abc283_g/Python/51990912/correctVersion.py,data/external/ConDefects/Test/abc283_g,95,3.14.3,True,,,95,ineligible,multiple independent faults
54268895,abc283_g,data/external/ConDefects/Code/abc283_g/Python/54268895/faultyVersion.py,data/external/ConDefects/Code/abc283_g/Python/54268895/correctVersion.py,data/external/ConDefects/Test/abc283_g,34,3.14.3,True,,,34,eligible,
37533124,abc283_h,data/external/ConDefects/Code/abc283_h/Python/37533124/faultyVersion.py,data/external/ConDefects/Code/abc283_h/Python/37533124/correctVersion.py,data/external/ConDefects/Test/abc283_h,35,3.14.3,True,,,35,eligible,
54471713,abc284_c,data/external/ConDefects/Code/abc284_c/Python/54471713/faultyVersion.py,data/external/ConDefects/Code/abc284_c/Python/54471713/correctVersion.py,data/external/ConDefects/Test/abc284_c,21,3.14.3,True,,,21,ineligible,loc < 25 (minimum length floor is 25)
45300656,abc284_d,data/external/ConDefects/Code/abc284_d/Python/45300656/faultyVersion.py,data/external/ConDefects/Code/abc284_d/Python/45300656/correctVersion.py,data/external/ConDefects/Test/abc284_d,2,3.14.3,True,,,2,ineligible,loc < 25 (minimum length floor is 25)
45459162,abc284_e,data/external/ConDefects/Code/abc284_e/Python/45459162/faultyVersion.py,data/external/ConDefects/Code/abc284_e/Python/45459162/correctVersion.py,data/external/ConDefects/Test/abc284_e,24,3.14.3,True,,,24,ineligible,loc < 25 (minimum length floor is 25)
46171224,abc284_e,data/external/ConDefects/Code/abc284_e/Python/46171224/faultyVersion.py,data/external/ConDefects/Code/abc284_e/Python/46171224/correctVersion.py,data/external/ConDefects/Test/abc284_e,20,3.14.3,True,,,20,ineligible,loc < 25 (minimum length floor is 25)
45510158,abc284_f,data/external/ConDefects/Code/abc284_f/Python/45510158/faultyVersion.py,data/external/ConDefects/Code/abc284_f/Python/45510158/correctVersion.py,data/external/ConDefects/Test/abc284_f,56,3.14.3,True,,,56,ineligible,multiple independent faults
37908236,abc284_g,data/external/ConDefects/Code/abc284_g/Python/37908236/faultyVersion.py,data/external/ConDefects/Code/abc284_g/Python/37908236/correctVersion.py,data/external/ConDefects/Test/abc284_g,12,3.14.3,True,,,12,ineligible,loc < 25 (minimum length floor is 25)
45555418,abc285_a,data/external/ConDefects/Code/abc285_a/Python/45555418/faultyVersion.py,data/external/ConDefects/Code/abc285_a/Python/45555418/correctVersion.py,data/external/ConDefects/Test/abc285_a,7,3.14.3,True,,,7,ineligible,loc < 25 (minimum length floor is 25)
45976942,abc285_a,data/external/ConDefects/Code/abc285_a/Python/45976942/faultyVersion.py,data/external/ConDefects/Code/abc285_a/Python/45976942/correctVersion.py,data/external/ConDefects/Test/abc285_a,11,3.14.3,True,,,11,ineligible,loc < 25 (minimum length floor is 25)
46015071,abc285_a,data/external/ConDefects/Code/abc285_a/Python/46015071/faultyVersion.py,data/external/ConDefects/Code/abc285_a/Python/46015071/correctVersion.py,data/external/ConDefects/Test/abc285_a,7,3.14.3,True,,,7,ineligible,loc < 25 (minimum length floor is 25)
45507788,abc285_c,data/external/ConDefects/Code/abc285_c/Python/45507788/faultyVersion.py,data/external/ConDefects/Code/abc285_c/Python/45507788/correctVersion.py,data/external/ConDefects/Test/abc285_c,16,3.14.3,True,,,16,ineligible,loc < 25 (minimum length floor is 25)
48880084,abc285_e,data/external/ConDefects/Code/abc285_e/Python/48880084/faultyVersion.py,data/external/ConDefects/Code/abc285_e/Python/48880084/correctVersion.py,data/external/ConDefects/Test/abc285_e,33,3.14.3,True,,,33,eligible,
51473049,abc285_e,data/external/ConDefects/Code/abc285_e/Python/51473049/faultyVersion.py,data/external/ConDefects/Code/abc285_e/Python/51473049/correctVersion.py,data/external/ConDefects/Test/abc285_e,650,3.14.3,True,,,650,ineligible,loc > 300 (maximum length ceiling is 300)
53461443,abc285_e,data/external/ConDefects/Code/abc285_e/Python/53461443/faultyVersion.py,data/external/ConDefects/Code/abc285_e/Python/53461443/correctVersion.py,data/external/ConDefects/Test/abc285_e,22,3.14.3,True,,,22,ineligible,loc < 25 (minimum length floor is 25)
45028040,abc286_a,data/external/ConDefects/Code/abc286_a/Python/45028040/faultyVersion.py,data/external/ConDefects/Code/abc286_a/Python/45028040/correctVersion.py,data/external/ConDefects/Test/abc286_a,5,3.14.3,True,,,5,ineligible,loc < 25 (minimum length floor is 25)
45537297,abc286_a,data/external/ConDefects/Code/abc286_a/Python/45537297/faultyVersion.py,data/external/ConDefects/Code/abc286_a/Python/45537297/correctVersion.py,data/external/ConDefects/Test/abc286_a,20,3.14.3,True,,,20,ineligible,loc < 25 (minimum length floor is 25)
45059364,abc286_d,data/external/ConDefects/Code/abc286_d/Python/45059364/faultyVersion.py,data/external/ConDefects/Code/abc286_d/Python/45059364/correctVersion.py,data/external/ConDefects/Test/abc286_d,11,3.14.3,True,,,11,ineligible,loc < 25 (minimum length floor is 25)
45471607,abc286_d,data/external/ConDefects/Code/abc286_d/Python/45471607/faultyVersion.py,data/external/ConDefects/Code/abc286_d/Python/45471607/correctVersion.py,data/external/ConDefects/Test/abc286_d,51,3.14.3,True,,,51,eligible,
45787313,abc286_d,data/external/ConDefects/Code/abc286_d/Python/45787313/faultyVersion.py,data/external/ConDefects/Code/abc286_d/Python/45787313/correctVersion.py,data/external/ConDefects/Test/abc286_d,27,3.14.3,True,,,27,eligible,
45217169,abc286_e,data/external/ConDefects/Code/abc286_e/Python/45217169/faultyVersion.py,data/external/ConDefects/Code/abc286_e/Python/45217169/correctVersion.py,data/external/ConDefects/Test/abc286_e,38,3.14.3,True,,,38,ineligible,multi-line fault — excluded by v2 single-line filter
45479724,abc286_e,data/external/ConDefects/Code/abc286_e/Python/45479724/faultyVersion.py,data/external/ConDefects/Code/abc286_e/Python/45479724/correctVersion.py,data/external/ConDefects/Test/abc286_e,25,3.14.3,True,,,25,eligible,
46169747,abc286_e,data/external/ConDefects/Code/abc286_e/Python/46169747/faultyVersion.py,data/external/ConDefects/Code/abc286_e/Python/46169747/correctVersion.py,data/external/ConDefects/Test/abc286_e,35,3.14.3,True,,,35,eligible,
45090669,abc286_f,data/external/ConDefects/Code/abc286_f/Python/45090669/faultyVersion.py,data/external/ConDefects/Code/abc286_f/Python/45090669/correctVersion.py,data/external/ConDefects/Test/abc286_f,41,3.14.3,True,,,41,eligible,
38302356,abc286_g,data/external/ConDefects/Code/abc286_g/Python/38302356/faultyVersion.py,data/external/ConDefects/Code/abc286_g/Python/38302356/correctVersion.py,data/external/ConDefects/Test/abc286_g,57,3.14.3,True,,,57,eligible,
38690639,abc286_g,data/external/ConDefects/Code/abc286_g/Python/38690639/faultyVersion.py,data/external/ConDefects/Code/abc286_g/Python/38690639/correctVersion.py,data/external/ConDefects/Test/abc286_g,94,3.14.3,True,,,94,eligible,
41126621,abc286_g,data/external/ConDefects/Code/abc286_g/Python/41126621/faultyVersion.py,data/external/ConDefects/Code/abc286_g/Python/41126621/correctVersion.py,data/external/ConDefects/Test/abc286_g,64,3.14.3,True,,,64,ineligible,multiple independent faults
38346885,abc286_h,data/external/ConDefects/Code/abc286_h/Python/38346885/faultyVersion.py,data/external/ConDefects/Code/abc286_h/Python/38346885/correctVersion.py,data/external/ConDefects/Test/abc286_h,66,3.14.3,True,,,66,eligible,
46785855,abc286_h,data/external/ConDefects/Code/abc286_h/Python/46785855/faultyVersion.py,data/external/ConDefects/Code/abc286_h/Python/46785855/correctVersion.py,data/external/ConDefects/Test/abc286_h,49,3.14.3,True,,,49,eligible,
45662090,abc287_a,data/external/ConDefects/Code/abc287_a/Python/45662090/faultyVersion.py,data/external/ConDefects/Code/abc287_a/Python/45662090/correctVersion.py,data/external/ConDefects/Test/abc287_a,10,3.14.3,True,,,10,ineligible,loc < 25 (minimum length floor is 25)
45997845,abc287_a,data/external/ConDefects/Code/abc287_a/Python/45997845/faultyVersion.py,data/external/ConDefects/Code/abc287_a/Python/45997845/correctVersion.py,data/external/ConDefects/Test/abc287_a,11,3.14.3,True,,,11,ineligible,loc < 25 (minimum length floor is 25)
45997875,abc287_a,data/external/ConDefects/Code/abc287_a/Python/45997875/faultyVersion.py,data/external/ConDefects/Code/abc287_a/Python/45997875/correctVersion.py,data/external/ConDefects/Test/abc287_a,15,3.14.3,True,,,15,ineligible,loc < 25 (minimum length floor is 25)
45997889,abc287_a,data/external/ConDefects/Code/abc287_a/Python/45997889/faultyVersion.py,data/external/ConDefects/Code/abc287_a/Python/45997889/correctVersion.py,data/external/ConDefects/Test/abc287_a,12,3.14.3,True,,,12,ineligible,loc < 25 (minimum length floor is 25)
45997981,abc287_a,data/external/ConDefects/Code/abc287_a/Python/45997981/faultyVersion.py,data/external/ConDefects/Code/abc287_a/Python/45997981/correctVersion.py,data/external/ConDefects/Test/abc287_a,13,3.14.3,True,,,13,ineligible,loc < 25 (minimum length floor is 25)
45520506,abc287_c,data/external/ConDefects/Code/abc287_c/Python/45520506/faultyVersion.py,data/external/ConDefects/Code/abc287_c/Python/45520506/correctVersion.py,data/external/ConDefects/Test/abc287_c,41,3.14.3,True,,,41,eligible,
46180932,abc287_c,data/external/ConDefects/Code/abc287_c/Python/46180932/faultyVersion.py,data/external/ConDefects/Code/abc287_c/Python/46180932/correctVersion.py,data/external/ConDefects/Test/abc287_c,50,3.14.3,True,,,50,eligible,
45092019,abc287_d,data/external/ConDefects/Code/abc287_d/Python/45092019/faultyVersion.py,data/external/ConDefects/Code/abc287_d/Python/45092019/correctVersion.py,data/external/ConDefects/Test/abc287_d,25,3.14.3,True,,,25,eligible,
45271287,abc287_d,data/external/ConDefects/Code/abc287_d/Python/45271287/faultyVersion.py,data/external/ConDefects/Code/abc287_d/Python/45271287/correctVersion.py,data/external/ConDefects/Test/abc287_d,15,3.14.3,True,,,15,ineligible,loc < 25 (minimum length floor is 25)
45342192,abc287_d,data/external/ConDefects/Code/abc287_d/Python/45342192/faultyVersion.py,data/external/ConDefects/Code/abc287_d/Python/45342192/correctVersion.py,data/external/ConDefects/Test/abc287_d,19,3.14.3,True,,,19,ineligible,loc < 25 (minimum length floor is 25)
45345625,abc287_d,data/external/ConDefects/Code/abc287_d/Python/45345625/faultyVersion.py,data/external/ConDefects/Code/abc287_d/Python/45345625/correctVersion.py,data/external/ConDefects/Test/abc287_d,705,3.14.3,True,,,705,ineligible,loc > 300 (maximum length ceiling is 300)
45533288,abc287_d,data/external/ConDefects/Code/abc287_d/Python/45533288/faultyVersion.py,data/external/ConDefects/Code/abc287_d/Python/45533288/correctVersion.py,data/external/ConDefects/Test/abc287_d,26,3.14.3,True,,,26,eligible,
46181501,abc287_d,data/external/ConDefects/Code/abc287_d/Python/46181501/faultyVersion.py,data/external/ConDefects/Code/abc287_d/Python/46181501/correctVersion.py,data/external/ConDefects/Test/abc287_d,29,3.14.3,True,,,29,eligible,
51264451,abc287_e,data/external/ConDefects/Code/abc287_e/Python/51264451/faultyVersion.py,data/external/ConDefects/Code/abc287_e/Python/51264451/correctVersion.py,data/external/ConDefects/Test/abc287_e,26,3.14.3,True,,,26,eligible,
54006112,abc287_e,data/external/ConDefects/Code/abc287_e/Python/54006112/faultyVersion.py,data/external/ConDefects/Code/abc287_e/Python/54006112/correctVersion.py,data/external/ConDefects/Test/abc287_e,30,3.14.3,True,,,30,eligible,
54495703,abc287_e,data/external/ConDefects/Code/abc287_e/Python/54495703/faultyVersion.py,data/external/ConDefects/Code/abc287_e/Python/54495703/correctVersion.py,data/external/ConDefects/Test/abc287_e,43,3.14.3,True,,,43,eligible,
51238563,abc287_f,data/external/ConDefects/Code/abc287_f/Python/51238563/faultyVersion.py,data/external/ConDefects/Code/abc287_f/Python/51238563/correctVersion.py,data/external/ConDefects/Test/abc287_f,54,3.14.3,True,,,54,eligible,
40891564,abc287_g,data/external/ConDefects/Code/abc287_g/Python/40891564/faultyVersion.py,data/external/ConDefects/Code/abc287_g/Python/40891564/correctVersion.py,data/external/ConDefects/Test/abc287_g,107,3.14.3,True,,,107,eligible,
50037780,abc287_g,data/external/ConDefects/Code/abc287_g/Python/50037780/faultyVersion.py,data/external/ConDefects/Code/abc287_g/Python/50037780/correctVersion.py,data/external/ConDefects/Test/abc287_g,170,3.14.3,True,,,170,eligible,
50462471,abc287_g,data/external/ConDefects/Code/abc287_g/Python/50462471/faultyVersion.py,data/external/ConDefects/Code/abc287_g/Python/50462471/correctVersion.py,data/external/ConDefects/Test/abc287_g,96,3.14.3,True,,,96,eligible,
38508416,abc287_h,data/external/ConDefects/Code/abc287_h/Python/38508416/faultyVersion.py,data/external/ConDefects/Code/abc287_h/Python/38508416/correctVersion.py,data/external/ConDefects/Test/abc287_h,46,3.14.3,True,,,46,eligible,
44592257,abc288_b,data/external/ConDefects/Code/abc288_b/Python/44592257/faultyVersion.py,data/external/ConDefects/Code/abc288_b/Python/44592257/correctVersion.py,data/external/ConDefects/Test/abc288_b,5,3.14.3,True,,,5,ineligible,loc < 25 (minimum length floor is 25)
45965822,abc288_b,data/external/ConDefects/Code/abc288_b/Python/45965822/faultyVersion.py,data/external/ConDefects/Code/abc288_b/Python/45965822/correctVersion.py,data/external/ConDefects/Test/abc288_b,8,3.14.3,True,,,8,ineligible,loc < 25 (minimum length floor is 25)
45491126,abc288_d,data/external/ConDefects/Code/abc288_d/Python/45491126/faultyVersion.py,data/external/ConDefects/Code/abc288_d/Python/45491126/correctVersion.py,data/external/ConDefects/Test/abc288_d,19,3.14.3,True,,,19,ineligible,loc < 25 (minimum length floor is 25)
45491325,abc288_d,data/external/ConDefects/Code/abc288_d/Python/45491325/faultyVersion.py,data/external/ConDefects/Code/abc288_d/Python/45491325/correctVersion.py,data/external/ConDefects/Test/abc288_d,33,3.14.3,True,,,33,eligible,
41523056,abc288_e,data/external/ConDefects/Code/abc288_e/Python/41523056/faultyVersion.py,data/external/ConDefects/Code/abc288_e/Python/41523056/correctVersion.py,data/external/ConDefects/Test/abc288_e,33,3.14.3,True,,,33,eligible,
44219980,abc288_f,data/external/ConDefects/Code/abc288_f/Python/44219980/faultyVersion.py,data/external/ConDefects/Code/abc288_f/Python/44219980/correctVersion.py,data/external/ConDefects/Test/abc288_f,6,3.14.3,True,,,6,ineligible,loc < 25 (minimum length floor is 25)
44220093,abc288_f,data/external/ConDefects/Code/abc288_f/Python/44220093/faultyVersion.py,data/external/ConDefects/Code/abc288_f/Python/44220093/correctVersion.py,data/external/ConDefects/Test/abc288_f,5,3.14.3,True,,,5,ineligible,loc < 25 (minimum length floor is 25)
44222318,abc288_f,data/external/ConDefects/Code/abc288_f/Python/44222318/faultyVersion.py,data/external/ConDefects/Code/abc288_f/Python/44222318/correctVersion.py,data/external/ConDefects/Test/abc288_f,16,3.14.3,True,,,16,ineligible,loc < 25 (minimum length floor is 25)
54492440,abc288_f,data/external/ConDefects/Code/abc288_f/Python/54492440/faultyVersion.py,data/external/ConDefects/Code/abc288_f/Python/54492440/correctVersion.py,data/external/ConDefects/Test/abc288_f,14,3.14.3,True,,,14,ineligible,loc < 25 (minimum length floor is 25)
38755910,abc288_g,data/external/ConDefects/Code/abc288_g/Python/38755910/faultyVersion.py,data/external/ConDefects/Code/abc288_g/Python/38755910/correctVersion.py,data/external/ConDefects/Test/abc288_g,16,3.14.3,True,,,16,ineligible,loc < 25 (minimum length floor is 25)
38697040,abc288_h,data/external/ConDefects/Code/abc288_h/Python/38697040/faultyVersion.py,data/external/ConDefects/Code/abc288_h/Python/38697040/correctVersion.py,data/external/ConDefects/Test/abc288_h,106,3.14.3,True,,,106,eligible,
45965844,abc289_a,data/external/ConDefects/Code/abc289_a/Python/45965844/faultyVersion.py,data/external/ConDefects/Code/abc289_a/Python/45965844/correctVersion.py,data/external/ConDefects/Test/abc289_a,1,3.14.3,True,,,1,ineligible,loc < 25 (minimum length floor is 25)
44836694,abc289_b,data/external/ConDefects/Code/abc289_b/Python/44836694/faultyVersion.py,data/external/ConDefects/Code/abc289_b/Python/44836694/correctVersion.py,data/external/ConDefects/Test/abc289_b,13,3.14.3,True,,,13,ineligible,loc < 25 (minimum length floor is 25)
45332649,abc289_c,data/external/ConDefects/Code/abc289_c/Python/45332649/faultyVersion.py,data/external/ConDefects/Code/abc289_c/Python/45332649/correctVersion.py,data/external/ConDefects/Test/abc289_c,38,3.14.3,True,,,38,eligible,
45901971,abc289_c,data/external/ConDefects/Code/abc289_c/Python/45901971/faultyVersion.py,data/external/ConDefects/Code/abc289_c/Python/45901971/correctVersion.py,data/external/ConDefects/Test/abc289_c,17,3.14.3,True,,,17,ineligible,loc < 25 (minimum length floor is 25)
44672786,abc289_d,data/external/ConDefects/Code/abc289_d/Python/44672786/faultyVersion.py,data/external/ConDefects/Code/abc289_d/Python/44672786/correctVersion.py,data/external/ConDefects/Test/abc289_d,30,3.14.3,True,,,30,eligible,
46033056,abc289_d,data/external/ConDefects/Code/abc289_d/Python/46033056/faultyVersion.py,data/external/ConDefects/Code/abc289_d/Python/46033056/correctVersion.py,data/external/ConDefects/Test/abc289_d,29,3.14.3,True,,,29,eligible,
45463729,abc289_e,data/external/ConDefects/Code/abc289_e/Python/45463729/faultyVersion.py,data/external/ConDefects/Code/abc289_e/Python/45463729/correctVersion.py,data/external/ConDefects/Test/abc289_e,32,3.14.3,True,,,32,eligible,
46186786,abc289_e,data/external/ConDefects/Code/abc289_e/Python/46186786/faultyVersion.py,data/external/ConDefects/Code/abc289_e/Python/46186786/correctVersion.py,data/external/ConDefects/Test/abc289_e,35,3.14.3,True,,,35,ineligible,multi-line fault — excluded by v2 single-line filter
43246591,abc289_h,data/external/ConDefects/Code/abc289_h/Python/43246591/faultyVersion.py,data/external/ConDefects/Code/abc289_h/Python/43246591/correctVersion.py,data/external/ConDefects/Test/abc289_h,160,3.14.3,True,,,160,ineligible,multiple independent faults
45736394,abc290_b,data/external/ConDefects/Code/abc290_b/Python/45736394/faultyVersion.py,data/external/ConDefects/Code/abc290_b/Python/45736394/correctVersion.py,data/external/ConDefects/Test/abc290_b,716,3.14.3,True,,,716,ineligible,loc > 300 (maximum length ceiling is 300)
46158106,abc290_b,data/external/ConDefects/Code/abc290_b/Python/46158106/faultyVersion.py,data/external/ConDefects/Code/abc290_b/Python/46158106/correctVersion.py,data/external/ConDefects/Test/abc290_b,15,3.14.3,True,,,15,ineligible,loc < 25 (minimum length floor is 25)
46211702,abc290_b,data/external/ConDefects/Code/abc290_b/Python/46211702/faultyVersion.py,data/external/ConDefects/Code/abc290_b/Python/46211702/correctVersion.py,data/external/ConDefects/Test/abc290_b,18,3.14.3,True,,,18,ineligible,loc < 25 (minimum length floor is 25)
45228128,abc290_c,data/external/ConDefects/Code/abc290_c/Python/45228128/faultyVersion.py,data/external/ConDefects/Code/abc290_c/Python/45228128/correctVersion.py,data/external/ConDefects/Test/abc290_c,16,3.14.3,True,,,16,ineligible,loc < 25 (minimum length floor is 25)
45270856,abc290_c,data/external/ConDefects/Code/abc290_c/Python/45270856/faultyVersion.py,data/external/ConDefects/Code/abc290_c/Python/45270856/correctVersion.py,data/external/ConDefects/Test/abc290_c,26,3.14.3,True,,,26,eligible,
45296084,abc290_c,data/external/ConDefects/Code/abc290_c/Python/45296084/faultyVersion.py,data/external/ConDefects/Code/abc290_c/Python/45296084/correctVersion.py,data/external/ConDefects/Test/abc290_c,6,3.14.3,True,,,6,ineligible,loc < 25 (minimum length floor is 25)
46128954,abc290_c,data/external/ConDefects/Code/abc290_c/Python/46128954/faultyVersion.py,data/external/ConDefects/Code/abc290_c/Python/46128954/correctVersion.py,data/external/ConDefects/Test/abc290_c,11,3.14.3,True,,,11,ineligible,loc < 25 (minimum length floor is 25)
46162962,abc290_c,data/external/ConDefects/Code/abc290_c/Python/46162962/faultyVersion.py,data/external/ConDefects/Code/abc290_c/Python/46162962/correctVersion.py,data/external/ConDefects/Test/abc290_c,25,3.14.3,True,,,25,ineligible,multiple independent faults
46194587,abc290_c,data/external/ConDefects/Code/abc290_c/Python/46194587/faultyVersion.py,data/external/ConDefects/Code/abc290_c/Python/46194587/correctVersion.py,data/external/ConDefects/Test/abc290_c,13,3.14.3,True,,,13,ineligible,loc < 25 (minimum length floor is 25)
45988606,abc290_d,data/external/ConDefects/Code/abc290_d/Python/45988606/faultyVersion.py,data/external/ConDefects/Code/abc290_d/Python/45988606/correctVersion.py,data/external/ConDefects/Test/abc290_d,13,3.14.3,True,,,13,ineligible,loc < 25 (minimum length floor is 25)
46020741,abc290_d,data/external/ConDefects/Code/abc290_d/Python/46020741/faultyVersion.py,data/external/ConDefects/Code/abc290_d/Python/46020741/correctVersion.py,data/external/ConDefects/Test/abc290_d,13,3.14.3,True,,,13,ineligible,loc < 25 (minimum length floor is 25)
39047205,abc290_g,data/external/ConDefects/Code/abc290_g/Python/39047205/faultyVersion.py,data/external/ConDefects/Code/abc290_g/Python/39047205/correctVersion.py,data/external/ConDefects/Test/abc290_g,34,3.14.3,True,,,34,eligible,
39049178,abc290_g,data/external/ConDefects/Code/abc290_g/Python/39049178/faultyVersion.py,data/external/ConDefects/Code/abc290_g/Python/39049178/correctVersion.py,data/external/ConDefects/Test/abc290_g,21,3.14.3,True,,,21,ineligible,loc < 25 (minimum length floor is 25)
45508180,abc291_a,data/external/ConDefects/Code/abc291_a/Python/45508180/faultyVersion.py,data/external/ConDefects/Code/abc291_a/Python/45508180/correctVersion.py,data/external/ConDefects/Test/abc291_a,5,3.14.3,True,,,5,ineligible,loc < 25 (minimum length floor is 25)
45669598,abc291_b,data/external/ConDefects/Code/abc291_b/Python/45669598/faultyVersion.py,data/external/ConDefects/Code/abc291_b/Python/45669598/correctVersion.py,data/external/ConDefects/Test/abc291_b,21,3.14.3,True,,,21,ineligible,loc < 25 (minimum length floor is 25)
45227759,abc291_c,data/external/ConDefects/Code/abc291_c/Python/45227759/faultyVersion.py,data/external/ConDefects/Code/abc291_c/Python/45227759/correctVersion.py,data/external/ConDefects/Test/abc291_c,19,3.14.3,True,,,19,ineligible,loc < 25 (minimum length floor is 25)
45313651,abc291_c,data/external/ConDefects/Code/abc291_c/Python/45313651/faultyVersion.py,data/external/ConDefects/Code/abc291_c/Python/45313651/correctVersion.py,data/external/ConDefects/Test/abc291_c,29,3.14.3,True,,,29,eligible,
45751656,abc291_c,data/external/ConDefects/Code/abc291_c/Python/45751656/faultyVersion.py,data/external/ConDefects/Code/abc291_c/Python/45751656/correctVersion.py,data/external/ConDefects/Test/abc291_c,19,3.14.3,True,,,19,ineligible,loc < 25 (minimum length floor is 25)
45489809,abc291_d,data/external/ConDefects/Code/abc291_d/Python/45489809/faultyVersion.py,data/external/ConDefects/Code/abc291_d/Python/45489809/correctVersion.py,data/external/ConDefects/Test/abc291_d,28,3.14.3,True,,,28,eligible,
45519163,abc291_d,data/external/ConDefects/Code/abc291_d/Python/45519163/faultyVersion.py,data/external/ConDefects/Code/abc291_d/Python/45519163/correctVersion.py,data/external/ConDefects/Test/abc291_d,30,3.14.3,True,,,30,eligible,
45745122,abc291_d,data/external/ConDefects/Code/abc291_d/Python/45745122/faultyVersion.py,data/external/ConDefects/Code/abc291_d/Python/45745122/correctVersion.py,data/external/ConDefects/Test/abc291_d,27,3.14.3,True,,,27,ineligible,multi-line fault — excluded by v2 single-line filter
45954675,abc291_d,data/external/ConDefects/Code/abc291_d/Python/45954675/faultyVersion.py,data/external/ConDefects/Code/abc291_d/Python/45954675/correctVersion.py,data/external/ConDefects/Test/abc291_d,27,3.14.3,True,,,27,eligible,
46165699,abc291_d,data/external/ConDefects/Code/abc291_d/Python/46165699/faultyVersion.py,data/external/ConDefects/Code/abc291_d/Python/46165699/correctVersion.py,data/external/ConDefects/Test/abc291_d,20,3.14.3,True,,,20,ineligible,loc < 25 (minimum length floor is 25)
46206336,abc291_d,data/external/ConDefects/Code/abc291_d/Python/46206336/faultyVersion.py,data/external/ConDefects/Code/abc291_d/Python/46206336/correctVersion.py,data/external/ConDefects/Test/abc291_d,30,3.14.3,True,,,30,eligible,
45325123,abc291_e,data/external/ConDefects/Code/abc291_e/Python/45325123/faultyVersion.py,data/external/ConDefects/Code/abc291_e/Python/45325123/correctVersion.py,data/external/ConDefects/Test/abc291_e,35,3.14.3,True,,,35,eligible,
45488021,abc291_f,data/external/ConDefects/Code/abc291_f/Python/45488021/faultyVersion.py,data/external/ConDefects/Code/abc291_f/Python/45488021/correctVersion.py,data/external/ConDefects/Test/abc291_f,60,3.14.3,True,,,60,eligible,
45788276,abc291_f,data/external/ConDefects/Code/abc291_f/Python/45788276/faultyVersion.py,data/external/ConDefects/Code/abc291_f/Python/45788276/correctVersion.py,data/external/ConDefects/Test/abc291_f,50,3.14.3,True,,,50,eligible,
46006070,abc291_f,data/external/ConDefects/Code/abc291_f/Python/46006070/faultyVersion.py,data/external/ConDefects/Code/abc291_f/Python/46006070/correctVersion.py,data/external/ConDefects/Test/abc291_f,40,3.14.3,True,,,40,eligible,
50116430,abc291_h,data/external/ConDefects/Code/abc291_h/Python/50116430/faultyVersion.py,data/external/ConDefects/Code/abc291_h/Python/50116430/correctVersion.py,data/external/ConDefects/Test/abc291_h,91,3.14.3,True,,,91,ineligible,multiple independent faults
51212589,abc291_h,data/external/ConDefects/Code/abc291_h/Python/51212589/faultyVersion.py,data/external/ConDefects/Code/abc291_h/Python/51212589/correctVersion.py,data/external/ConDefects/Test/abc291_h,69,3.14.3,True,,,69,eligible,
44986856,abc292_b,data/external/ConDefects/Code/abc292_b/Python/44986856/faultyVersion.py,data/external/ConDefects/Code/abc292_b/Python/44986856/correctVersion.py,data/external/ConDefects/Test/abc292_b,21,3.14.3,True,,,21,ineligible,loc < 25 (minimum length floor is 25)
45300323,abc292_b,data/external/ConDefects/Code/abc292_b/Python/45300323/faultyVersion.py,data/external/ConDefects/Code/abc292_b/Python/45300323/correctVersion.py,data/external/ConDefects/Test/abc292_b,15,3.14.3,True,,,15,ineligible,loc < 25 (minimum length floor is 25)
45444129,abc292_b,data/external/ConDefects/Code/abc292_b/Python/45444129/faultyVersion.py,data/external/ConDefects/Code/abc292_b/Python/45444129/correctVersion.py,data/external/ConDefects/Test/abc292_b,15,3.14.3,True,,,15,ineligible,loc < 25 (minimum length floor is 25)
45575109,abc292_b,data/external/ConDefects/Code/abc292_b/Python/45575109/faultyVersion.py,data/external/ConDefects/Code/abc292_b/Python/45575109/correctVersion.py,data/external/ConDefects/Test/abc292_b,17,3.14.3,True,,,17,ineligible,loc < 25 (minimum length floor is 25)
45695205,abc292_b,data/external/ConDefects/Code/abc292_b/Python/45695205/faultyVersion.py,data/external/ConDefects/Code/abc292_b/Python/45695205/correctVersion.py,data/external/ConDefects/Test/abc292_b,13,3.14.3,True,,,13,ineligible,loc < 25 (minimum length floor is 25)
45291809,abc292_c,data/external/ConDefects/Code/abc292_c/Python/45291809/faultyVersion.py,data/external/ConDefects/Code/abc292_c/Python/45291809/correctVersion.py,data/external/ConDefects/Test/abc292_c,25,3.14.3,True,,,25,eligible,
45536157,abc292_c,data/external/ConDefects/Code/abc292_c/Python/45536157/faultyVersion.py,data/external/ConDefects/Code/abc292_c/Python/45536157/correctVersion.py,data/external/ConDefects/Test/abc292_c,37,3.14.3,True,,,37,eligible,
44987159,abc292_d,data/external/ConDefects/Code/abc292_d/Python/44987159/faultyVersion.py,data/external/ConDefects/Code/abc292_d/Python/44987159/correctVersion.py,data/external/ConDefects/Test/abc292_d,138,3.14.3,True,,,138,eligible,
50119653,abc292_e,data/external/ConDefects/Code/abc292_e/Python/50119653/faultyVersion.py,data/external/ConDefects/Code/abc292_e/Python/50119653/correctVersion.py,data/external/ConDefects/Test/abc292_e,23,3.14.3,True,,,23,ineligible,loc < 25 (minimum length floor is 25)
45523633,abc292_f,data/external/ConDefects/Code/abc292_f/Python/45523633/faultyVersion.py,data/external/ConDefects/Code/abc292_f/Python/45523633/correctVersion.py,data/external/ConDefects/Test/abc292_f,25,3.14.3,True,,,25,eligible,
39455718,abc292_h,data/external/ConDefects/Code/abc292_h/Python/39455718/faultyVersion.py,data/external/ConDefects/Code/abc292_h/Python/39455718/correctVersion.py,data/external/ConDefects/Test/abc292_h,123,3.14.3,True,,,123,eligible,
40600464,abc292_h,data/external/ConDefects/Code/abc292_h/Python/40600464/faultyVersion.py,data/external/ConDefects/Code/abc292_h/Python/40600464/correctVersion.py,data/external/ConDefects/Test/abc292_h,100,3.14.3,True,,,100,eligible,
52014767,abc292_h,data/external/ConDefects/Code/abc292_h/Python/52014767/faultyVersion.py,data/external/ConDefects/Code/abc292_h/Python/52014767/correctVersion.py,data/external/ConDefects/Test/abc292_h,84,3.14.3,True,,,84,eligible,
46050349,abc293_b,data/external/ConDefects/Code/abc293_b/Python/46050349/faultyVersion.py,data/external/ConDefects/Code/abc293_b/Python/46050349/correctVersion.py,data/external/ConDefects/Test/abc293_b,22,3.14.3,True,,,22,ineligible,loc < 25 (minimum length floor is 25)
45502821,abc293_c,data/external/ConDefects/Code/abc293_c/Python/45502821/faultyVersion.py,data/external/ConDefects/Code/abc293_c/Python/45502821/correctVersion.py,data/external/ConDefects/Test/abc293_c,39,3.14.3,True,,,39,eligible,
45453097,abc293_e,data/external/ConDefects/Code/abc293_e/Python/45453097/faultyVersion.py,data/external/ConDefects/Code/abc293_e/Python/45453097/correctVersion.py,data/external/ConDefects/Test/abc293_e,17,3.14.3,True,,,17,ineligible,loc < 25 (minimum length floor is 25)
45509559,abc293_e,data/external/ConDefects/Code/abc293_e/Python/45509559/faultyVersion.py,data/external/ConDefects/Code/abc293_e/Python/45509559/correctVersion.py,data/external/ConDefects/Test/abc293_e,5,3.14.3,True,,,5,ineligible,loc < 25 (minimum length floor is 25)
45709875,abc293_e,data/external/ConDefects/Code/abc293_e/Python/45709875/faultyVersion.py,data/external/ConDefects/Code/abc293_e/Python/45709875/correctVersion.py,data/external/ConDefects/Test/abc293_e,6,3.14.3,True,,,6,ineligible,loc < 25 (minimum length floor is 25)
45761832,abc293_e,data/external/ConDefects/Code/abc293_e/Python/45761832/faultyVersion.py,data/external/ConDefects/Code/abc293_e/Python/45761832/correctVersion.py,data/external/ConDefects/Test/abc293_e,21,3.14.3,True,,,21,ineligible,loc < 25 (minimum length floor is 25)
45811552,abc293_e,data/external/ConDefects/Code/abc293_e/Python/45811552/faultyVersion.py,data/external/ConDefects/Code/abc293_e/Python/45811552/correctVersion.py,data/external/ConDefects/Test/abc293_e,13,3.14.3,True,,,13,ineligible,loc < 25 (minimum length floor is 25)
46204765,abc293_e,data/external/ConDefects/Code/abc293_e/Python/46204765/faultyVersion.py,data/external/ConDefects/Code/abc293_e/Python/46204765/correctVersion.py,data/external/ConDefects/Test/abc293_e,8,3.14.3,True,,,8,ineligible,loc < 25 (minimum length floor is 25)
45665153,abc293_f,data/external/ConDefects/Code/abc293_f/Python/45665153/faultyVersion.py,data/external/ConDefects/Code/abc293_f/Python/45665153/correctVersion.py,data/external/ConDefects/Test/abc293_f,76,3.14.3,True,,,76,eligible,
45787578,abc294_a,data/external/ConDefects/Code/abc294_a/Python/45787578/faultyVersion.py,data/external/ConDefects/Code/abc294_a/Python/45787578/correctVersion.py,data/external/ConDefects/Test/abc294_a,4,3.14.3,True,,,4,ineligible,loc < 25 (minimum length floor is 25)
45789682,abc294_a,data/external/ConDefects/Code/abc294_a/Python/45789682/faultyVersion.py,data/external/ConDefects/Code/abc294_a/Python/45789682/correctVersion.py,data/external/ConDefects/Test/abc294_a,7,3.14.3,True,,,7,ineligible,loc < 25 (minimum length floor is 25)
46001863,abc294_b,data/external/ConDefects/Code/abc294_b/Python/46001863/faultyVersion.py,data/external/ConDefects/Code/abc294_b/Python/46001863/correctVersion.py,data/external/ConDefects/Test/abc294_b,18,3.14.3,True,,,18,ineligible,loc < 25 (minimum length floor is 25)
46002739,abc294_b,data/external/ConDefects/Code/abc294_b/Python/46002739/faultyVersion.py,data/external/ConDefects/Code/abc294_b/Python/46002739/correctVersion.py,data/external/ConDefects/Test/abc294_b,16,3.14.3,True,,,16,ineligible,loc < 25 (minimum length floor is 25)
46049020,abc294_b,data/external/ConDefects/Code/abc294_b/Python/46049020/faultyVersion.py,data/external/ConDefects/Code/abc294_b/Python/46049020/correctVersion.py,data/external/ConDefects/Test/abc294_b,16,3.14.3,True,,,16,ineligible,loc < 25 (minimum length floor is 25)
45910052,abc294_d,data/external/ConDefects/Code/abc294_d/Python/45910052/faultyVersion.py,data/external/ConDefects/Code/abc294_d/Python/45910052/correctVersion.py,data/external/ConDefects/Test/abc294_d,25,3.14.3,True,,,25,eligible,
51921412,abc294_e,data/external/ConDefects/Code/abc294_e/Python/51921412/faultyVersion.py,data/external/ConDefects/Code/abc294_e/Python/51921412/correctVersion.py,data/external/ConDefects/Test/abc294_e,27,3.14.3,True,,,27,ineligible,multi-line fault — excluded by v2 single-line filter
46857187,abc294_f,data/external/ConDefects/Code/abc294_f/Python/46857187/faultyVersion.py,data/external/ConDefects/Code/abc294_f/Python/46857187/correctVersion.py,data/external/ConDefects/Test/abc294_f,50,3.14.3,True,,,50,ineligible,multiple independent faults
47413656,abc294_f,data/external/ConDefects/Code/abc294_f/Python/47413656/faultyVersion.py,data/external/ConDefects/Code/abc294_f/Python/47413656/correctVersion.py,data/external/ConDefects/Test/abc294_f,29,3.14.3,True,,,29,eligible,
49343974,abc294_f,data/external/ConDefects/Code/abc294_f/Python/49343974/faultyVersion.py,data/external/ConDefects/Code/abc294_f/Python/49343974/correctVersion.py,data/external/ConDefects/Test/abc294_f,50,3.14.3,True,,,50,eligible,
53961424,abc294_f,data/external/ConDefects/Code/abc294_f/Python/53961424/faultyVersion.py,data/external/ConDefects/Code/abc294_f/Python/53961424/correctVersion.py,data/external/ConDefects/Test/abc294_f,37,3.14.3,True,,,37,eligible,
50893680,abc294_g,data/external/ConDefects/Code/abc294_g/Python/50893680/faultyVersion.py,data/external/ConDefects/Code/abc294_g/Python/50893680/correctVersion.py,data/external/ConDefects/Test/abc294_g,85,3.14.3,True,,,85,ineligible,multiple independent faults
53664226,abc294_g,data/external/ConDefects/Code/abc294_g/Python/53664226/faultyVersion.py,data/external/ConDefects/Code/abc294_g/Python/53664226/correctVersion.py,data/external/ConDefects/Test/abc294_g,195,3.14.3,True,,,195,eligible,
44861660,abc295_a,data/external/ConDefects/Code/abc295_a/Python/44861660/faultyVersion.py,data/external/ConDefects/Code/abc295_a/Python/44861660/correctVersion.py,data/external/ConDefects/Test/abc295_a,14,3.14.3,True,,,14,ineligible,loc < 25 (minimum length floor is 25)
45025721,abc295_a,data/external/ConDefects/Code/abc295_a/Python/45025721/faultyVersion.py,data/external/ConDefects/Code/abc295_a/Python/45025721/correctVersion.py,data/external/ConDefects/Test/abc295_a,7,3.14.3,True,,,7,ineligible,loc < 25 (minimum length floor is 25)
45272260,abc295_a,data/external/ConDefects/Code/abc295_a/Python/45272260/faultyVersion.py,data/external/ConDefects/Code/abc295_a/Python/45272260/correctVersion.py,data/external/ConDefects/Test/abc295_a,12,3.14.3,True,,,12,ineligible,loc < 25 (minimum length floor is 25)
45517657,abc295_a,data/external/ConDefects/Code/abc295_a/Python/45517657/faultyVersion.py,data/external/ConDefects/Code/abc295_a/Python/45517657/correctVersion.py,data/external/ConDefects/Test/abc295_a,10,3.14.3,True,,,10,ineligible,loc < 25 (minimum length floor is 25)
45905401,abc295_a,data/external/ConDefects/Code/abc295_a/Python/45905401/faultyVersion.py,data/external/ConDefects/Code/abc295_a/Python/45905401/correctVersion.py,data/external/ConDefects/Test/abc295_a,10,3.14.3,True,,,10,ineligible,loc < 25 (minimum length floor is 25)
46045977,abc295_a,data/external/ConDefects/Code/abc295_a/Python/46045977/faultyVersion.py,data/external/ConDefects/Code/abc295_a/Python/46045977/correctVersion.py,data/external/ConDefects/Test/abc295_a,8,3.14.3,True,,,8,ineligible,loc < 25 (minimum length floor is 25)
45457264,abc295_b,data/external/ConDefects/Code/abc295_b/Python/45457264/faultyVersion.py,data/external/ConDefects/Code/abc295_b/Python/45457264/correctVersion.py,data/external/ConDefects/Test/abc295_b,34,3.14.3,True,,,34,eligible,
45969944,abc295_b,data/external/ConDefects/Code/abc295_b/Python/45969944/faultyVersion.py,data/external/ConDefects/Code/abc295_b/Python/45969944/correctVersion.py,data/external/ConDefects/Test/abc295_b,33,3.14.3,True,,,33,ineligible,multiple independent faults
42176175,abc295_e,data/external/ConDefects/Code/abc295_e/Python/42176175/faultyVersion.py,data/external/ConDefects/Code/abc295_e/Python/42176175/correctVersion.py,data/external/ConDefects/Test/abc295_e,29,3.14.3,True,,,29,eligible,
42264948,abc295_e,data/external/ConDefects/Code/abc295_e/Python/42264948/faultyVersion.py,data/external/ConDefects/Code/abc295_e/Python/42264948/correctVersion.py,data/external/ConDefects/Test/abc295_e,59,3.14.3,True,,,59,eligible,
54729841,abc295_e,data/external/ConDefects/Code/abc295_e/Python/54729841/faultyVersion.py,data/external/ConDefects/Code/abc295_e/Python/54729841/correctVersion.py,data/external/ConDefects/Test/abc295_e,29,3.14.3,True,,,29,eligible,
40825469,abc295_g,data/external/ConDefects/Code/abc295_g/Python/40825469/faultyVersion.py,data/external/ConDefects/Code/abc295_g/Python/40825469/correctVersion.py,data/external/ConDefects/Test/abc295_g,91,3.14.3,True,,,91,eligible,
45538761,abc296_b,data/external/ConDefects/Code/abc296_b/Python/45538761/faultyVersion.py,data/external/ConDefects/Code/abc296_b/Python/45538761/correctVersion.py,data/external/ConDefects/Test/abc296_b,11,3.14.3,True,,,11,ineligible,loc < 25 (minimum length floor is 25)
46012599,abc296_c,data/external/ConDefects/Code/abc296_c/Python/46012599/faultyVersion.py,data/external/ConDefects/Code/abc296_c/Python/46012599/correctVersion.py,data/external/ConDefects/Test/abc296_c,13,3.14.3,True,,,13,ineligible,loc < 25 (minimum length floor is 25)
45553301,abc296_d,data/external/ConDefects/Code/abc296_d/Python/45553301/faultyVersion.py,data/external/ConDefects/Code/abc296_d/Python/45553301/correctVersion.py,data/external/ConDefects/Test/abc296_d,11,3.14.3,True,,,11,ineligible,loc < 25 (minimum length floor is 25)
45742817,abc296_d,data/external/ConDefects/Code/abc296_d/Python/45742817/faultyVersion.py,data/external/ConDefects/Code/abc296_d/Python/45742817/correctVersion.py,data/external/ConDefects/Test/abc296_d,12,3.14.3,True,,,12,ineligible,loc < 25 (minimum length floor is 25)
45768294,abc296_d,data/external/ConDefects/Code/abc296_d/Python/45768294/faultyVersion.py,data/external/ConDefects/Code/abc296_d/Python/45768294/correctVersion.py,data/external/ConDefects/Test/abc296_d,21,3.14.3,True,,,21,ineligible,loc < 25 (minimum length floor is 25)
45799143,abc296_d,data/external/ConDefects/Code/abc296_d/Python/45799143/faultyVersion.py,data/external/ConDefects/Code/abc296_d/Python/45799143/correctVersion.py,data/external/ConDefects/Test/abc296_d,18,3.14.3,True,,,18,ineligible,loc < 25 (minimum length floor is 25)
45931532,abc296_d,data/external/ConDefects/Code/abc296_d/Python/45931532/faultyVersion.py,data/external/ConDefects/Code/abc296_d/Python/45931532/correctVersion.py,data/external/ConDefects/Test/abc296_d,9,3.14.3,True,,,9,ineligible,loc < 25 (minimum length floor is 25)
45933759,abc296_d,data/external/ConDefects/Code/abc296_d/Python/45933759/faultyVersion.py,data/external/ConDefects/Code/abc296_d/Python/45933759/correctVersion.py,data/external/ConDefects/Test/abc296_d,31,3.14.3,True,,,31,eligible,
45976166,abc296_d,data/external/ConDefects/Code/abc296_d/Python/45976166/faultyVersion.py,data/external/ConDefects/Code/abc296_d/Python/45976166/correctVersion.py,data/external/ConDefects/Test/abc296_d,19,3.14.3,True,,,19,ineligible,loc < 25 (minimum length floor is 25)
43917096,abc296_f,data/external/ConDefects/Code/abc296_f/Python/43917096/faultyVersion.py,data/external/ConDefects/Code/abc296_f/Python/43917096/correctVersion.py,data/external/ConDefects/Test/abc296_f,29,3.14.3,True,,,29,ineligible,multiple independent faults
45226037,abc296_f,data/external/ConDefects/Code/abc296_f/Python/45226037/faultyVersion.py,data/external/ConDefects/Code/abc296_f/Python/45226037/correctVersion.py,data/external/ConDefects/Test/abc296_f,110,3.14.3,True,,,110,eligible,
45331429,abc296_f,data/external/ConDefects/Code/abc296_f/Python/45331429/faultyVersion.py,data/external/ConDefects/Code/abc296_f/Python/45331429/correctVersion.py,data/external/ConDefects/Test/abc296_f,62,3.14.3,True,,,62,eligible,
50949566,abc296_f,data/external/ConDefects/Code/abc296_f/Python/50949566/faultyVersion.py,data/external/ConDefects/Code/abc296_f/Python/50949566/correctVersion.py,data/external/ConDefects/Test/abc296_f,62,3.14.3,True,,,62,eligible,
52941375,abc296_f,data/external/ConDefects/Code/abc296_f/Python/52941375/faultyVersion.py,data/external/ConDefects/Code/abc296_f/Python/52941375/correctVersion.py,data/external/ConDefects/Test/abc296_f,62,3.14.3,True,,,62,eligible,
40275095,abc296_h,data/external/ConDefects/Code/abc296_h/Python/40275095/faultyVersion.py,data/external/ConDefects/Code/abc296_h/Python/40275095/correctVersion.py,data/external/ConDefects/Test/abc296_h,170,3.14.3,True,,,170,eligible,
45281375,abc297_a,data/external/ConDefects/Code/abc297_a/Python/45281375/faultyVersion.py,data/external/ConDefects/Code/abc297_a/Python/45281375/correctVersion.py,data/external/ConDefects/Test/abc297_a,8,3.14.3,True,,,8,ineligible,loc < 25 (minimum length floor is 25)
45477733,abc297_a,data/external/ConDefects/Code/abc297_a/Python/45477733/faultyVersion.py,data/external/ConDefects/Code/abc297_a/Python/45477733/correctVersion.py,data/external/ConDefects/Test/abc297_a,9,3.14.3,True,,,9,ineligible,loc < 25 (minimum length floor is 25)
45496094,abc297_a,data/external/ConDefects/Code/abc297_a/Python/45496094/faultyVersion.py,data/external/ConDefects/Code/abc297_a/Python/45496094/correctVersion.py,data/external/ConDefects/Test/abc297_a,8,3.14.3,True,,,8,ineligible,loc < 25 (minimum length floor is 25)
45500749,abc297_a,data/external/ConDefects/Code/abc297_a/Python/45500749/faultyVersion.py,data/external/ConDefects/Code/abc297_a/Python/45500749/correctVersion.py,data/external/ConDefects/Test/abc297_a,7,3.14.3,True,,,7,ineligible,loc < 25 (minimum length floor is 25)
45577188,abc297_a,data/external/ConDefects/Code/abc297_a/Python/45577188/faultyVersion.py,data/external/ConDefects/Code/abc297_a/Python/45577188/correctVersion.py,data/external/ConDefects/Test/abc297_a,12,3.14.3,True,,,12,ineligible,loc < 25 (minimum length floor is 25)
46009520,abc297_a,data/external/ConDefects/Code/abc297_a/Python/46009520/faultyVersion.py,data/external/ConDefects/Code/abc297_a/Python/46009520/correctVersion.py,data/external/ConDefects/Test/abc297_a,16,3.14.3,True,,,16,ineligible,loc < 25 (minimum length floor is 25)
46055159,abc297_a,data/external/ConDefects/Code/abc297_a/Python/46055159/faultyVersion.py,data/external/ConDefects/Code/abc297_a/Python/46055159/correctVersion.py,data/external/ConDefects/Test/abc297_a,10,3.14.3,True,,,10,ineligible,loc < 25 (minimum length floor is 25)
45489946,abc297_b,data/external/ConDefects/Code/abc297_b/Python/45489946/faultyVersion.py,data/external/ConDefects/Code/abc297_b/Python/45489946/correctVersion.py,data/external/ConDefects/Test/abc297_b,19,3.14.3,True,,,19,ineligible,loc < 25 (minimum length floor is 25)
45577916,abc297_b,data/external/ConDefects/Code/abc297_b/Python/45577916/faultyVersion.py,data/external/ConDefects/Code/abc297_b/Python/45577916/correctVersion.py,data/external/ConDefects/Test/abc297_b,12,3.14.3,True,,,12,ineligible,loc < 25 (minimum length floor is 25)
46013217,abc297_b,data/external/ConDefects/Code/abc297_b/Python/46013217/faultyVersion.py,data/external/ConDefects/Code/abc297_b/Python/46013217/correctVersion.py,data/external/ConDefects/Test/abc297_b,7,3.14.3,True,,,7,ineligible,loc < 25 (minimum length floor is 25)
46194170,abc297_c,data/external/ConDefects/Code/abc297_c/Python/46194170/faultyVersion.py,data/external/ConDefects/Code/abc297_c/Python/46194170/correctVersion.py,data/external/ConDefects/Test/abc297_c,8,3.14.3,True,,,8,ineligible,loc < 25 (minimum length floor is 25)
45529790,abc297_d,data/external/ConDefects/Code/abc297_d/Python/45529790/faultyVersion.py,data/external/ConDefects/Code/abc297_d/Python/45529790/correctVersion.py,data/external/ConDefects/Test/abc297_d,16,3.14.3,True,,,16,ineligible,loc < 25 (minimum length floor is 25)
46054755,abc297_e,data/external/ConDefects/Code/abc297_e/Python/46054755/faultyVersion.py,data/external/ConDefects/Code/abc297_e/Python/46054755/correctVersion.py,data/external/ConDefects/Test/abc297_e,29,3.14.3,True,,,29,ineligible,multi-line fault — excluded by v2 single-line filter
46197532,abc297_e,data/external/ConDefects/Code/abc297_e/Python/46197532/faultyVersion.py,data/external/ConDefects/Code/abc297_e/Python/46197532/correctVersion.py,data/external/ConDefects/Test/abc297_e,22,3.14.3,True,,,22,ineligible,loc < 25 (minimum length floor is 25)
47953762,abc297_f,data/external/ConDefects/Code/abc297_f/Python/47953762/faultyVersion.py,data/external/ConDefects/Code/abc297_f/Python/47953762/correctVersion.py,data/external/ConDefects/Test/abc297_f,125,3.14.3,True,,,125,ineligible,multi-line fault — excluded by v2 single-line filter
49316217,abc297_f,data/external/ConDefects/Code/abc297_f/Python/49316217/faultyVersion.py,data/external/ConDefects/Code/abc297_f/Python/49316217/correctVersion.py,data/external/ConDefects/Test/abc297_f,39,3.14.3,True,,,39,ineligible,multi-line fault — excluded by v2 single-line filter
44405855,abc297_g,data/external/ConDefects/Code/abc297_g/Python/44405855/faultyVersion.py,data/external/ConDefects/Code/abc297_g/Python/44405855/correctVersion.py,data/external/ConDefects/Test/abc297_g,14,3.14.3,True,,,14,ineligible,loc < 25 (minimum length floor is 25)
47814164,abc297_g,data/external/ConDefects/Code/abc297_g/Python/47814164/faultyVersion.py,data/external/ConDefects/Code/abc297_g/Python/47814164/correctVersion.py,data/external/ConDefects/Test/abc297_g,11,3.14.3,True,,,11,ineligible,loc < 25 (minimum length floor is 25)
52394876,abc297_g,data/external/ConDefects/Code/abc297_g/Python/52394876/faultyVersion.py,data/external/ConDefects/Code/abc297_g/Python/52394876/correctVersion.py,data/external/ConDefects/Test/abc297_g,14,3.14.3,True,,,14,ineligible,loc < 25 (minimum length floor is 25)
45277640,abc298_a,data/external/ConDefects/Code/abc298_a/Python/45277640/faultyVersion.py,data/external/ConDefects/Code/abc298_a/Python/45277640/correctVersion.py,data/external/ConDefects/Test/abc298_a,20,3.14.3,True,,,20,ineligible,loc < 25 (minimum length floor is 25)
46129675,abc298_a,data/external/ConDefects/Code/abc298_a/Python/46129675/faultyVersion.py,data/external/ConDefects/Code/abc298_a/Python/46129675/correctVersion.py,data/external/ConDefects/Test/abc298_a,6,3.14.3,True,,,6,ineligible,loc < 25 (minimum length floor is 25)
45279577,abc298_b,data/external/ConDefects/Code/abc298_b/Python/45279577/faultyVersion.py,data/external/ConDefects/Code/abc298_b/Python/45279577/correctVersion.py,data/external/ConDefects/Test/abc298_b,31,3.14.3,True,,,31,eligible,
45483068,abc298_b,data/external/ConDefects/Code/abc298_b/Python/45483068/faultyVersion.py,data/external/ConDefects/Code/abc298_b/Python/45483068/correctVersion.py,data/external/ConDefects/Test/abc298_b,26,3.14.3,True,,,26,eligible,
45491531,abc298_b,data/external/ConDefects/Code/abc298_b/Python/45491531/faultyVersion.py,data/external/ConDefects/Code/abc298_b/Python/45491531/correctVersion.py,data/external/ConDefects/Test/abc298_b,31,3.14.3,True,,,31,eligible,
45996525,abc298_b,data/external/ConDefects/Code/abc298_b/Python/45996525/faultyVersion.py,data/external/ConDefects/Code/abc298_b/Python/45996525/correctVersion.py,data/external/ConDefects/Test/abc298_b,48,3.14.3,True,,,48,eligible,
45807883,abc298_c,data/external/ConDefects/Code/abc298_c/Python/45807883/faultyVersion.py,data/external/ConDefects/Code/abc298_c/Python/45807883/correctVersion.py,data/external/ConDefects/Test/abc298_c,19,3.14.3,True,,,19,ineligible,loc < 25 (minimum length floor is 25)
45550904,abc298_d,data/external/ConDefects/Code/abc298_d/Python/45550904/faultyVersion.py,data/external/ConDefects/Code/abc298_d/Python/45550904/correctVersion.py,data/external/ConDefects/Test/abc298_d,29,3.14.3,True,,,29,eligible,
45710768,abc298_d,data/external/ConDefects/Code/abc298_d/Python/45710768/faultyVersion.py,data/external/ConDefects/Code/abc298_d/Python/45710768/correctVersion.py,data/external/ConDefects/Test/abc298_d,28,3.14.3,True,,,28,eligible,
46008577,abc298_e,data/external/ConDefects/Code/abc298_e/Python/46008577/faultyVersion.py,data/external/ConDefects/Code/abc298_e/Python/46008577/correctVersion.py,data/external/ConDefects/Test/abc298_e,25,3.14.3,True,,,25,eligible,
41059627,abc298_g,data/external/ConDefects/Code/abc298_g/Python/41059627/faultyVersion.py,data/external/ConDefects/Code/abc298_g/Python/41059627/correctVersion.py,data/external/ConDefects/Test/abc298_g,56,3.14.3,True,,,56,eligible,
46177642,abc299_a,data/external/ConDefects/Code/abc299_a/Python/46177642/faultyVersion.py,data/external/ConDefects/Code/abc299_a/Python/46177642/correctVersion.py,data/external/ConDefects/Test/abc299_a,1,3.14.3,True,,,1,ineligible,loc < 25 (minimum length floor is 25)
45221667,abc299_c,data/external/ConDefects/Code/abc299_c/Python/45221667/faultyVersion.py,data/external/ConDefects/Code/abc299_c/Python/45221667/correctVersion.py,data/external/ConDefects/Test/abc299_c,17,3.14.3,True,,,17,ineligible,loc < 25 (minimum length floor is 25)
45333505,abc299_c,data/external/ConDefects/Code/abc299_c/Python/45333505/faultyVersion.py,data/external/ConDefects/Code/abc299_c/Python/45333505/correctVersion.py,data/external/ConDefects/Test/abc299_c,21,3.14.3,True,,,21,ineligible,loc < 25 (minimum length floor is 25)
45334014,abc299_c,data/external/ConDefects/Code/abc299_c/Python/45334014/faultyVersion.py,data/external/ConDefects/Code/abc299_c/Python/45334014/correctVersion.py,data/external/ConDefects/Test/abc299_c,17,3.14.3,True,,,17,ineligible,loc < 25 (minimum length floor is 25)
45439049,abc299_c,data/external/ConDefects/Code/abc299_c/Python/45439049/faultyVersion.py,data/external/ConDefects/Code/abc299_c/Python/45439049/correctVersion.py,data/external/ConDefects/Test/abc299_c,12,3.14.3,True,,,12,ineligible,loc < 25 (minimum length floor is 25)
45513147,abc299_c,data/external/ConDefects/Code/abc299_c/Python/45513147/faultyVersion.py,data/external/ConDefects/Code/abc299_c/Python/45513147/correctVersion.py,data/external/ConDefects/Test/abc299_c,12,3.14.3,True,,,12,ineligible,loc < 25 (minimum length floor is 25)
45524936,abc299_c,data/external/ConDefects/Code/abc299_c/Python/45524936/faultyVersion.py,data/external/ConDefects/Code/abc299_c/Python/45524936/correctVersion.py,data/external/ConDefects/Test/abc299_c,19,3.14.3,True,,,19,ineligible,loc < 25 (minimum length floor is 25)
45695018,abc299_c,data/external/ConDefects/Code/abc299_c/Python/45695018/faultyVersion.py,data/external/ConDefects/Code/abc299_c/Python/45695018/correctVersion.py,data/external/ConDefects/Test/abc299_c,33,3.14.3,True,,,33,eligible,
45750635,abc299_c,data/external/ConDefects/Code/abc299_c/Python/45750635/faultyVersion.py,data/external/ConDefects/Code/abc299_c/Python/45750635/correctVersion.py,data/external/ConDefects/Test/abc299_c,48,3.14.3,True,,,48,eligible,
45797933,abc299_c,data/external/ConDefects/Code/abc299_c/Python/45797933/faultyVersion.py,data/external/ConDefects/Code/abc299_c/Python/45797933/correctVersion.py,data/external/ConDefects/Test/abc299_c,34,3.14.3,True,,,34,ineligible,multiple independent faults
45929496,abc299_c,data/external/ConDefects/Code/abc299_c/Python/45929496/faultyVersion.py,data/external/ConDefects/Code/abc299_c/Python/45929496/correctVersion.py,data/external/ConDefects/Test/abc299_c,15,3.14.3,True,,,15,ineligible,loc < 25 (minimum length floor is 25)
45999829,abc299_c,data/external/ConDefects/Code/abc299_c/Python/45999829/faultyVersion.py,data/external/ConDefects/Code/abc299_c/Python/45999829/correctVersion.py,data/external/ConDefects/Test/abc299_c,31,3.14.3,True,,,31,ineligible,multi-line fault — excluded by v2 single-line filter
46032299,abc299_c,data/external/ConDefects/Code/abc299_c/Python/46032299/faultyVersion.py,data/external/ConDefects/Code/abc299_c/Python/46032299/correctVersion.py,data/external/ConDefects/Test/abc299_c,15,3.14.3,True,,,15,ineligible,loc < 25 (minimum length floor is 25)
46050962,abc299_c,data/external/ConDefects/Code/abc299_c/Python/46050962/faultyVersion.py,data/external/ConDefects/Code/abc299_c/Python/46050962/correctVersion.py,data/external/ConDefects/Test/abc299_c,33,3.14.3,True,,,33,ineligible,multiple independent faults
46056786,abc299_c,data/external/ConDefects/Code/abc299_c/Python/46056786/faultyVersion.py,data/external/ConDefects/Code/abc299_c/Python/46056786/correctVersion.py,data/external/ConDefects/Test/abc299_c,12,3.14.3,True,,,12,ineligible,loc < 25 (minimum length floor is 25)
46165545,abc299_c,data/external/ConDefects/Code/abc299_c/Python/46165545/faultyVersion.py,data/external/ConDefects/Code/abc299_c/Python/46165545/correctVersion.py,data/external/ConDefects/Test/abc299_c,114,3.14.3,True,,,114,eligible,
45261350,abc299_d,data/external/ConDefects/Code/abc299_d/Python/45261350/faultyVersion.py,data/external/ConDefects/Code/abc299_d/Python/45261350/correctVersion.py,data/external/ConDefects/Test/abc299_d,9,3.14.3,True,,,9,ineligible,loc < 25 (minimum length floor is 25)
45280139,abc299_d,data/external/ConDefects/Code/abc299_d/Python/45280139/faultyVersion.py,data/external/ConDefects/Code/abc299_d/Python/45280139/correctVersion.py,data/external/ConDefects/Test/abc299_d,23,3.14.3,True,,,23,ineligible,loc < 25 (minimum length floor is 25)
45452741,abc299_d,data/external/ConDefects/Code/abc299_d/Python/45452741/faultyVersion.py,data/external/ConDefects/Code/abc299_d/Python/45452741/correctVersion.py,data/external/ConDefects/Test/abc299_d,15,3.14.3,True,,,15,ineligible,loc < 25 (minimum length floor is 25)
45471725,abc299_d,data/external/ConDefects/Code/abc299_d/Python/45471725/faultyVersion.py,data/external/ConDefects/Code/abc299_d/Python/45471725/correctVersion.py,data/external/ConDefects/Test/abc299_d,19,3.14.3,True,,,19,ineligible,loc < 25 (minimum length floor is 25)
46179112,abc299_d,data/external/ConDefects/Code/abc299_d/Python/46179112/faultyVersion.py,data/external/ConDefects/Code/abc299_d/Python/46179112/correctVersion.py,data/external/ConDefects/Test/abc299_d,111,3.14.3,True,,,111,ineligible,multiple independent faults
45347612,abc299_e,data/external/ConDefects/Code/abc299_e/Python/45347612/faultyVersion.py,data/external/ConDefects/Code/abc299_e/Python/45347612/correctVersion.py,data/external/ConDefects/Test/abc299_e,53,3.14.3,True,,,53,eligible,
40872561,abc299_f,data/external/ConDefects/Code/abc299_f/Python/40872561/faultyVersion.py,data/external/ConDefects/Code/abc299_f/Python/40872561/correctVersion.py,data/external/ConDefects/Test/abc299_f,41,3.14.3,True,,,41,eligible,
41069355,abc299_f,data/external/ConDefects/Code/abc299_f/Python/41069355/faultyVersion.py,data/external/ConDefects/Code/abc299_f/Python/41069355/correctVersion.py,data/external/ConDefects/Test/abc299_f,48,3.14.3,True,,,48,eligible,
43242154,abc299_g,data/external/ConDefects/Code/abc299_g/Python/43242154/faultyVersion.py,data/external/ConDefects/Code/abc299_g/Python/43242154/correctVersion.py,data/external/ConDefects/Test/abc299_g,56,3.14.3,True,,,56,ineligible,multiple independent faults
52236570,abc299_g,data/external/ConDefects/Code/abc299_g/Python/52236570/faultyVersion.py,data/external/ConDefects/Code/abc299_g/Python/52236570/correctVersion.py,data/external/ConDefects/Test/abc299_g,20,3.14.3,True,,,20,ineligible,loc < 25 (minimum length floor is 25)
40885357,abc299_h,data/external/ConDefects/Code/abc299_h/Python/40885357/faultyVersion.py,data/external/ConDefects/Code/abc299_h/Python/40885357/correctVersion.py,data/external/ConDefects/Test/abc299_h,11,3.14.3,True,,,11,ineligible,loc < 25 (minimum length floor is 25)
45457940,abc300_a,data/external/ConDefects/Code/abc300_a/Python/45457940/faultyVersion.py,data/external/ConDefects/Code/abc300_a/Python/45457940/correctVersion.py,data/external/ConDefects/Test/abc300_a,6,3.14.3,True,,,6,ineligible,loc < 25 (minimum length floor is 25)
46003187,abc300_a,data/external/ConDefects/Code/abc300_a/Python/46003187/faultyVersion.py,data/external/ConDefects/Code/abc300_a/Python/46003187/correctVersion.py,data/external/ConDefects/Test/abc300_a,15,3.14.3,True,,,15,ineligible,loc < 25 (minimum length floor is 25)
45110485,abc300_b,data/external/ConDefects/Code/abc300_b/Python/45110485/faultyVersion.py,data/external/ConDefects/Code/abc300_b/Python/45110485/correctVersion.py,data/external/ConDefects/Test/abc300_b,40,3.14.3,True,,,40,ineligible,multiple independent faults
45723196,abc300_b,data/external/ConDefects/Code/abc300_b/Python/45723196/faultyVersion.py,data/external/ConDefects/Code/abc300_b/Python/45723196/correctVersion.py,data/external/ConDefects/Test/abc300_b,29,3.14.3,True,,,29,eligible,
45723345,abc300_c,data/external/ConDefects/Code/abc300_c/Python/45723345/faultyVersion.py,data/external/ConDefects/Code/abc300_c/Python/45723345/correctVersion.py,data/external/ConDefects/Test/abc300_c,25,3.14.3,True,,,25,eligible,
45749744,abc300_c,data/external/ConDefects/Code/abc300_c/Python/45749744/faultyVersion.py,data/external/ConDefects/Code/abc300_c/Python/45749744/correctVersion.py,data/external/ConDefects/Test/abc300_c,53,3.14.3,True,,,53,eligible,
45256387,abc300_d,data/external/ConDefects/Code/abc300_d/Python/45256387/faultyVersion.py,data/external/ConDefects/Code/abc300_d/Python/45256387/correctVersion.py,data/external/ConDefects/Test/abc300_d,32,3.14.3,True,,,32,eligible,
45218169,abc300_e,data/external/ConDefects/Code/abc300_e/Python/45218169/faultyVersion.py,data/external/ConDefects/Code/abc300_e/Python/45218169/correctVersion.py,data/external/ConDefects/Test/abc300_e,99,3.14.3,True,,,99,eligible,
45250612,abc300_e,data/external/ConDefects/Code/abc300_e/Python/45250612/faultyVersion.py,data/external/ConDefects/Code/abc300_e/Python/45250612/correctVersion.py,data/external/ConDefects/Test/abc300_e,34,3.14.3,True,,,34,eligible,
45080334,abc300_f,data/external/ConDefects/Code/abc300_f/Python/45080334/faultyVersion.py,data/external/ConDefects/Code/abc300_f/Python/45080334/correctVersion.py,data/external/ConDefects/Test/abc300_f,75,3.14.3,True,,,75,ineligible,multiple independent faults
45343856,abc300_f,data/external/ConDefects/Code/abc300_f/Python/45343856/faultyVersion.py,data/external/ConDefects/Code/abc300_f/Python/45343856/correctVersion.py,data/external/ConDefects/Test/abc300_f,63,3.14.3,True,,,63,eligible,
45435689,abc300_f,data/external/ConDefects/Code/abc300_f/Python/45435689/faultyVersion.py,data/external/ConDefects/Code/abc300_f/Python/45435689/correctVersion.py,data/external/ConDefects/Test/abc300_f,45,3.14.3,True,,,45,eligible,
45923968,abc300_f,data/external/ConDefects/Code/abc300_f/Python/45923968/faultyVersion.py,data/external/ConDefects/Code/abc300_f/Python/45923968/correctVersion.py,data/external/ConDefects/Test/abc300_f,26,3.14.3,True,,,26,eligible,
45948997,abc300_f,data/external/ConDefects/Code/abc300_f/Python/45948997/faultyVersion.py,data/external/ConDefects/Code/abc300_f/Python/45948997/correctVersion.py,data/external/ConDefects/Test/abc300_f,38,3.14.3,True,,,38,ineligible,multi-line fault — excluded by v2 single-line filter
45084922,abc300_g,data/external/ConDefects/Code/abc300_g/Python/45084922/faultyVersion.py,data/external/ConDefects/Code/abc300_g/Python/45084922/correctVersion.py,data/external/ConDefects/Test/abc300_g,51,3.14.3,True,,,51,eligible,
45347926,abc301_a,data/external/ConDefects/Code/abc301_a/Python/45347926/faultyVersion.py,data/external/ConDefects/Code/abc301_a/Python/45347926/correctVersion.py,data/external/ConDefects/Test/abc301_a,20,3.14.3,True,,,20,ineligible,loc < 25 (minimum length floor is 25)
45433034,abc301_a,data/external/ConDefects/Code/abc301_a/Python/45433034/faultyVersion.py,data/external/ConDefects/Code/abc301_a/Python/45433034/correctVersion.py,data/external/ConDefects/Test/abc301_a,20,3.14.3,True,,,20,ineligible,loc < 25 (minimum length floor is 25)
45503092,abc301_a,data/external/ConDefects/Code/abc301_a/Python/45503092/faultyVersion.py,data/external/ConDefects/Code/abc301_a/Python/45503092/correctVersion.py,data/external/ConDefects/Test/abc301_a,6,3.14.3,True,,,6,ineligible,loc < 25 (minimum length floor is 25)
45927126,abc301_a,data/external/ConDefects/Code/abc301_a/Python/45927126/faultyVersion.py,data/external/ConDefects/Code/abc301_a/Python/45927126/correctVersion.py,data/external/ConDefects/Test/abc301_a,12,3.14.3,True,,,12,ineligible,loc < 25 (minimum length floor is 25)
45340910,abc301_b,data/external/ConDefects/Code/abc301_b/Python/45340910/faultyVersion.py,data/external/ConDefects/Code/abc301_b/Python/45340910/correctVersion.py,data/external/ConDefects/Test/abc301_b,13,3.14.3,True,,,13,ineligible,loc < 25 (minimum length floor is 25)
45970658,abc301_b,data/external/ConDefects/Code/abc301_b/Python/45970658/faultyVersion.py,data/external/ConDefects/Code/abc301_b/Python/45970658/correctVersion.py,data/external/ConDefects/Test/abc301_b,32,3.14.3,True,,,32,eligible,
46199451,abc301_b,data/external/ConDefects/Code/abc301_b/Python/46199451/faultyVersion.py,data/external/ConDefects/Code/abc301_b/Python/46199451/correctVersion.py,data/external/ConDefects/Test/abc301_b,12,3.14.3,True,,,12,ineligible,loc < 25 (minimum length floor is 25)
45718315,abc301_d,data/external/ConDefects/Code/abc301_d/Python/45718315/faultyVersion.py,data/external/ConDefects/Code/abc301_d/Python/45718315/correctVersion.py,data/external/ConDefects/Test/abc301_d,33,3.14.3,True,,,33,ineligible,multi-line fault — excluded by v2 single-line filter
45723653,abc301_d,data/external/ConDefects/Code/abc301_d/Python/45723653/faultyVersion.py,data/external/ConDefects/Code/abc301_d/Python/45723653/correctVersion.py,data/external/ConDefects/Test/abc301_d,15,3.14.3,True,,,15,ineligible,loc < 25 (minimum length floor is 25)
45725346,abc301_d,data/external/ConDefects/Code/abc301_d/Python/45725346/faultyVersion.py,data/external/ConDefects/Code/abc301_d/Python/45725346/correctVersion.py,data/external/ConDefects/Test/abc301_d,39,3.14.3,True,,,39,eligible,
45732372,abc301_d,data/external/ConDefects/Code/abc301_d/Python/45732372/faultyVersion.py,data/external/ConDefects/Code/abc301_d/Python/45732372/correctVersion.py,data/external/ConDefects/Test/abc301_d,18,3.14.3,True,,,18,ineligible,loc < 25 (minimum length floor is 25)
45747617,abc301_d,data/external/ConDefects/Code/abc301_d/Python/45747617/faultyVersion.py,data/external/ConDefects/Code/abc301_d/Python/45747617/correctVersion.py,data/external/ConDefects/Test/abc301_d,65,3.14.3,True,,,65,eligible,
45949713,abc301_e,data/external/ConDefects/Code/abc301_e/Python/45949713/faultyVersion.py,data/external/ConDefects/Code/abc301_e/Python/45949713/correctVersion.py,data/external/ConDefects/Test/abc301_e,71,3.14.3,True,,,71,eligible,
51429838,abc301_f,data/external/ConDefects/Code/abc301_f/Python/51429838/faultyVersion.py,data/external/ConDefects/Code/abc301_f/Python/51429838/correctVersion.py,data/external/ConDefects/Test/abc301_f,66,3.14.3,True,,,66,eligible,
53511062,abc301_f,data/external/ConDefects/Code/abc301_f/Python/53511062/faultyVersion.py,data/external/ConDefects/Code/abc301_f/Python/53511062/correctVersion.py,data/external/ConDefects/Test/abc301_f,62,3.14.3,True,,,62,eligible,
45467003,abc302_a,data/external/ConDefects/Code/abc302_a/Python/45467003/faultyVersion.py,data/external/ConDefects/Code/abc302_a/Python/45467003/correctVersion.py,data/external/ConDefects/Test/abc302_a,3,3.14.3,True,,,3,ineligible,loc < 25 (minimum length floor is 25)
45783782,abc302_a,data/external/ConDefects/Code/abc302_a/Python/45783782/faultyVersion.py,data/external/ConDefects/Code/abc302_a/Python/45783782/correctVersion.py,data/external/ConDefects/Test/abc302_a,5,3.14.3,True,,,5,ineligible,loc < 25 (minimum length floor is 25)
45902614,abc302_a,data/external/ConDefects/Code/abc302_a/Python/45902614/faultyVersion.py,data/external/ConDefects/Code/abc302_a/Python/45902614/correctVersion.py,data/external/ConDefects/Test/abc302_a,2,3.14.3,True,,,2,ineligible,loc < 25 (minimum length floor is 25)
46001200,abc302_a,data/external/ConDefects/Code/abc302_a/Python/46001200/faultyVersion.py,data/external/ConDefects/Code/abc302_a/Python/46001200/correctVersion.py,data/external/ConDefects/Test/abc302_a,2,3.14.3,True,,,2,ineligible,loc < 25 (minimum length floor is 25)
45763953,abc302_b,data/external/ConDefects/Code/abc302_b/Python/45763953/faultyVersion.py,data/external/ConDefects/Code/abc302_b/Python/45763953/correctVersion.py,data/external/ConDefects/Test/abc302_b,46,3.14.3,True,,,46,eligible,
45476546,abc302_c,data/external/ConDefects/Code/abc302_c/Python/45476546/faultyVersion.py,data/external/ConDefects/Code/abc302_c/Python/45476546/correctVersion.py,data/external/ConDefects/Test/abc302_c,20,3.14.3,True,,,20,ineligible,loc < 25 (minimum length floor is 25)
45989052,abc302_c,data/external/ConDefects/Code/abc302_c/Python/45989052/faultyVersion.py,data/external/ConDefects/Code/abc302_c/Python/45989052/correctVersion.py,data/external/ConDefects/Test/abc302_c,22,3.14.3,True,,,22,ineligible,loc < 25 (minimum length floor is 25)
51480791,abc302_e,data/external/ConDefects/Code/abc302_e/Python/51480791/faultyVersion.py,data/external/ConDefects/Code/abc302_e/Python/51480791/correctVersion.py,data/external/ConDefects/Test/abc302_e,43,3.14.3,True,,,43,eligible,
45576163,abc302_f,data/external/ConDefects/Code/abc302_f/Python/45576163/faultyVersion.py,data/external/ConDefects/Code/abc302_f/Python/45576163/correctVersion.py,data/external/ConDefects/Test/abc302_f,27,3.14.3,True,,,27,ineligible,multiple independent faults
41709058,abc302_g,data/external/ConDefects/Code/abc302_g/Python/41709058/faultyVersion.py,data/external/ConDefects/Code/abc302_g/Python/41709058/correctVersion.py,data/external/ConDefects/Test/abc302_g,34,3.14.3,True,,,34,eligible,
41876580,abc302_g,data/external/ConDefects/Code/abc302_g/Python/41876580/faultyVersion.py,data/external/ConDefects/Code/abc302_g/Python/41876580/correctVersion.py,data/external/ConDefects/Test/abc302_g,195,3.14.3,True,,,195,ineligible,multiple independent faults
41887698,abc302_g,data/external/ConDefects/Code/abc302_g/Python/41887698/faultyVersion.py,data/external/ConDefects/Code/abc302_g/Python/41887698/correctVersion.py,data/external/ConDefects/Test/abc302_g,33,3.14.3,True,,,33,eligible,
46127283,abc303_a,data/external/ConDefects/Code/abc303_a/Python/46127283/faultyVersion.py,data/external/ConDefects/Code/abc303_a/Python/46127283/correctVersion.py,data/external/ConDefects/Test/abc303_a,24,3.14.3,True,,,24,ineligible,loc < 25 (minimum length floor is 25)
45560009,abc303_b,data/external/ConDefects/Code/abc303_b/Python/45560009/faultyVersion.py,data/external/ConDefects/Code/abc303_b/Python/45560009/correctVersion.py,data/external/ConDefects/Test/abc303_b,10,3.14.3,True,,,10,ineligible,loc < 25 (minimum length floor is 25)
45491344,abc303_c,data/external/ConDefects/Code/abc303_c/Python/45491344/faultyVersion.py,data/external/ConDefects/Code/abc303_c/Python/45491344/correctVersion.py,data/external/ConDefects/Test/abc303_c,29,3.14.3,True,,,29,eligible,
45578518,abc303_c,data/external/ConDefects/Code/abc303_c/Python/45578518/faultyVersion.py,data/external/ConDefects/Code/abc303_c/Python/45578518/correctVersion.py,data/external/ConDefects/Test/abc303_c,25,3.14.3,True,,,25,eligible,
46045444,abc303_c,data/external/ConDefects/Code/abc303_c/Python/46045444/faultyVersion.py,data/external/ConDefects/Code/abc303_c/Python/46045444/correctVersion.py,data/external/ConDefects/Test/abc303_c,53,3.14.3,True,,,53,eligible,
46147196,abc303_c,data/external/ConDefects/Code/abc303_c/Python/46147196/faultyVersion.py,data/external/ConDefects/Code/abc303_c/Python/46147196/correctVersion.py,data/external/ConDefects/Test/abc303_c,23,3.14.3,True,,,23,ineligible,loc < 25 (minimum length floor is 25)
45489398,abc303_d,data/external/ConDefects/Code/abc303_d/Python/45489398/faultyVersion.py,data/external/ConDefects/Code/abc303_d/Python/45489398/correctVersion.py,data/external/ConDefects/Test/abc303_d,34,3.14.3,True,,,34,eligible,
45744343,abc303_d,data/external/ConDefects/Code/abc303_d/Python/45744343/faultyVersion.py,data/external/ConDefects/Code/abc303_d/Python/45744343/correctVersion.py,data/external/ConDefects/Test/abc303_d,20,3.14.3,True,,,20,ineligible,loc < 25 (minimum length floor is 25)
53920661,abc303_e,data/external/ConDefects/Code/abc303_e/Python/53920661/faultyVersion.py,data/external/ConDefects/Code/abc303_e/Python/53920661/correctVersion.py,data/external/ConDefects/Test/abc303_e,31,3.14.3,True,,,31,ineligible,multiple independent faults
48442381,abc303_f,data/external/ConDefects/Code/abc303_f/Python/48442381/faultyVersion.py,data/external/ConDefects/Code/abc303_f/Python/48442381/correctVersion.py,data/external/ConDefects/Test/abc303_f,58,3.14.3,True,,,58,eligible,
48933165,abc303_f,data/external/ConDefects/Code/abc303_f/Python/48933165/faultyVersion.py,data/external/ConDefects/Code/abc303_f/Python/48933165/correctVersion.py,data/external/ConDefects/Test/abc303_f,46,3.14.3,True,,,46,eligible,
49402164,abc303_f,data/external/ConDefects/Code/abc303_f/Python/49402164/faultyVersion.py,data/external/ConDefects/Code/abc303_f/Python/49402164/correctVersion.py,data/external/ConDefects/Test/abc303_f,80,3.14.3,True,,,80,ineligible,multi-line fault — excluded by v2 single-line filter
50087974,abc303_f,data/external/ConDefects/Code/abc303_f/Python/50087974/faultyVersion.py,data/external/ConDefects/Code/abc303_f/Python/50087974/correctVersion.py,data/external/ConDefects/Test/abc303_f,71,3.14.3,True,,,71,eligible,
51957402,abc303_f,data/external/ConDefects/Code/abc303_f/Python/51957402/faultyVersion.py,data/external/ConDefects/Code/abc303_f/Python/51957402/correctVersion.py,data/external/ConDefects/Test/abc303_f,25,3.14.3,True,,,25,ineligible,multi-line fault — excluded by v2 single-line filter
52228360,abc303_f,data/external/ConDefects/Code/abc303_f/Python/52228360/faultyVersion.py,data/external/ConDefects/Code/abc303_f/Python/52228360/correctVersion.py,data/external/ConDefects/Test/abc303_f,501,3.14.3,True,,,501,ineligible,loc > 300 (maximum length ceiling is 300)
41795359,abc303_g,data/external/ConDefects/Code/abc303_g/Python/41795359/faultyVersion.py,data/external/ConDefects/Code/abc303_g/Python/41795359/correctVersion.py,data/external/ConDefects/Test/abc303_g,40,3.14.3,True,,,40,eligible,
41906923,abc303_g,data/external/ConDefects/Code/abc303_g/Python/41906923/faultyVersion.py,data/external/ConDefects/Code/abc303_g/Python/41906923/correctVersion.py,data/external/ConDefects/Test/abc303_g,114,3.14.3,True,,,114,eligible,
45720608,abc304_a,data/external/ConDefects/Code/abc304_a/Python/45720608/faultyVersion.py,data/external/ConDefects/Code/abc304_a/Python/45720608/correctVersion.py,data/external/ConDefects/Test/abc304_a,13,3.14.3,True,,,13,ineligible,loc < 25 (minimum length floor is 25)
45306152,abc304_b,data/external/ConDefects/Code/abc304_b/Python/45306152/faultyVersion.py,data/external/ConDefects/Code/abc304_b/Python/45306152/correctVersion.py,data/external/ConDefects/Test/abc304_b,6,3.14.3,True,,,6,ineligible,loc < 25 (minimum length floor is 25)
45336297,abc304_b,data/external/ConDefects/Code/abc304_b/Python/45336297/faultyVersion.py,data/external/ConDefects/Code/abc304_b/Python/45336297/correctVersion.py,data/external/ConDefects/Test/abc304_b,13,3.14.3,True,,,13,ineligible,loc < 25 (minimum length floor is 25)
45577481,abc304_b,data/external/ConDefects/Code/abc304_b/Python/45577481/faultyVersion.py,data/external/ConDefects/Code/abc304_b/Python/45577481/correctVersion.py,data/external/ConDefects/Test/abc304_b,40,3.14.3,True,,,40,eligible,
45808253,abc304_b,data/external/ConDefects/Code/abc304_b/Python/45808253/faultyVersion.py,data/external/ConDefects/Code/abc304_b/Python/45808253/correctVersion.py,data/external/ConDefects/Test/abc304_b,56,3.14.3,True,,,56,eligible,
46153900,abc304_b,data/external/ConDefects/Code/abc304_b/Python/46153900/faultyVersion.py,data/external/ConDefects/Code/abc304_b/Python/46153900/correctVersion.py,data/external/ConDefects/Test/abc304_b,19,3.14.3,True,,,19,ineligible,loc < 25 (minimum length floor is 25)
46194774,abc304_b,data/external/ConDefects/Code/abc304_b/Python/46194774/faultyVersion.py,data/external/ConDefects/Code/abc304_b/Python/46194774/correctVersion.py,data/external/ConDefects/Test/abc304_b,16,3.14.3,True,,,16,ineligible,loc < 25 (minimum length floor is 25)
45117916,abc304_c,data/external/ConDefects/Code/abc304_c/Python/45117916/faultyVersion.py,data/external/ConDefects/Code/abc304_c/Python/45117916/correctVersion.py,data/external/ConDefects/Test/abc304_c,777,3.14.3,True,,,777,ineligible,loc > 300 (maximum length ceiling is 300)
45574429,abc304_d,data/external/ConDefects/Code/abc304_d/Python/45574429/faultyVersion.py,data/external/ConDefects/Code/abc304_d/Python/45574429/correctVersion.py,data/external/ConDefects/Test/abc304_d,29,3.14.3,True,,,29,eligible,
45077270,abc304_f,data/external/ConDefects/Code/abc304_f/Python/45077270/faultyVersion.py,data/external/ConDefects/Code/abc304_f/Python/45077270/correctVersion.py,data/external/ConDefects/Test/abc304_f,70,3.14.3,True,,,70,eligible,
41991921,abc304_g,data/external/ConDefects/Code/abc304_g/Python/41991921/faultyVersion.py,data/external/ConDefects/Code/abc304_g/Python/41991921/correctVersion.py,data/external/ConDefects/Test/abc304_g,48,3.14.3,True,,,48,eligible,
41999726,abc304_g,data/external/ConDefects/Code/abc304_g/Python/41999726/faultyVersion.py,data/external/ConDefects/Code/abc304_g/Python/41999726/correctVersion.py,data/external/ConDefects/Test/abc304_g,74,3.14.3,True,,,74,eligible,
42019155,abc304_h,data/external/ConDefects/Code/abc304_h/Python/42019155/faultyVersion.py,data/external/ConDefects/Code/abc304_h/Python/42019155/correctVersion.py,data/external/ConDefects/Test/abc304_h,107,3.14.3,True,,,107,eligible,
42210009,abc304_h,data/external/ConDefects/Code/abc304_h/Python/42210009/faultyVersion.py,data/external/ConDefects/Code/abc304_h/Python/42210009/correctVersion.py,data/external/ConDefects/Test/abc304_h,115,3.14.3,True,,,115,eligible,
48697427,abc304_h,data/external/ConDefects/Code/abc304_h/Python/48697427/faultyVersion.py,data/external/ConDefects/Code/abc304_h/Python/48697427/correctVersion.py,data/external/ConDefects/Test/abc304_h,64,3.14.3,True,,,64,eligible,
45435091,abc305_a,data/external/ConDefects/Code/abc305_a/Python/45435091/faultyVersion.py,data/external/ConDefects/Code/abc305_a/Python/45435091/correctVersion.py,data/external/ConDefects/Test/abc305_a,7,3.14.3,True,,,7,ineligible,loc < 25 (minimum length floor is 25)
45542217,abc305_a,data/external/ConDefects/Code/abc305_a/Python/45542217/faultyVersion.py,data/external/ConDefects/Code/abc305_a/Python/45542217/correctVersion.py,data/external/ConDefects/Test/abc305_a,11,3.14.3,True,,,11,ineligible,loc < 25 (minimum length floor is 25)
45768286,abc305_a,data/external/ConDefects/Code/abc305_a/Python/45768286/faultyVersion.py,data/external/ConDefects/Code/abc305_a/Python/45768286/correctVersion.py,data/external/ConDefects/Test/abc305_a,1,3.14.3,True,,,1,ineligible,loc < 25 (minimum length floor is 25)
45785540,abc305_a,data/external/ConDefects/Code/abc305_a/Python/45785540/faultyVersion.py,data/external/ConDefects/Code/abc305_a/Python/45785540/correctVersion.py,data/external/ConDefects/Test/abc305_a,7,3.14.3,True,,,7,ineligible,loc < 25 (minimum length floor is 25)
46173794,abc305_a,data/external/ConDefects/Code/abc305_a/Python/46173794/faultyVersion.py,data/external/ConDefects/Code/abc305_a/Python/46173794/correctVersion.py,data/external/ConDefects/Test/abc305_a,2,3.14.3,True,,,2,ineligible,loc < 25 (minimum length floor is 25)
46193789,abc305_a,data/external/ConDefects/Code/abc305_a/Python/46193789/faultyVersion.py,data/external/ConDefects/Code/abc305_a/Python/46193789/correctVersion.py,data/external/ConDefects/Test/abc305_a,6,3.14.3,True,,,6,ineligible,loc < 25 (minimum length floor is 25)
46169156,abc305_b,data/external/ConDefects/Code/abc305_b/Python/46169156/faultyVersion.py,data/external/ConDefects/Code/abc305_b/Python/46169156/correctVersion.py,data/external/ConDefects/Test/abc305_b,35,3.14.3,True,,,35,eligible,
46045921,abc305_e,data/external/ConDefects/Code/abc305_e/Python/46045921/faultyVersion.py,data/external/ConDefects/Code/abc305_e/Python/46045921/correctVersion.py,data/external/ConDefects/Test/abc305_e,36,3.14.3,True,,,36,eligible,
45442211,abc306_b,data/external/ConDefects/Code/abc306_b/Python/45442211/faultyVersion.py,data/external/ConDefects/Code/abc306_b/Python/45442211/correctVersion.py,data/external/ConDefects/Test/abc306_b,9,3.14.3,True,,,9,ineligible,loc < 25 (minimum length floor is 25)
45523037,abc306_b,data/external/ConDefects/Code/abc306_b/Python/45523037/faultyVersion.py,data/external/ConDefects/Code/abc306_b/Python/45523037/correctVersion.py,data/external/ConDefects/Test/abc306_b,12,3.14.3,True,,,12,ineligible,loc < 25 (minimum length floor is 25)
45767909,abc306_b,data/external/ConDefects/Code/abc306_b/Python/45767909/faultyVersion.py,data/external/ConDefects/Code/abc306_b/Python/45767909/correctVersion.py,data/external/ConDefects/Test/abc306_b,6,3.14.3,True,,,6,ineligible,loc < 25 (minimum length floor is 25)
46138524,abc306_e,data/external/ConDefects/Code/abc306_e/Python/46138524/faultyVersion.py,data/external/ConDefects/Code/abc306_e/Python/46138524/correctVersion.py,data/external/ConDefects/Test/abc306_e,34,3.14.3,True,,,34,eligible,
45483518,abc306_g,data/external/ConDefects/Code/abc306_g/Python/45483518/faultyVersion.py,data/external/ConDefects/Code/abc306_g/Python/45483518/correctVersion.py,data/external/ConDefects/Test/abc306_g,106,3.14.3,True,,,106,ineligible,multiple independent faults
45778588,abc307_a,data/external/ConDefects/Code/abc307_a/Python/45778588/faultyVersion.py,data/external/ConDefects/Code/abc307_a/Python/45778588/correctVersion.py,data/external/ConDefects/Test/abc307_a,12,3.14.3,True,,,12,ineligible,loc < 25 (minimum length floor is 25)
45953883,abc307_a,data/external/ConDefects/Code/abc307_a/Python/45953883/faultyVersion.py,data/external/ConDefects/Code/abc307_a/Python/45953883/correctVersion.py,data/external/ConDefects/Test/abc307_a,12,3.14.3,True,,,12,ineligible,loc < 25 (minimum length floor is 25)
45989937,abc307_a,data/external/ConDefects/Code/abc307_a/Python/45989937/faultyVersion.py,data/external/ConDefects/Code/abc307_a/Python/45989937/correctVersion.py,data/external/ConDefects/Test/abc307_a,9,3.14.3,True,,,9,ineligible,loc < 25 (minimum length floor is 25)
45786032,abc307_b,data/external/ConDefects/Code/abc307_b/Python/45786032/faultyVersion.py,data/external/ConDefects/Code/abc307_b/Python/45786032/correctVersion.py,data/external/ConDefects/Test/abc307_b,8,3.14.3,True,,,8,ineligible,loc < 25 (minimum length floor is 25)
45983540,abc307_b,data/external/ConDefects/Code/abc307_b/Python/45983540/faultyVersion.py,data/external/ConDefects/Code/abc307_b/Python/45983540/correctVersion.py,data/external/ConDefects/Test/abc307_b,19,3.14.3,True,,,19,ineligible,loc < 25 (minimum length floor is 25)
46162555,abc307_c,data/external/ConDefects/Code/abc307_c/Python/46162555/faultyVersion.py,data/external/ConDefects/Code/abc307_c/Python/46162555/correctVersion.py,data/external/ConDefects/Test/abc307_c,74,3.14.3,True,,,74,eligible,
45446603,abc307_d,data/external/ConDefects/Code/abc307_d/Python/45446603/faultyVersion.py,data/external/ConDefects/Code/abc307_d/Python/45446603/correctVersion.py,data/external/ConDefects/Test/abc307_d,32,3.14.3,True,,,32,eligible,
45471496,abc307_d,data/external/ConDefects/Code/abc307_d/Python/45471496/faultyVersion.py,data/external/ConDefects/Code/abc307_d/Python/45471496/correctVersion.py,data/external/ConDefects/Test/abc307_d,27,3.14.3,True,,,27,ineligible,multiple independent faults
46214607,abc307_e,data/external/ConDefects/Code/abc307_e/Python/46214607/faultyVersion.py,data/external/ConDefects/Code/abc307_e/Python/46214607/correctVersion.py,data/external/ConDefects/Test/abc307_e,5,3.14.3,True,,,5,ineligible,loc < 25 (minimum length floor is 25)
48677305,abc307_f,data/external/ConDefects/Code/abc307_f/Python/48677305/faultyVersion.py,data/external/ConDefects/Code/abc307_f/Python/48677305/correctVersion.py,data/external/ConDefects/Test/abc307_f,62,3.14.3,True,,,62,eligible,
51485146,abc307_f,data/external/ConDefects/Code/abc307_f/Python/51485146/faultyVersion.py,data/external/ConDefects/Code/abc307_f/Python/51485146/correctVersion.py,data/external/ConDefects/Test/abc307_f,155,3.14.3,True,,,155,eligible,
53719250,abc307_f,data/external/ConDefects/Code/abc307_f/Python/53719250/faultyVersion.py,data/external/ConDefects/Code/abc307_f/Python/53719250/correctVersion.py,data/external/ConDefects/Test/abc307_f,63,3.14.3,True,,,63,eligible,
42981473,abc307_g,data/external/ConDefects/Code/abc307_g/Python/42981473/faultyVersion.py,data/external/ConDefects/Code/abc307_g/Python/42981473/correctVersion.py,data/external/ConDefects/Test/abc307_g,25,3.14.3,True,,,25,eligible,
42982093,abc307_g,data/external/ConDefects/Code/abc307_g/Python/42982093/faultyVersion.py,data/external/ConDefects/Code/abc307_g/Python/42982093/correctVersion.py,data/external/ConDefects/Test/abc307_g,21,3.14.3,True,,,21,ineligible,loc < 25 (minimum length floor is 25)
42990129,abc307_g,data/external/ConDefects/Code/abc307_g/Python/42990129/faultyVersion.py,data/external/ConDefects/Code/abc307_g/Python/42990129/correctVersion.py,data/external/ConDefects/Test/abc307_g,36,3.14.3,True,,,36,eligible,
42993063,abc307_g,data/external/ConDefects/Code/abc307_g/Python/42993063/faultyVersion.py,data/external/ConDefects/Code/abc307_g/Python/42993063/correctVersion.py,data/external/ConDefects/Test/abc307_g,21,3.14.3,True,,,21,ineligible,loc < 25 (minimum length floor is 25)
42999980,abc307_g,data/external/ConDefects/Code/abc307_g/Python/42999980/faultyVersion.py,data/external/ConDefects/Code/abc307_g/Python/42999980/correctVersion.py,data/external/ConDefects/Test/abc307_g,24,3.14.3,True,,,24,ineligible,loc < 25 (minimum length floor is 25)
50088048,abc307_g,data/external/ConDefects/Code/abc307_g/Python/50088048/faultyVersion.py,data/external/ConDefects/Code/abc307_g/Python/50088048/correctVersion.py,data/external/ConDefects/Test/abc307_g,17,3.14.3,True,,,17,ineligible,loc < 25 (minimum length floor is 25)
51711769,abc307_g,data/external/ConDefects/Code/abc307_g/Python/51711769/faultyVersion.py,data/external/ConDefects/Code/abc307_g/Python/51711769/correctVersion.py,data/external/ConDefects/Test/abc307_g,68,3.14.3,True,,,68,eligible,
43030329,abc307_h,data/external/ConDefects/Code/abc307_h/Python/43030329/faultyVersion.py,data/external/ConDefects/Code/abc307_h/Python/43030329/correctVersion.py,data/external/ConDefects/Test/abc307_h,104,3.14.3,True,,,104,eligible,
45931202,abc308_a,data/external/ConDefects/Code/abc308_a/Python/45931202/faultyVersion.py,data/external/ConDefects/Code/abc308_a/Python/45931202/correctVersion.py,data/external/ConDefects/Test/abc308_a,10,3.14.3,True,,,10,ineligible,loc < 25 (minimum length floor is 25)
45947529,abc308_a,data/external/ConDefects/Code/abc308_a/Python/45947529/faultyVersion.py,data/external/ConDefects/Code/abc308_a/Python/45947529/correctVersion.py,data/external/ConDefects/Test/abc308_a,9,3.14.3,True,,,9,ineligible,loc < 25 (minimum length floor is 25)
45959405,abc308_a,data/external/ConDefects/Code/abc308_a/Python/45959405/faultyVersion.py,data/external/ConDefects/Code/abc308_a/Python/45959405/correctVersion.py,data/external/ConDefects/Test/abc308_a,8,3.14.3,True,,,8,ineligible,loc < 25 (minimum length floor is 25)
46000754,abc308_a,data/external/ConDefects/Code/abc308_a/Python/46000754/faultyVersion.py,data/external/ConDefects/Code/abc308_a/Python/46000754/correctVersion.py,data/external/ConDefects/Test/abc308_a,9,3.14.3,True,,,9,ineligible,loc < 25 (minimum length floor is 25)
46023709,abc308_a,data/external/ConDefects/Code/abc308_a/Python/46023709/faultyVersion.py,data/external/ConDefects/Code/abc308_a/Python/46023709/correctVersion.py,data/external/ConDefects/Test/abc308_a,13,3.14.3,True,,,13,ineligible,loc < 25 (minimum length floor is 25)
46165135,abc308_a,data/external/ConDefects/Code/abc308_a/Python/46165135/faultyVersion.py,data/external/ConDefects/Code/abc308_a/Python/46165135/correctVersion.py,data/external/ConDefects/Test/abc308_a,15,3.14.3,True,,,15,ineligible,loc < 25 (minimum length floor is 25)
46165457,abc308_a,data/external/ConDefects/Code/abc308_a/Python/46165457/faultyVersion.py,data/external/ConDefects/Code/abc308_a/Python/46165457/correctVersion.py,data/external/ConDefects/Test/abc308_a,19,3.14.3,True,,,19,ineligible,loc < 25 (minimum length floor is 25)
46170943,abc308_a,data/external/ConDefects/Code/abc308_a/Python/46170943/faultyVersion.py,data/external/ConDefects/Code/abc308_a/Python/46170943/correctVersion.py,data/external/ConDefects/Test/abc308_a,9,3.14.3,True,,,9,ineligible,loc < 25 (minimum length floor is 25)
45960039,abc308_b,data/external/ConDefects/Code/abc308_b/Python/45960039/faultyVersion.py,data/external/ConDefects/Code/abc308_b/Python/45960039/correctVersion.py,data/external/ConDefects/Test/abc308_b,12,3.14.3,True,,,12,ineligible,loc < 25 (minimum length floor is 25)
45926524,abc308_c,data/external/ConDefects/Code/abc308_c/Python/45926524/faultyVersion.py,data/external/ConDefects/Code/abc308_c/Python/45926524/correctVersion.py,data/external/ConDefects/Test/abc308_c,29,3.14.3,True,,,29,eligible,
45936707,abc308_c,data/external/ConDefects/Code/abc308_c/Python/45936707/faultyVersion.py,data/external/ConDefects/Code/abc308_c/Python/45936707/correctVersion.py,data/external/ConDefects/Test/abc308_c,13,3.14.3,True,,,13,ineligible,loc < 25 (minimum length floor is 25)
45973622,abc308_c,data/external/ConDefects/Code/abc308_c/Python/45973622/faultyVersion.py,data/external/ConDefects/Code/abc308_c/Python/45973622/correctVersion.py,data/external/ConDefects/Test/abc308_c,9,3.14.3,True,,,9,ineligible,loc < 25 (minimum length floor is 25)
46192113,abc308_c,data/external/ConDefects/Code/abc308_c/Python/46192113/faultyVersion.py,data/external/ConDefects/Code/abc308_c/Python/46192113/correctVersion.py,data/external/ConDefects/Test/abc308_c,13,3.14.3,True,,,13,ineligible,loc < 25 (minimum length floor is 25)
46192638,abc308_c,data/external/ConDefects/Code/abc308_c/Python/46192638/faultyVersion.py,data/external/ConDefects/Code/abc308_c/Python/46192638/correctVersion.py,data/external/ConDefects/Test/abc308_c,18,3.14.3,True,,,18,ineligible,loc < 25 (minimum length floor is 25)
54535139,abc308_d,data/external/ConDefects/Code/abc308_d/Python/54535139/faultyVersion.py,data/external/ConDefects/Code/abc308_d/Python/54535139/correctVersion.py,data/external/ConDefects/Test/abc308_d,25,3.14.3,True,,,25,ineligible,multiple independent faults
54718266,abc308_d,data/external/ConDefects/Code/abc308_d/Python/54718266/faultyVersion.py,data/external/ConDefects/Code/abc308_d/Python/54718266/correctVersion.py,data/external/ConDefects/Test/abc308_d,30,3.14.3,True,,,30,eligible,
43737866,abc308_g,data/external/ConDefects/Code/abc308_g/Python/43737866/faultyVersion.py,data/external/ConDefects/Code/abc308_g/Python/43737866/correctVersion.py,data/external/ConDefects/Test/abc308_g,180,3.14.3,True,,,180,eligible,
45740476,abc309_a,data/external/ConDefects/Code/abc309_a/Python/45740476/faultyVersion.py,data/external/ConDefects/Code/abc309_a/Python/45740476/correctVersion.py,data/external/ConDefects/Test/abc309_a,7,3.14.3,True,,,7,ineligible,loc < 25 (minimum length floor is 25)
45763717,abc309_a,data/external/ConDefects/Code/abc309_a/Python/45763717/faultyVersion.py,data/external/ConDefects/Code/abc309_a/Python/45763717/correctVersion.py,data/external/ConDefects/Test/abc309_a,5,3.14.3,True,,,5,ineligible,loc < 25 (minimum length floor is 25)
45775765,abc309_a,data/external/ConDefects/Code/abc309_a/Python/45775765/faultyVersion.py,data/external/ConDefects/Code/abc309_a/Python/45775765/correctVersion.py,data/external/ConDefects/Test/abc309_a,13,3.14.3,True,,,13,ineligible,loc < 25 (minimum length floor is 25)
45782370,abc309_a,data/external/ConDefects/Code/abc309_a/Python/45782370/faultyVersion.py,data/external/ConDefects/Code/abc309_a/Python/45782370/correctVersion.py,data/external/ConDefects/Test/abc309_a,9,3.14.3,True,,,9,ineligible,loc < 25 (minimum length floor is 25)
45963671,abc309_a,data/external/ConDefects/Code/abc309_a/Python/45963671/faultyVersion.py,data/external/ConDefects/Code/abc309_a/Python/45963671/correctVersion.py,data/external/ConDefects/Test/abc309_a,19,3.14.3,True,,,19,ineligible,loc < 25 (minimum length floor is 25)
45974546,abc309_a,data/external/ConDefects/Code/abc309_a/Python/45974546/faultyVersion.py,data/external/ConDefects/Code/abc309_a/Python/45974546/correctVersion.py,data/external/ConDefects/Test/abc309_a,14,3.14.3,True,,,14,ineligible,loc < 25 (minimum length floor is 25)
45980846,abc309_a,data/external/ConDefects/Code/abc309_a/Python/45980846/faultyVersion.py,data/external/ConDefects/Code/abc309_a/Python/45980846/correctVersion.py,data/external/ConDefects/Test/abc309_a,8,3.14.3,True,,,8,ineligible,loc < 25 (minimum length floor is 25)
46003315,abc309_a,data/external/ConDefects/Code/abc309_a/Python/46003315/faultyVersion.py,data/external/ConDefects/Code/abc309_a/Python/46003315/correctVersion.py,data/external/ConDefects/Test/abc309_a,17,3.14.3,True,,,17,ineligible,loc < 25 (minimum length floor is 25)
46005581,abc309_a,data/external/ConDefects/Code/abc309_a/Python/46005581/faultyVersion.py,data/external/ConDefects/Code/abc309_a/Python/46005581/correctVersion.py,data/external/ConDefects/Test/abc309_a,12,3.14.3,True,,,12,ineligible,loc < 25 (minimum length floor is 25)
46161633,abc309_a,data/external/ConDefects/Code/abc309_a/Python/46161633/faultyVersion.py,data/external/ConDefects/Code/abc309_a/Python/46161633/correctVersion.py,data/external/ConDefects/Test/abc309_a,7,3.14.3,True,,,7,ineligible,loc < 25 (minimum length floor is 25)
45722179,abc309_b,data/external/ConDefects/Code/abc309_b/Python/45722179/faultyVersion.py,data/external/ConDefects/Code/abc309_b/Python/45722179/correctVersion.py,data/external/ConDefects/Test/abc309_b,40,3.14.3,True,,,40,ineligible,multiple independent faults
45738581,abc309_c,data/external/ConDefects/Code/abc309_c/Python/45738581/faultyVersion.py,data/external/ConDefects/Code/abc309_c/Python/45738581/correctVersion.py,data/external/ConDefects/Test/abc309_c,20,3.14.3,True,,,20,ineligible,loc < 25 (minimum length floor is 25)
45772102,abc309_c,data/external/ConDefects/Code/abc309_c/Python/45772102/faultyVersion.py,data/external/ConDefects/Code/abc309_c/Python/45772102/correctVersion.py,data/external/ConDefects/Test/abc309_c,17,3.14.3,True,,,17,ineligible,loc < 25 (minimum length floor is 25)
45788753,abc309_c,data/external/ConDefects/Code/abc309_c/Python/45788753/faultyVersion.py,data/external/ConDefects/Code/abc309_c/Python/45788753/correctVersion.py,data/external/ConDefects/Test/abc309_c,142,3.14.3,True,,,142,eligible,
45895898,abc309_c,data/external/ConDefects/Code/abc309_c/Python/45895898/faultyVersion.py,data/external/ConDefects/Code/abc309_c/Python/45895898/correctVersion.py,data/external/ConDefects/Test/abc309_c,51,3.14.3,True,,,51,eligible,
46123600,abc309_c,data/external/ConDefects/Code/abc309_c/Python/46123600/faultyVersion.py,data/external/ConDefects/Code/abc309_c/Python/46123600/correctVersion.py,data/external/ConDefects/Test/abc309_c,24,3.14.3,True,,,24,ineligible,loc < 25 (minimum length floor is 25)
46182298,abc309_c,data/external/ConDefects/Code/abc309_c/Python/46182298/faultyVersion.py,data/external/ConDefects/Code/abc309_c/Python/46182298/correctVersion.py,data/external/ConDefects/Test/abc309_c,24,3.14.3,True,,,24,ineligible,loc < 25 (minimum length floor is 25)
46051654,abc309_d,data/external/ConDefects/Code/abc309_d/Python/46051654/faultyVersion.py,data/external/ConDefects/Code/abc309_d/Python/46051654/correctVersion.py,data/external/ConDefects/Test/abc309_d,31,3.14.3,True,,,31,ineligible,multiple independent faults
45761344,abc309_e,data/external/ConDefects/Code/abc309_e/Python/45761344/faultyVersion.py,data/external/ConDefects/Code/abc309_e/Python/45761344/correctVersion.py,data/external/ConDefects/Test/abc309_e,30,3.14.3,True,,,30,eligible,
45971969,abc309_e,data/external/ConDefects/Code/abc309_e/Python/45971969/faultyVersion.py,data/external/ConDefects/Code/abc309_e/Python/45971969/correctVersion.py,data/external/ConDefects/Test/abc309_e,37,3.14.3,True,,,37,eligible,
46044734,abc309_e,data/external/ConDefects/Code/abc309_e/Python/46044734/faultyVersion.py,data/external/ConDefects/Code/abc309_e/Python/46044734/correctVersion.py,data/external/ConDefects/Test/abc309_e,16,3.14.3,True,,,16,ineligible,loc < 25 (minimum length floor is 25)
46214263,abc309_e,data/external/ConDefects/Code/abc309_e/Python/46214263/faultyVersion.py,data/external/ConDefects/Code/abc309_e/Python/46214263/correctVersion.py,data/external/ConDefects/Test/abc309_e,28,3.14.3,True,,,28,eligible,
51247653,abc309_f,data/external/ConDefects/Code/abc309_f/Python/51247653/faultyVersion.py,data/external/ConDefects/Code/abc309_f/Python/51247653/correctVersion.py,data/external/ConDefects/Test/abc309_f,214,3.14.3,True,,,214,eligible,
51733804,abc309_f,data/external/ConDefects/Code/abc309_f/Python/51733804/faultyVersion.py,data/external/ConDefects/Code/abc309_f/Python/51733804/correctVersion.py,data/external/ConDefects/Test/abc309_f,111,3.14.3,True,,,111,eligible,
52190693,abc309_f,data/external/ConDefects/Code/abc309_f/Python/52190693/faultyVersion.py,data/external/ConDefects/Code/abc309_f/Python/52190693/correctVersion.py,data/external/ConDefects/Test/abc309_f,474,3.14.3,True,,,474,ineligible,loc > 300 (maximum length ceiling is 300)
52283209,abc309_f,data/external/ConDefects/Code/abc309_f/Python/52283209/faultyVersion.py,data/external/ConDefects/Code/abc309_f/Python/52283209/correctVersion.py,data/external/ConDefects/Test/abc309_f,136,3.14.3,True,,,136,eligible,
52944581,abc309_f,data/external/ConDefects/Code/abc309_f/Python/52944581/faultyVersion.py,data/external/ConDefects/Code/abc309_f/Python/52944581/correctVersion.py,data/external/ConDefects/Test/abc309_f,106,3.14.3,True,,,106,ineligible,multiple independent faults
55142933,abc309_f,data/external/ConDefects/Code/abc309_f/Python/55142933/faultyVersion.py,data/external/ConDefects/Code/abc309_f/Python/55142933/correctVersion.py,data/external/ConDefects/Test/abc309_f,28,3.14.3,True,,,28,eligible,
43412855,abc309_g,data/external/ConDefects/Code/abc309_g/Python/43412855/faultyVersion.py,data/external/ConDefects/Code/abc309_g/Python/43412855/correctVersion.py,data/external/ConDefects/Test/abc309_g,19,3.14.3,True,,,19,ineligible,loc < 25 (minimum length floor is 25)
45739812,abc310_a,data/external/ConDefects/Code/abc310_a/Python/45739812/faultyVersion.py,data/external/ConDefects/Code/abc310_a/Python/45739812/correctVersion.py,data/external/ConDefects/Test/abc310_a,10,3.14.3,True,,,10,ineligible,loc < 25 (minimum length floor is 25)
45785883,abc310_a,data/external/ConDefects/Code/abc310_a/Python/45785883/faultyVersion.py,data/external/ConDefects/Code/abc310_a/Python/45785883/correctVersion.py,data/external/ConDefects/Test/abc310_a,18,3.14.3,True,,,18,ineligible,loc < 25 (minimum length floor is 25)
45951629,abc310_a,data/external/ConDefects/Code/abc310_a/Python/45951629/faultyVersion.py,data/external/ConDefects/Code/abc310_a/Python/45951629/correctVersion.py,data/external/ConDefects/Test/abc310_a,9,3.14.3,True,,,9,ineligible,loc < 25 (minimum length floor is 25)
46010909,abc310_a,data/external/ConDefects/Code/abc310_a/Python/46010909/faultyVersion.py,data/external/ConDefects/Code/abc310_a/Python/46010909/correctVersion.py,data/external/ConDefects/Test/abc310_a,6,3.14.3,True,,,6,ineligible,loc < 25 (minimum length floor is 25)
46023025,abc310_a,data/external/ConDefects/Code/abc310_a/Python/46023025/faultyVersion.py,data/external/ConDefects/Code/abc310_a/Python/46023025/correctVersion.py,data/external/ConDefects/Test/abc310_a,3,3.14.3,True,,,3,ineligible,loc < 25 (minimum length floor is 25)
45545558,abc310_b,data/external/ConDefects/Code/abc310_b/Python/45545558/faultyVersion.py,data/external/ConDefects/Code/abc310_b/Python/45545558/correctVersion.py,data/external/ConDefects/Test/abc310_b,21,3.14.3,True,,,21,ineligible,loc < 25 (minimum length floor is 25)
45742461,abc310_b,data/external/ConDefects/Code/abc310_b/Python/45742461/faultyVersion.py,data/external/ConDefects/Code/abc310_b/Python/45742461/correctVersion.py,data/external/ConDefects/Test/abc310_b,12,3.14.3,True,,,12,ineligible,loc < 25 (minimum length floor is 25)
45952354,abc310_b,data/external/ConDefects/Code/abc310_b/Python/45952354/faultyVersion.py,data/external/ConDefects/Code/abc310_b/Python/45952354/correctVersion.py,data/external/ConDefects/Test/abc310_b,21,3.14.3,True,,,21,ineligible,loc < 25 (minimum length floor is 25)
45953433,abc310_b,data/external/ConDefects/Code/abc310_b/Python/45953433/faultyVersion.py,data/external/ConDefects/Code/abc310_b/Python/45953433/correctVersion.py,data/external/ConDefects/Test/abc310_b,15,3.14.3,True,,,15,ineligible,loc < 25 (minimum length floor is 25)
46010800,abc310_b,data/external/ConDefects/Code/abc310_b/Python/46010800/faultyVersion.py,data/external/ConDefects/Code/abc310_b/Python/46010800/correctVersion.py,data/external/ConDefects/Test/abc310_b,18,3.14.3,True,,,18,ineligible,loc < 25 (minimum length floor is 25)
46023032,abc310_b,data/external/ConDefects/Code/abc310_b/Python/46023032/faultyVersion.py,data/external/ConDefects/Code/abc310_b/Python/46023032/correctVersion.py,data/external/ConDefects/Test/abc310_b,15,3.14.3,True,,,15,ineligible,loc < 25 (minimum length floor is 25)
46051370,abc310_b,data/external/ConDefects/Code/abc310_b/Python/46051370/faultyVersion.py,data/external/ConDefects/Code/abc310_b/Python/46051370/correctVersion.py,data/external/ConDefects/Test/abc310_b,37,3.14.3,True,,,37,eligible,
46217262,abc310_b,data/external/ConDefects/Code/abc310_b/Python/46217262/faultyVersion.py,data/external/ConDefects/Code/abc310_b/Python/46217262/correctVersion.py,data/external/ConDefects/Test/abc310_b,33,3.14.3,True,,,33,eligible,
45695385,abc310_c,data/external/ConDefects/Code/abc310_c/Python/45695385/faultyVersion.py,data/external/ConDefects/Code/abc310_c/Python/45695385/correctVersion.py,data/external/ConDefects/Test/abc310_c,20,3.14.3,True,,,20,ineligible,loc < 25 (minimum length floor is 25)
45952581,abc310_c,data/external/ConDefects/Code/abc310_c/Python/45952581/faultyVersion.py,data/external/ConDefects/Code/abc310_c/Python/45952581/correctVersion.py,data/external/ConDefects/Test/abc310_c,13,3.14.3,True,,,13,ineligible,loc < 25 (minimum length floor is 25)
50903679,abc310_d,data/external/ConDefects/Code/abc310_d/Python/50903679/faultyVersion.py,data/external/ConDefects/Code/abc310_d/Python/50903679/correctVersion.py,data/external/ConDefects/Test/abc310_d,395,3.14.3,True,,,395,ineligible,loc > 300 (maximum length ceiling is 300)
53176077,abc310_d,data/external/ConDefects/Code/abc310_d/Python/53176077/faultyVersion.py,data/external/ConDefects/Code/abc310_d/Python/53176077/correctVersion.py,data/external/ConDefects/Test/abc310_d,38,3.14.3,True,,,38,eligible,
50729164,abc310_f,data/external/ConDefects/Code/abc310_f/Python/50729164/faultyVersion.py,data/external/ConDefects/Code/abc310_f/Python/50729164/correctVersion.py,data/external/ConDefects/Test/abc310_f,23,3.14.3,True,,,23,ineligible,loc < 25 (minimum length floor is 25)
45775601,abc311_a,data/external/ConDefects/Code/abc311_a/Python/45775601/faultyVersion.py,data/external/ConDefects/Code/abc311_a/Python/45775601/correctVersion.py,data/external/ConDefects/Test/abc311_a,9,3.14.3,True,,,9,ineligible,loc < 25 (minimum length floor is 25)
45791225,abc311_a,data/external/ConDefects/Code/abc311_a/Python/45791225/faultyVersion.py,data/external/ConDefects/Code/abc311_a/Python/45791225/correctVersion.py,data/external/ConDefects/Test/abc311_a,13,3.14.3,True,,,13,ineligible,loc < 25 (minimum length floor is 25)
45962858,abc311_a,data/external/ConDefects/Code/abc311_a/Python/45962858/faultyVersion.py,data/external/ConDefects/Code/abc311_a/Python/45962858/correctVersion.py,data/external/ConDefects/Test/abc311_a,18,3.14.3,True,,,18,ineligible,loc < 25 (minimum length floor is 25)
46012329,abc311_a,data/external/ConDefects/Code/abc311_a/Python/46012329/faultyVersion.py,data/external/ConDefects/Code/abc311_a/Python/46012329/correctVersion.py,data/external/ConDefects/Test/abc311_a,4,3.14.3,True,,,4,ineligible,loc < 25 (minimum length floor is 25)
46036400,abc311_a,data/external/ConDefects/Code/abc311_a/Python/46036400/faultyVersion.py,data/external/ConDefects/Code/abc311_a/Python/46036400/correctVersion.py,data/external/ConDefects/Test/abc311_a,23,3.14.3,True,,,23,ineligible,loc < 25 (minimum length floor is 25)
45980619,abc311_b,data/external/ConDefects/Code/abc311_b/Python/45980619/faultyVersion.py,data/external/ConDefects/Code/abc311_b/Python/45980619/correctVersion.py,data/external/ConDefects/Test/abc311_b,34,3.14.3,True,,,34,ineligible,multi-line fault — excluded by v2 single-line filter
45970897,abc311_e,data/external/ConDefects/Code/abc311_e/Python/45970897/faultyVersion.py,data/external/ConDefects/Code/abc311_e/Python/45970897/correctVersion.py,data/external/ConDefects/Test/abc311_e,31,3.14.3,True,,,31,eligible,
43899768,abc311_g,data/external/ConDefects/Code/abc311_g/Python/43899768/faultyVersion.py,data/external/ConDefects/Code/abc311_g/Python/43899768/correctVersion.py,data/external/ConDefects/Test/abc311_g,45,3.14.3,True,,,45,eligible,
45765051,abc312_a,data/external/ConDefects/Code/abc312_a/Python/45765051/faultyVersion.py,data/external/ConDefects/Code/abc312_a/Python/45765051/correctVersion.py,data/external/ConDefects/Test/abc312_a,8,3.14.3,True,,,8,ineligible,loc < 25 (minimum length floor is 25)
45778739,abc312_a,data/external/ConDefects/Code/abc312_a/Python/45778739/faultyVersion.py,data/external/ConDefects/Code/abc312_a/Python/45778739/correctVersion.py,data/external/ConDefects/Test/abc312_a,8,3.14.3,True,,,8,ineligible,loc < 25 (minimum length floor is 25)
45893891,abc312_a,data/external/ConDefects/Code/abc312_a/Python/45893891/faultyVersion.py,data/external/ConDefects/Code/abc312_a/Python/45893891/correctVersion.py,data/external/ConDefects/Test/abc312_a,8,3.14.3,True,,,8,ineligible,loc < 25 (minimum length floor is 25)
45974761,abc312_a,data/external/ConDefects/Code/abc312_a/Python/45974761/faultyVersion.py,data/external/ConDefects/Code/abc312_a/Python/45974761/correctVersion.py,data/external/ConDefects/Test/abc312_a,5,3.14.3,True,,,5,ineligible,loc < 25 (minimum length floor is 25)
45975022,abc312_a,data/external/ConDefects/Code/abc312_a/Python/45975022/faultyVersion.py,data/external/ConDefects/Code/abc312_a/Python/45975022/correctVersion.py,data/external/ConDefects/Test/abc312_a,14,3.14.3,True,,,14,ineligible,loc < 25 (minimum length floor is 25)
46035506,abc312_a,data/external/ConDefects/Code/abc312_a/Python/46035506/faultyVersion.py,data/external/ConDefects/Code/abc312_a/Python/46035506/correctVersion.py,data/external/ConDefects/Test/abc312_a,17,3.14.3,True,,,17,ineligible,loc < 25 (minimum length floor is 25)
46047381,abc312_a,data/external/ConDefects/Code/abc312_a/Python/46047381/faultyVersion.py,data/external/ConDefects/Code/abc312_a/Python/46047381/correctVersion.py,data/external/ConDefects/Test/abc312_a,12,3.14.3,True,,,12,ineligible,loc < 25 (minimum length floor is 25)
46185846,abc312_a,data/external/ConDefects/Code/abc312_a/Python/46185846/faultyVersion.py,data/external/ConDefects/Code/abc312_a/Python/46185846/correctVersion.py,data/external/ConDefects/Test/abc312_a,8,3.14.3,True,,,8,ineligible,loc < 25 (minimum length floor is 25)
46206002,abc312_a,data/external/ConDefects/Code/abc312_a/Python/46206002/faultyVersion.py,data/external/ConDefects/Code/abc312_a/Python/46206002/correctVersion.py,data/external/ConDefects/Test/abc312_a,4,3.14.3,True,,,4,ineligible,loc < 25 (minimum length floor is 25)
45967113,abc312_b,data/external/ConDefects/Code/abc312_b/Python/45967113/faultyVersion.py,data/external/ConDefects/Code/abc312_b/Python/45967113/correctVersion.py,data/external/ConDefects/Test/abc312_b,9,3.14.3,True,,,9,ineligible,loc < 25 (minimum length floor is 25)
45722066,abc312_c,data/external/ConDefects/Code/abc312_c/Python/45722066/faultyVersion.py,data/external/ConDefects/Code/abc312_c/Python/45722066/correctVersion.py,data/external/ConDefects/Test/abc312_c,25,3.14.3,True,,,25,eligible,
45722260,abc312_c,data/external/ConDefects/Code/abc312_c/Python/45722260/faultyVersion.py,data/external/ConDefects/Code/abc312_c/Python/45722260/correctVersion.py,data/external/ConDefects/Test/abc312_c,24,3.14.3,True,,,24,ineligible,loc < 25 (minimum length floor is 25)
45783776,abc312_c,data/external/ConDefects/Code/abc312_c/Python/45783776/faultyVersion.py,data/external/ConDefects/Code/abc312_c/Python/45783776/correctVersion.py,data/external/ConDefects/Test/abc312_c,32,3.14.3,True,,,32,eligible,
45783787,abc312_c,data/external/ConDefects/Code/abc312_c/Python/45783787/faultyVersion.py,data/external/ConDefects/Code/abc312_c/Python/45783787/correctVersion.py,data/external/ConDefects/Test/abc312_c,36,3.14.3,True,,,36,eligible,
45814496,abc312_c,data/external/ConDefects/Code/abc312_c/Python/45814496/faultyVersion.py,data/external/ConDefects/Code/abc312_c/Python/45814496/correctVersion.py,data/external/ConDefects/Test/abc312_c,31,3.14.3,True,,,31,eligible,
45923293,abc312_c,data/external/ConDefects/Code/abc312_c/Python/45923293/faultyVersion.py,data/external/ConDefects/Code/abc312_c/Python/45923293/correctVersion.py,data/external/ConDefects/Test/abc312_c,19,3.14.3,True,,,19,ineligible,loc < 25 (minimum length floor is 25)
46004421,abc312_c,data/external/ConDefects/Code/abc312_c/Python/46004421/faultyVersion.py,data/external/ConDefects/Code/abc312_c/Python/46004421/correctVersion.py,data/external/ConDefects/Test/abc312_c,30,3.14.3,True,,,30,eligible,
46017936,abc312_c,data/external/ConDefects/Code/abc312_c/Python/46017936/faultyVersion.py,data/external/ConDefects/Code/abc312_c/Python/46017936/correctVersion.py,data/external/ConDefects/Test/abc312_c,29,3.14.3,True,,,29,eligible,
46019234,abc312_c,data/external/ConDefects/Code/abc312_c/Python/46019234/faultyVersion.py,data/external/ConDefects/Code/abc312_c/Python/46019234/correctVersion.py,data/external/ConDefects/Test/abc312_c,42,3.14.3,True,,,42,ineligible,multiple independent faults
46028780,abc312_c,data/external/ConDefects/Code/abc312_c/Python/46028780/faultyVersion.py,data/external/ConDefects/Code/abc312_c/Python/46028780/correctVersion.py,data/external/ConDefects/Test/abc312_c,28,3.14.3,True,,,28,eligible,
46056572,abc312_c,data/external/ConDefects/Code/abc312_c/Python/46056572/faultyVersion.py,data/external/ConDefects/Code/abc312_c/Python/46056572/correctVersion.py,data/external/ConDefects/Test/abc312_c,23,3.14.3,True,,,23,ineligible,loc < 25 (minimum length floor is 25)
46161992,abc312_c,data/external/ConDefects/Code/abc312_c/Python/46161992/faultyVersion.py,data/external/ConDefects/Code/abc312_c/Python/46161992/correctVersion.py,data/external/ConDefects/Test/abc312_c,20,3.14.3,True,,,20,ineligible,loc < 25 (minimum length floor is 25)
52032093,abc312_d,data/external/ConDefects/Code/abc312_d/Python/52032093/faultyVersion.py,data/external/ConDefects/Code/abc312_d/Python/52032093/correctVersion.py,data/external/ConDefects/Test/abc312_d,32,3.14.3,True,,,32,eligible,
54754384,abc312_d,data/external/ConDefects/Code/abc312_d/Python/54754384/faultyVersion.py,data/external/ConDefects/Code/abc312_d/Python/54754384/correctVersion.py,data/external/ConDefects/Test/abc312_d,22,3.14.3,True,,,22,ineligible,loc < 25 (minimum length floor is 25)
46140996,abc312_f,data/external/ConDefects/Code/abc312_f/Python/46140996/faultyVersion.py,data/external/ConDefects/Code/abc312_f/Python/46140996/correctVersion.py,data/external/ConDefects/Test/abc312_f,39,3.14.3,True,,,39,eligible,
46206445,abc312_f,data/external/ConDefects/Code/abc312_f/Python/46206445/faultyVersion.py,data/external/ConDefects/Code/abc312_f/Python/46206445/correctVersion.py,data/external/ConDefects/Test/abc312_f,70,3.14.3,True,,,70,ineligible,multiple independent faults
45698032,abc313_a,data/external/ConDefects/Code/abc313_a/Python/45698032/faultyVersion.py,data/external/ConDefects/Code/abc313_a/Python/45698032/correctVersion.py,data/external/ConDefects/Test/abc313_a,4,3.14.3,True,,,4,ineligible,loc < 25 (minimum length floor is 25)
45785774,abc313_a,data/external/ConDefects/Code/abc313_a/Python/45785774/faultyVersion.py,data/external/ConDefects/Code/abc313_a/Python/45785774/correctVersion.py,data/external/ConDefects/Test/abc313_a,6,3.14.3,True,,,6,ineligible,loc < 25 (minimum length floor is 25)
45811912,abc313_a,data/external/ConDefects/Code/abc313_a/Python/45811912/faultyVersion.py,data/external/ConDefects/Code/abc313_a/Python/45811912/correctVersion.py,data/external/ConDefects/Test/abc313_a,6,3.14.3,True,,,6,ineligible,loc < 25 (minimum length floor is 25)
45691967,abc313_b,data/external/ConDefects/Code/abc313_b/Python/45691967/faultyVersion.py,data/external/ConDefects/Code/abc313_b/Python/45691967/correctVersion.py,data/external/ConDefects/Test/abc313_b,8,3.14.3,True,,,8,ineligible,loc < 25 (minimum length floor is 25)
45739272,abc313_b,data/external/ConDefects/Code/abc313_b/Python/45739272/faultyVersion.py,data/external/ConDefects/Code/abc313_b/Python/45739272/correctVersion.py,data/external/ConDefects/Test/abc313_b,18,3.14.3,True,,,18,ineligible,loc < 25 (minimum length floor is 25)
45757869,abc313_b,data/external/ConDefects/Code/abc313_b/Python/45757869/faultyVersion.py,data/external/ConDefects/Code/abc313_b/Python/45757869/correctVersion.py,data/external/ConDefects/Test/abc313_b,16,3.14.3,True,,,16,ineligible,loc < 25 (minimum length floor is 25)
45889938,abc313_b,data/external/ConDefects/Code/abc313_b/Python/45889938/faultyVersion.py,data/external/ConDefects/Code/abc313_b/Python/45889938/correctVersion.py,data/external/ConDefects/Test/abc313_b,13,3.14.3,True,,,13,ineligible,loc < 25 (minimum length floor is 25)
46182815,abc313_b,data/external/ConDefects/Code/abc313_b/Python/46182815/faultyVersion.py,data/external/ConDefects/Code/abc313_b/Python/46182815/correctVersion.py,data/external/ConDefects/Test/abc313_b,13,3.14.3,True,,,13,ineligible,loc < 25 (minimum length floor is 25)
45773299,abc313_c,data/external/ConDefects/Code/abc313_c/Python/45773299/faultyVersion.py,data/external/ConDefects/Code/abc313_c/Python/45773299/correctVersion.py,data/external/ConDefects/Test/abc313_c,10,3.14.3,True,,,10,ineligible,loc < 25 (minimum length floor is 25)
45654990,abc313_d,data/external/ConDefects/Code/abc313_d/Python/45654990/faultyVersion.py,data/external/ConDefects/Code/abc313_d/Python/45654990/correctVersion.py,data/external/ConDefects/Test/abc313_d,24,3.14.3,True,,,24,ineligible,loc < 25 (minimum length floor is 25)
45777524,abc313_d,data/external/ConDefects/Code/abc313_d/Python/45777524/faultyVersion.py,data/external/ConDefects/Code/abc313_d/Python/45777524/correctVersion.py,data/external/ConDefects/Test/abc313_d,135,3.14.3,True,,,135,eligible,
45766127,abc313_e,data/external/ConDefects/Code/abc313_e/Python/45766127/faultyVersion.py,data/external/ConDefects/Code/abc313_e/Python/45766127/correctVersion.py,data/external/ConDefects/Test/abc313_e,25,3.14.3,True,,,25,eligible,
45736506,abc313_f,data/external/ConDefects/Code/abc313_f/Python/45736506/faultyVersion.py,data/external/ConDefects/Code/abc313_f/Python/45736506/correctVersion.py,data/external/ConDefects/Test/abc313_f,23,3.14.3,True,,,23,ineligible,loc < 25 (minimum length floor is 25)
46134579,abc313_g,data/external/ConDefects/Code/abc313_g/Python/46134579/faultyVersion.py,data/external/ConDefects/Code/abc313_g/Python/46134579/correctVersion.py,data/external/ConDefects/Test/abc313_g,51,3.14.3,True,,,51,eligible,
45895663,abc314_a,data/external/ConDefects/Code/abc314_a/Python/45895663/faultyVersion.py,data/external/ConDefects/Code/abc314_a/Python/45895663/correctVersion.py,data/external/ConDefects/Test/abc314_a,3,3.14.3,True,,,3,ineligible,loc < 25 (minimum length floor is 25)
45968783,abc314_a,data/external/ConDefects/Code/abc314_a/Python/45968783/faultyVersion.py,data/external/ConDefects/Code/abc314_a/Python/45968783/correctVersion.py,data/external/ConDefects/Test/abc314_a,5,3.14.3,True,,,5,ineligible,loc < 25 (minimum length floor is 25)
46014506,abc314_a,data/external/ConDefects/Code/abc314_a/Python/46014506/faultyVersion.py,data/external/ConDefects/Code/abc314_a/Python/46014506/correctVersion.py,data/external/ConDefects/Test/abc314_a,3,3.14.3,True,,,3,ineligible,loc < 25 (minimum length floor is 25)
46017209,abc314_a,data/external/ConDefects/Code/abc314_a/Python/46017209/faultyVersion.py,data/external/ConDefects/Code/abc314_a/Python/46017209/correctVersion.py,data/external/ConDefects/Test/abc314_a,3,3.14.3,True,,,3,ineligible,loc < 25 (minimum length floor is 25)
46027498,abc314_a,data/external/ConDefects/Code/abc314_a/Python/46027498/faultyVersion.py,data/external/ConDefects/Code/abc314_a/Python/46027498/correctVersion.py,data/external/ConDefects/Test/abc314_a,5,3.14.3,True,,,5,ineligible,loc < 25 (minimum length floor is 25)
45932176,abc314_b,data/external/ConDefects/Code/abc314_b/Python/45932176/faultyVersion.py,data/external/ConDefects/Code/abc314_b/Python/45932176/correctVersion.py,data/external/ConDefects/Test/abc314_b,30,3.14.3,True,,,30,ineligible,multiple independent faults
45977913,abc314_b,data/external/ConDefects/Code/abc314_b/Python/45977913/faultyVersion.py,data/external/ConDefects/Code/abc314_b/Python/45977913/correctVersion.py,data/external/ConDefects/Test/abc314_b,28,3.14.3,True,,,28,eligible,
45979954,abc314_b,data/external/ConDefects/Code/abc314_b/Python/45979954/faultyVersion.py,data/external/ConDefects/Code/abc314_b/Python/45979954/correctVersion.py,data/external/ConDefects/Test/abc314_b,25,3.14.3,True,,,25,eligible,
54038840,abc314_c,data/external/ConDefects/Code/abc314_c/Python/54038840/faultyVersion.py,data/external/ConDefects/Code/abc314_c/Python/54038840/correctVersion.py,data/external/ConDefects/Test/abc314_c,29,3.14.3,True,,,29,eligible,
54238800,abc314_c,data/external/ConDefects/Code/abc314_c/Python/54238800/faultyVersion.py,data/external/ConDefects/Code/abc314_c/Python/54238800/correctVersion.py,data/external/ConDefects/Test/abc314_c,14,3.14.3,True,,,14,ineligible,loc < 25 (minimum length floor is 25)
54938051,abc314_c,data/external/ConDefects/Code/abc314_c/Python/54938051/faultyVersion.py,data/external/ConDefects/Code/abc314_c/Python/54938051/correctVersion.py,data/external/ConDefects/Test/abc314_c,14,3.14.3,True,,,14,ineligible,loc < 25 (minimum length floor is 25)
55161312,abc314_c,data/external/ConDefects/Code/abc314_c/Python/55161312/faultyVersion.py,data/external/ConDefects/Code/abc314_c/Python/55161312/correctVersion.py,data/external/ConDefects/Test/abc314_c,15,3.14.3,True,,,15,ineligible,loc < 25 (minimum length floor is 25)
46143343,abc314_d,data/external/ConDefects/Code/abc314_d/Python/46143343/faultyVersion.py,data/external/ConDefects/Code/abc314_d/Python/46143343/correctVersion.py,data/external/ConDefects/Test/abc314_d,31,3.14.3,True,,,31,eligible,
46146276,abc314_d,data/external/ConDefects/Code/abc314_d/Python/46146276/faultyVersion.py,data/external/ConDefects/Code/abc314_d/Python/46146276/correctVersion.py,data/external/ConDefects/Test/abc314_d,53,3.14.3,True,,,53,eligible,
45808089,abc314_e,data/external/ConDefects/Code/abc314_e/Python/45808089/faultyVersion.py,data/external/ConDefects/Code/abc314_e/Python/45808089/correctVersion.py,data/external/ConDefects/Test/abc314_e,26,3.14.3,True,,,26,eligible,
45264890,abc314_g,data/external/ConDefects/Code/abc314_g/Python/45264890/faultyVersion.py,data/external/ConDefects/Code/abc314_g/Python/45264890/correctVersion.py,data/external/ConDefects/Test/abc314_g,111,3.14.3,True,,,111,eligible,
47095184,abc314_g,data/external/ConDefects/Code/abc314_g/Python/47095184/faultyVersion.py,data/external/ConDefects/Code/abc314_g/Python/47095184/correctVersion.py,data/external/ConDefects/Test/abc314_g,150,3.14.3,True,,,150,eligible,
44593278,abc314_h,data/external/ConDefects/Code/abc314_h/Python/44593278/faultyVersion.py,data/external/ConDefects/Code/abc314_h/Python/44593278/correctVersion.py,data/external/ConDefects/Test/abc314_h,19,3.14.3,True,,,19,ineligible,loc < 25 (minimum length floor is 25)
46129092,abc315_a,data/external/ConDefects/Code/abc315_a/Python/46129092/faultyVersion.py,data/external/ConDefects/Code/abc315_a/Python/46129092/correctVersion.py,data/external/ConDefects/Test/abc315_a,7,3.14.3,True,,,7,ineligible,loc < 25 (minimum length floor is 25)
46159521,abc315_a,data/external/ConDefects/Code/abc315_a/Python/46159521/faultyVersion.py,data/external/ConDefects/Code/abc315_a/Python/46159521/correctVersion.py,data/external/ConDefects/Test/abc315_a,6,3.14.3,True,,,6,ineligible,loc < 25 (minimum length floor is 25)
46219249,abc315_a,data/external/ConDefects/Code/abc315_a/Python/46219249/faultyVersion.py,data/external/ConDefects/Code/abc315_a/Python/46219249/correctVersion.py,data/external/ConDefects/Test/abc315_a,3,3.14.3,True,,,3,ineligible,loc < 25 (minimum length floor is 25)
45937526,abc315_b,data/external/ConDefects/Code/abc315_b/Python/45937526/faultyVersion.py,data/external/ConDefects/Code/abc315_b/Python/45937526/correctVersion.py,data/external/ConDefects/Test/abc315_b,10,3.14.3,True,,,10,ineligible,loc < 25 (minimum length floor is 25)
45969003,abc315_b,data/external/ConDefects/Code/abc315_b/Python/45969003/faultyVersion.py,data/external/ConDefects/Code/abc315_b/Python/45969003/correctVersion.py,data/external/ConDefects/Test/abc315_b,13,3.14.3,True,,,13,ineligible,loc < 25 (minimum length floor is 25)
46021749,abc315_b,data/external/ConDefects/Code/abc315_b/Python/46021749/faultyVersion.py,data/external/ConDefects/Code/abc315_b/Python/46021749/correctVersion.py,data/external/ConDefects/Test/abc315_b,13,3.14.3,True,,,13,ineligible,loc < 25 (minimum length floor is 25)
46027434,abc315_b,data/external/ConDefects/Code/abc315_b/Python/46027434/faultyVersion.py,data/external/ConDefects/Code/abc315_b/Python/46027434/correctVersion.py,data/external/ConDefects/Test/abc315_b,10,3.14.3,True,,,10,ineligible,loc < 25 (minimum length floor is 25)
46054320,abc315_b,data/external/ConDefects/Code/abc315_b/Python/46054320/faultyVersion.py,data/external/ConDefects/Code/abc315_b/Python/46054320/correctVersion.py,data/external/ConDefects/Test/abc315_b,10,3.14.3,True,,,10,ineligible,loc < 25 (minimum length floor is 25)
46161967,abc315_c,data/external/ConDefects/Code/abc315_c/Python/46161967/faultyVersion.py,data/external/ConDefects/Code/abc315_c/Python/46161967/correctVersion.py,data/external/ConDefects/Test/abc315_c,21,3.14.3,True,,,21,ineligible,loc < 25 (minimum length floor is 25)
46043300,abc315_f,data/external/ConDefects/Code/abc315_f/Python/46043300/faultyVersion.py,data/external/ConDefects/Code/abc315_f/Python/46043300/correctVersion.py,data/external/ConDefects/Test/abc315_f,25,3.14.3,True,,,25,eligible,
46136201,abc315_f,data/external/ConDefects/Code/abc315_f/Python/46136201/faultyVersion.py,data/external/ConDefects/Code/abc315_f/Python/46136201/correctVersion.py,data/external/ConDefects/Test/abc315_f,30,3.14.3,True,,,30,eligible,
44773178,abc315_h,data/external/ConDefects/Code/abc315_h/Python/44773178/faultyVersion.py,data/external/ConDefects/Code/abc315_h/Python/44773178/correctVersion.py,data/external/ConDefects/Test/abc315_h,286,3.14.3,True,,,286,eligible,
54045054,abc317_a,data/external/ConDefects/Code/abc317_a/Python/54045054/faultyVersion.py,data/external/ConDefects/Code/abc317_a/Python/54045054/correctVersion.py,data/external/ConDefects/Test/abc317_a,7,3.14.3,True,,,7,ineligible,loc < 25 (minimum length floor is 25)
54045407,abc317_a,data/external/ConDefects/Code/abc317_a/Python/54045407/faultyVersion.py,data/external/ConDefects/Code/abc317_a/Python/54045407/correctVersion.py,data/external/ConDefects/Test/abc317_a,7,3.14.3,True,,,7,ineligible,loc < 25 (minimum length floor is 25)
54270366,abc317_a,data/external/ConDefects/Code/abc317_a/Python/54270366/faultyVersion.py,data/external/ConDefects/Code/abc317_a/Python/54270366/correctVersion.py,data/external/ConDefects/Test/abc317_a,42,3.14.3,True,,,42,eligible,
54270630,abc317_a,data/external/ConDefects/Code/abc317_a/Python/54270630/faultyVersion.py,data/external/ConDefects/Code/abc317_a/Python/54270630/correctVersion.py,data/external/ConDefects/Test/abc317_a,9,3.14.3,True,,,9,ineligible,loc < 25 (minimum length floor is 25)
54312125,abc317_a,data/external/ConDefects/Code/abc317_a/Python/54312125/faultyVersion.py,data/external/ConDefects/Code/abc317_a/Python/54312125/correctVersion.py,data/external/ConDefects/Test/abc317_a,7,3.14.3,True,,,7,ineligible,loc < 25 (minimum length floor is 25)
54442354,abc317_a,data/external/ConDefects/Code/abc317_a/Python/54442354/faultyVersion.py,data/external/ConDefects/Code/abc317_a/Python/54442354/correctVersion.py,data/external/ConDefects/Test/abc317_a,17,3.14.3,True,,,17,ineligible,loc < 25 (minimum length floor is 25)
54511982,abc317_a,data/external/ConDefects/Code/abc317_a/Python/54511982/faultyVersion.py,data/external/ConDefects/Code/abc317_a/Python/54511982/correctVersion.py,data/external/ConDefects/Test/abc317_a,10,3.14.3,True,,,10,ineligible,loc < 25 (minimum length floor is 25)
54526177,abc317_a,data/external/ConDefects/Code/abc317_a/Python/54526177/faultyVersion.py,data/external/ConDefects/Code/abc317_a/Python/54526177/correctVersion.py,data/external/ConDefects/Test/abc317_a,4,3.14.3,True,,,4,ineligible,loc < 25 (minimum length floor is 25)
54736802,abc317_a,data/external/ConDefects/Code/abc317_a/Python/54736802/faultyVersion.py,data/external/ConDefects/Code/abc317_a/Python/54736802/correctVersion.py,data/external/ConDefects/Test/abc317_a,6,3.14.3,True,,,6,ineligible,loc < 25 (minimum length floor is 25)
54907933,abc317_a,data/external/ConDefects/Code/abc317_a/Python/54907933/faultyVersion.py,data/external/ConDefects/Code/abc317_a/Python/54907933/correctVersion.py,data/external/ConDefects/Test/abc317_a,12,3.14.3,True,,,12,ineligible,loc < 25 (minimum length floor is 25)
54762079,abc317_c,data/external/ConDefects/Code/abc317_c/Python/54762079/faultyVersion.py,data/external/ConDefects/Code/abc317_c/Python/54762079/correctVersion.py,data/external/ConDefects/Test/abc317_c,20,3.14.3,True,,,20,ineligible,loc < 25 (minimum length floor is 25)
54762197,abc317_c,data/external/ConDefects/Code/abc317_c/Python/54762197/faultyVersion.py,data/external/ConDefects/Code/abc317_c/Python/54762197/correctVersion.py,data/external/ConDefects/Test/abc317_c,16,3.14.3,True,,,16,ineligible,loc < 25 (minimum length floor is 25)
54776081,abc317_c,data/external/ConDefects/Code/abc317_c/Python/54776081/faultyVersion.py,data/external/ConDefects/Code/abc317_c/Python/54776081/correctVersion.py,data/external/ConDefects/Test/abc317_c,24,3.14.3,True,,,24,ineligible,loc < 25 (minimum length floor is 25)
52056192,abc317_d,data/external/ConDefects/Code/abc317_d/Python/52056192/faultyVersion.py,data/external/ConDefects/Code/abc317_d/Python/52056192/correctVersion.py,data/external/ConDefects/Test/abc317_d,27,3.14.3,True,,,27,eligible,
52641231,abc317_d,data/external/ConDefects/Code/abc317_d/Python/52641231/faultyVersion.py,data/external/ConDefects/Code/abc317_d/Python/52641231/correctVersion.py,data/external/ConDefects/Test/abc317_d,16,3.14.3,True,,,16,ineligible,loc < 25 (minimum length floor is 25)
53253616,abc317_d,data/external/ConDefects/Code/abc317_d/Python/53253616/faultyVersion.py,data/external/ConDefects/Code/abc317_d/Python/53253616/correctVersion.py,data/external/ConDefects/Test/abc317_d,16,3.14.3,True,,,16,ineligible,loc < 25 (minimum length floor is 25)
51930031,abc317_e,data/external/ConDefects/Code/abc317_e/Python/51930031/faultyVersion.py,data/external/ConDefects/Code/abc317_e/Python/51930031/correctVersion.py,data/external/ConDefects/Test/abc317_e,78,3.14.3,True,,,78,eligible,
52926276,abc317_e,data/external/ConDefects/Code/abc317_e/Python/52926276/faultyVersion.py,data/external/ConDefects/Code/abc317_e/Python/52926276/correctVersion.py,data/external/ConDefects/Test/abc317_e,88,3.14.3,True,,,88,eligible,
45104583,abc317_f,data/external/ConDefects/Code/abc317_f/Python/45104583/faultyVersion.py,data/external/ConDefects/Code/abc317_f/Python/45104583/correctVersion.py,data/external/ConDefects/Test/abc317_f,84,3.14.3,True,,,84,eligible,
46240679,abc317_f,data/external/ConDefects/Code/abc317_f/Python/46240679/faultyVersion.py,data/external/ConDefects/Code/abc317_f/Python/46240679/correctVersion.py,data/external/ConDefects/Test/abc317_f,82,3.14.3,True,,,82,eligible,
45733281,abc318_a,data/external/ConDefects/Code/abc318_a/Python/45733281/faultyVersion.py,data/external/ConDefects/Code/abc318_a/Python/45733281/correctVersion.py,data/external/ConDefects/Test/abc318_a,6,3.14.3,True,,,6,ineligible,loc < 25 (minimum length floor is 25)
45737474,abc318_a,data/external/ConDefects/Code/abc318_a/Python/45737474/faultyVersion.py,data/external/ConDefects/Code/abc318_a/Python/45737474/correctVersion.py,data/external/ConDefects/Test/abc318_a,8,3.14.3,True,,,8,ineligible,loc < 25 (minimum length floor is 25)
45742364,abc318_a,data/external/ConDefects/Code/abc318_a/Python/45742364/faultyVersion.py,data/external/ConDefects/Code/abc318_a/Python/45742364/correctVersion.py,data/external/ConDefects/Test/abc318_a,10,3.14.3,True,,,10,ineligible,loc < 25 (minimum length floor is 25)
45771132,abc318_a,data/external/ConDefects/Code/abc318_a/Python/45771132/faultyVersion.py,data/external/ConDefects/Code/abc318_a/Python/45771132/correctVersion.py,data/external/ConDefects/Test/abc318_a,7,3.14.3,True,,,7,ineligible,loc < 25 (minimum length floor is 25)
45771932,abc318_a,data/external/ConDefects/Code/abc318_a/Python/45771932/faultyVersion.py,data/external/ConDefects/Code/abc318_a/Python/45771932/correctVersion.py,data/external/ConDefects/Test/abc318_a,6,3.14.3,True,,,6,ineligible,loc < 25 (minimum length floor is 25)
45773988,abc318_a,data/external/ConDefects/Code/abc318_a/Python/45773988/faultyVersion.py,data/external/ConDefects/Code/abc318_a/Python/45773988/correctVersion.py,data/external/ConDefects/Test/abc318_a,6,3.14.3,True,,,6,ineligible,loc < 25 (minimum length floor is 25)
45803682,abc318_a,data/external/ConDefects/Code/abc318_a/Python/45803682/faultyVersion.py,data/external/ConDefects/Code/abc318_a/Python/45803682/correctVersion.py,data/external/ConDefects/Test/abc318_a,2,3.14.3,True,,,2,ineligible,loc < 25 (minimum length floor is 25)
45804770,abc318_a,data/external/ConDefects/Code/abc318_a/Python/45804770/faultyVersion.py,data/external/ConDefects/Code/abc318_a/Python/45804770/correctVersion.py,data/external/ConDefects/Test/abc318_a,2,3.14.3,True,,,2,ineligible,loc < 25 (minimum length floor is 25)
45807403,abc318_a,data/external/ConDefects/Code/abc318_a/Python/45807403/faultyVersion.py,data/external/ConDefects/Code/abc318_a/Python/45807403/correctVersion.py,data/external/ConDefects/Test/abc318_a,13,3.14.3,True,,,13,ineligible,loc < 25 (minimum length floor is 25)
45920497,abc318_a,data/external/ConDefects/Code/abc318_a/Python/45920497/faultyVersion.py,data/external/ConDefects/Code/abc318_a/Python/45920497/correctVersion.py,data/external/ConDefects/Test/abc318_a,9,3.14.3,True,,,9,ineligible,loc < 25 (minimum length floor is 25)
46036999,abc318_a,data/external/ConDefects/Code/abc318_a/Python/46036999/faultyVersion.py,data/external/ConDefects/Code/abc318_a/Python/46036999/correctVersion.py,data/external/ConDefects/Test/abc318_a,2,3.14.3,True,,,2,ineligible,loc < 25 (minimum length floor is 25)
46049626,abc318_a,data/external/ConDefects/Code/abc318_a/Python/46049626/faultyVersion.py,data/external/ConDefects/Code/abc318_a/Python/46049626/correctVersion.py,data/external/ConDefects/Test/abc318_a,9,3.14.3,True,,,9,ineligible,loc < 25 (minimum length floor is 25)
46140133,abc318_a,data/external/ConDefects/Code/abc318_a/Python/46140133/faultyVersion.py,data/external/ConDefects/Code/abc318_a/Python/46140133/correctVersion.py,data/external/ConDefects/Test/abc318_a,10,3.14.3,True,,,10,ineligible,loc < 25 (minimum length floor is 25)
54678489,abc318_b,data/external/ConDefects/Code/abc318_b/Python/54678489/faultyVersion.py,data/external/ConDefects/Code/abc318_b/Python/54678489/correctVersion.py,data/external/ConDefects/Test/abc318_b,13,3.14.3,True,,,13,ineligible,loc < 25 (minimum length floor is 25)
45929513,abc318_c,data/external/ConDefects/Code/abc318_c/Python/45929513/faultyVersion.py,data/external/ConDefects/Code/abc318_c/Python/45929513/correctVersion.py,data/external/ConDefects/Test/abc318_c,9,3.14.3,True,,,9,ineligible,loc < 25 (minimum length floor is 25)
45939362,abc318_c,data/external/ConDefects/Code/abc318_c/Python/45939362/faultyVersion.py,data/external/ConDefects/Code/abc318_c/Python/45939362/correctVersion.py,data/external/ConDefects/Test/abc318_c,9,3.14.3,True,,,9,ineligible,loc < 25 (minimum length floor is 25)
45971987,abc318_e,data/external/ConDefects/Code/abc318_e/Python/45971987/faultyVersion.py,data/external/ConDefects/Code/abc318_e/Python/45971987/correctVersion.py,data/external/ConDefects/Test/abc318_e,13,3.14.3,True,,,13,ineligible,loc < 25 (minimum length floor is 25)
45983420,abc318_e,data/external/ConDefects/Code/abc318_e/Python/45983420/faultyVersion.py,data/external/ConDefects/Code/abc318_e/Python/45983420/correctVersion.py,data/external/ConDefects/Test/abc318_e,20,3.14.3,True,,,20,ineligible,loc < 25 (minimum length floor is 25)
53538516,abc318_g,data/external/ConDefects/Code/abc318_g/Python/53538516/faultyVersion.py,data/external/ConDefects/Code/abc318_g/Python/53538516/correctVersion.py,data/external/ConDefects/Test/abc318_g,74,3.14.3,True,,,74,eligible,
45786376,abc319_a,data/external/ConDefects/Code/abc319_a/Python/45786376/faultyVersion.py,data/external/ConDefects/Code/abc319_a/Python/45786376/correctVersion.py,data/external/ConDefects/Test/abc319_a,14,3.14.3,True,,,14,ineligible,loc < 25 (minimum length floor is 25)
45795437,abc319_a,data/external/ConDefects/Code/abc319_a/Python/45795437/faultyVersion.py,data/external/ConDefects/Code/abc319_a/Python/45795437/correctVersion.py,data/external/ConDefects/Test/abc319_a,21,3.14.3,True,,,21,ineligible,loc < 25 (minimum length floor is 25)
45796003,abc319_a,data/external/ConDefects/Code/abc319_a/Python/45796003/faultyVersion.py,data/external/ConDefects/Code/abc319_a/Python/45796003/correctVersion.py,data/external/ConDefects/Test/abc319_a,21,3.14.3,True,,,21,ineligible,loc < 25 (minimum length floor is 25)
45924086,abc319_a,data/external/ConDefects/Code/abc319_a/Python/45924086/faultyVersion.py,data/external/ConDefects/Code/abc319_a/Python/45924086/correctVersion.py,data/external/ConDefects/Test/abc319_a,14,3.14.3,True,,,14,ineligible,loc < 25 (minimum length floor is 25)
45995183,abc319_a,data/external/ConDefects/Code/abc319_a/Python/45995183/faultyVersion.py,data/external/ConDefects/Code/abc319_a/Python/45995183/correctVersion.py,data/external/ConDefects/Test/abc319_a,6,3.14.3,True,,,6,ineligible,loc < 25 (minimum length floor is 25)
46004667,abc319_a,data/external/ConDefects/Code/abc319_a/Python/46004667/faultyVersion.py,data/external/ConDefects/Code/abc319_a/Python/46004667/correctVersion.py,data/external/ConDefects/Test/abc319_a,8,3.14.3,True,,,8,ineligible,loc < 25 (minimum length floor is 25)
46183360,abc319_a,data/external/ConDefects/Code/abc319_a/Python/46183360/faultyVersion.py,data/external/ConDefects/Code/abc319_a/Python/46183360/correctVersion.py,data/external/ConDefects/Test/abc319_a,22,3.14.3,True,,,22,ineligible,loc < 25 (minimum length floor is 25)
45808237,abc319_b,data/external/ConDefects/Code/abc319_b/Python/45808237/faultyVersion.py,data/external/ConDefects/Code/abc319_b/Python/45808237/correctVersion.py,data/external/ConDefects/Test/abc319_b,16,3.14.3,True,,,16,ineligible,loc < 25 (minimum length floor is 25)
45811398,abc319_b,data/external/ConDefects/Code/abc319_b/Python/45811398/faultyVersion.py,data/external/ConDefects/Code/abc319_b/Python/45811398/correctVersion.py,data/external/ConDefects/Test/abc319_b,25,3.14.3,True,,,25,ineligible,multiple independent faults
45813638,abc319_b,data/external/ConDefects/Code/abc319_b/Python/45813638/faultyVersion.py,data/external/ConDefects/Code/abc319_b/Python/45813638/correctVersion.py,data/external/ConDefects/Test/abc319_b,11,3.14.3,True,,,11,ineligible,loc < 25 (minimum length floor is 25)
45969465,abc319_b,data/external/ConDefects/Code/abc319_b/Python/45969465/faultyVersion.py,data/external/ConDefects/Code/abc319_b/Python/45969465/correctVersion.py,data/external/ConDefects/Test/abc319_b,25,3.14.3,True,,,25,eligible,
45999150,abc319_b,data/external/ConDefects/Code/abc319_b/Python/45999150/faultyVersion.py,data/external/ConDefects/Code/abc319_b/Python/45999150/correctVersion.py,data/external/ConDefects/Test/abc319_b,14,3.14.3,True,,,14,ineligible,loc < 25 (minimum length floor is 25)
46199988,abc319_b,data/external/ConDefects/Code/abc319_b/Python/46199988/faultyVersion.py,data/external/ConDefects/Code/abc319_b/Python/46199988/correctVersion.py,data/external/ConDefects/Test/abc319_b,17,3.14.3,True,,,17,ineligible,loc < 25 (minimum length floor is 25)
46206496,abc319_b,data/external/ConDefects/Code/abc319_b/Python/46206496/faultyVersion.py,data/external/ConDefects/Code/abc319_b/Python/46206496/correctVersion.py,data/external/ConDefects/Test/abc319_b,18,3.14.3,True,,,18,ineligible,loc < 25 (minimum length floor is 25)
45783074,abc319_c,data/external/ConDefects/Code/abc319_c/Python/45783074/faultyVersion.py,data/external/ConDefects/Code/abc319_c/Python/45783074/correctVersion.py,data/external/ConDefects/Test/abc319_c,53,3.14.3,True,,,53,eligible,
45752844,abc319_d,data/external/ConDefects/Code/abc319_d/Python/45752844/faultyVersion.py,data/external/ConDefects/Code/abc319_d/Python/45752844/correctVersion.py,data/external/ConDefects/Test/abc319_d,24,3.14.3,True,,,24,ineligible,loc < 25 (minimum length floor is 25)
45753057,abc319_d,data/external/ConDefects/Code/abc319_d/Python/45753057/faultyVersion.py,data/external/ConDefects/Code/abc319_d/Python/45753057/correctVersion.py,data/external/ConDefects/Test/abc319_d,40,3.14.3,True,,,40,eligible,
45764630,abc319_d,data/external/ConDefects/Code/abc319_d/Python/45764630/faultyVersion.py,data/external/ConDefects/Code/abc319_d/Python/45764630/correctVersion.py,data/external/ConDefects/Test/abc319_d,27,3.14.3,True,,,27,eligible,
45768613,abc319_d,data/external/ConDefects/Code/abc319_d/Python/45768613/faultyVersion.py,data/external/ConDefects/Code/abc319_d/Python/45768613/correctVersion.py,data/external/ConDefects/Test/abc319_d,31,3.14.3,True,,,31,eligible,
45774151,abc319_d,data/external/ConDefects/Code/abc319_d/Python/45774151/faultyVersion.py,data/external/ConDefects/Code/abc319_d/Python/45774151/correctVersion.py,data/external/ConDefects/Test/abc319_d,27,3.14.3,True,,,27,eligible,
45778019,abc319_d,data/external/ConDefects/Code/abc319_d/Python/45778019/faultyVersion.py,data/external/ConDefects/Code/abc319_d/Python/45778019/correctVersion.py,data/external/ConDefects/Test/abc319_d,47,3.14.3,True,,,47,ineligible,multi-line fault — excluded by v2 single-line filter
45793373,abc319_d,data/external/ConDefects/Code/abc319_d/Python/45793373/faultyVersion.py,data/external/ConDefects/Code/abc319_d/Python/45793373/correctVersion.py,data/external/ConDefects/Test/abc319_d,50,3.14.3,True,,,50,eligible,
45926522,abc319_d,data/external/ConDefects/Code/abc319_d/Python/45926522/faultyVersion.py,data/external/ConDefects/Code/abc319_d/Python/45926522/correctVersion.py,data/external/ConDefects/Test/abc319_d,27,3.14.3,True,,,27,eligible,
45933392,abc319_d,data/external/ConDefects/Code/abc319_d/Python/45933392/faultyVersion.py,data/external/ConDefects/Code/abc319_d/Python/45933392/correctVersion.py,data/external/ConDefects/Test/abc319_d,27,3.14.3,True,,,27,eligible,
45943488,abc319_d,data/external/ConDefects/Code/abc319_d/Python/45943488/faultyVersion.py,data/external/ConDefects/Code/abc319_d/Python/45943488/correctVersion.py,data/external/ConDefects/Test/abc319_d,24,3.14.3,True,,,24,ineligible,loc < 25 (minimum length floor is 25)
45944386,abc319_d,data/external/ConDefects/Code/abc319_d/Python/45944386/faultyVersion.py,data/external/ConDefects/Code/abc319_d/Python/45944386/correctVersion.py,data/external/ConDefects/Test/abc319_d,23,3.14.3,True,,,23,ineligible,loc < 25 (minimum length floor is 25)
45948664,abc319_d,data/external/ConDefects/Code/abc319_d/Python/45948664/faultyVersion.py,data/external/ConDefects/Code/abc319_d/Python/45948664/correctVersion.py,data/external/ConDefects/Test/abc319_d,34,3.14.3,True,,,34,eligible,
45968743,abc319_d,data/external/ConDefects/Code/abc319_d/Python/45968743/faultyVersion.py,data/external/ConDefects/Code/abc319_d/Python/45968743/correctVersion.py,data/external/ConDefects/Test/abc319_d,146,3.14.3,True,,,146,eligible,
45993248,abc319_d,data/external/ConDefects/Code/abc319_d/Python/45993248/faultyVersion.py,data/external/ConDefects/Code/abc319_d/Python/45993248/correctVersion.py,data/external/ConDefects/Test/abc319_d,53,3.14.3,True,,,53,eligible,
46138292,abc319_d,data/external/ConDefects/Code/abc319_d/Python/46138292/faultyVersion.py,data/external/ConDefects/Code/abc319_d/Python/46138292/correctVersion.py,data/external/ConDefects/Test/abc319_d,45,3.14.3,True,,,45,eligible,
46172725,abc319_d,data/external/ConDefects/Code/abc319_d/Python/46172725/faultyVersion.py,data/external/ConDefects/Code/abc319_d/Python/46172725/correctVersion.py,data/external/ConDefects/Test/abc319_d,22,3.14.3,True,,,22,ineligible,loc < 25 (minimum length floor is 25)
46194473,abc319_d,data/external/ConDefects/Code/abc319_d/Python/46194473/faultyVersion.py,data/external/ConDefects/Code/abc319_d/Python/46194473/correctVersion.py,data/external/ConDefects/Test/abc319_d,93,3.14.3,True,,,93,eligible,
45769357,abc319_f,data/external/ConDefects/Code/abc319_f/Python/45769357/faultyVersion.py,data/external/ConDefects/Code/abc319_f/Python/45769357/correctVersion.py,data/external/ConDefects/Test/abc319_f,80,3.14.3,True,,,80,eligible,
45777946,abc319_f,data/external/ConDefects/Code/abc319_f/Python/45777946/faultyVersion.py,data/external/ConDefects/Code/abc319_f/Python/45777946/correctVersion.py,data/external/ConDefects/Test/abc319_f,64,3.14.3,True,,,64,ineligible,multiple independent faults
46211313,abc319_g,data/external/ConDefects/Code/abc319_g/Python/46211313/faultyVersion.py,data/external/ConDefects/Code/abc319_g/Python/46211313/correctVersion.py,data/external/ConDefects/Test/abc319_g,46,3.14.3,True,,,46,ineligible,multiple independent faults
55169721,abc320_a,data/external/ConDefects/Code/abc320_a/Python/55169721/faultyVersion.py,data/external/ConDefects/Code/abc320_a/Python/55169721/correctVersion.py,data/external/ConDefects/Test/abc320_a,4,3.14.3,True,,,4,ineligible,loc < 25 (minimum length floor is 25)
54242807,abc320_b,data/external/ConDefects/Code/abc320_b/Python/54242807/faultyVersion.py,data/external/ConDefects/Code/abc320_b/Python/54242807/correctVersion.py,data/external/ConDefects/Test/abc320_b,7,3.14.3,True,,,7,ineligible,loc < 25 (minimum length floor is 25)
54243171,abc320_b,data/external/ConDefects/Code/abc320_b/Python/54243171/faultyVersion.py,data/external/ConDefects/Code/abc320_b/Python/54243171/correctVersion.py,data/external/ConDefects/Test/abc320_b,9,3.14.3,True,,,9,ineligible,loc < 25 (minimum length floor is 25)
54935207,abc320_b,data/external/ConDefects/Code/abc320_b/Python/54935207/faultyVersion.py,data/external/ConDefects/Code/abc320_b/Python/54935207/correctVersion.py,data/external/ConDefects/Test/abc320_b,13,3.14.3,True,,,13,ineligible,loc < 25 (minimum length floor is 25)
54975112,abc320_b,data/external/ConDefects/Code/abc320_b/Python/54975112/faultyVersion.py,data/external/ConDefects/Code/abc320_b/Python/54975112/correctVersion.py,data/external/ConDefects/Test/abc320_b,9,3.14.3,True,,,9,ineligible,loc < 25 (minimum length floor is 25)
55010802,abc320_c,data/external/ConDefects/Code/abc320_c/Python/55010802/faultyVersion.py,data/external/ConDefects/Code/abc320_c/Python/55010802/correctVersion.py,data/external/ConDefects/Test/abc320_c,70,3.14.3,True,,,70,eligible,
54919763,abc320_d,data/external/ConDefects/Code/abc320_d/Python/54919763/faultyVersion.py,data/external/ConDefects/Code/abc320_d/Python/54919763/correctVersion.py,data/external/ConDefects/Test/abc320_d,33,3.14.3,True,,,33,eligible,
46034926,abc320_f,data/external/ConDefects/Code/abc320_f/Python/46034926/faultyVersion.py,data/external/ConDefects/Code/abc320_f/Python/46034926/correctVersion.py,data/external/ConDefects/Test/abc320_f,42,3.14.3,True,,,42,eligible,
47539324,abc320_f,data/external/ConDefects/Code/abc320_f/Python/47539324/faultyVersion.py,data/external/ConDefects/Code/abc320_f/Python/47539324/correctVersion.py,data/external/ConDefects/Test/abc320_f,68,3.14.3,True,,,68,eligible,
48703794,abc320_f,data/external/ConDefects/Code/abc320_f/Python/48703794/faultyVersion.py,data/external/ConDefects/Code/abc320_f/Python/48703794/correctVersion.py,data/external/ConDefects/Test/abc320_f,38,3.14.3,True,,,38,eligible,
51972231,abc320_f,data/external/ConDefects/Code/abc320_f/Python/51972231/faultyVersion.py,data/external/ConDefects/Code/abc320_f/Python/51972231/correctVersion.py,data/external/ConDefects/Test/abc320_f,141,3.14.3,True,,,141,eligible,
45654657,abc320_g,data/external/ConDefects/Code/abc320_g/Python/45654657/faultyVersion.py,data/external/ConDefects/Code/abc320_g/Python/45654657/correctVersion.py,data/external/ConDefects/Test/abc320_g,118,3.14.3,True,,,118,eligible,
45748637,abc320_g,data/external/ConDefects/Code/abc320_g/Python/45748637/faultyVersion.py,data/external/ConDefects/Code/abc320_g/Python/45748637/correctVersion.py,data/external/ConDefects/Test/abc320_g,188,3.14.3,True,,,188,ineligible,multiple independent faults
54518297,abc321_a,data/external/ConDefects/Code/abc321_a/Python/54518297/faultyVersion.py,data/external/ConDefects/Code/abc321_a/Python/54518297/correctVersion.py,data/external/ConDefects/Test/abc321_a,13,3.14.3,True,,,13,ineligible,loc < 25 (minimum length floor is 25)
54713012,abc321_a,data/external/ConDefects/Code/abc321_a/Python/54713012/faultyVersion.py,data/external/ConDefects/Code/abc321_a/Python/54713012/correctVersion.py,data/external/ConDefects/Test/abc321_a,9,3.14.3,True,,,9,ineligible,loc < 25 (minimum length floor is 25)
54737873,abc321_a,data/external/ConDefects/Code/abc321_a/Python/54737873/faultyVersion.py,data/external/ConDefects/Code/abc321_a/Python/54737873/correctVersion.py,data/external/ConDefects/Test/abc321_a,13,3.14.3,True,,,13,ineligible,loc < 25 (minimum length floor is 25)
54748224,abc321_a,data/external/ConDefects/Code/abc321_a/Python/54748224/faultyVersion.py,data/external/ConDefects/Code/abc321_a/Python/54748224/correctVersion.py,data/external/ConDefects/Test/abc321_a,9,3.14.3,True,,,9,ineligible,loc < 25 (minimum length floor is 25)
55156013,abc321_a,data/external/ConDefects/Code/abc321_a/Python/55156013/faultyVersion.py,data/external/ConDefects/Code/abc321_a/Python/55156013/correctVersion.py,data/external/ConDefects/Test/abc321_a,13,3.14.3,True,,,13,ineligible,loc < 25 (minimum length floor is 25)
54705590,abc321_b,data/external/ConDefects/Code/abc321_b/Python/54705590/faultyVersion.py,data/external/ConDefects/Code/abc321_b/Python/54705590/correctVersion.py,data/external/ConDefects/Test/abc321_b,15,3.14.3,True,,,15,ineligible,loc < 25 (minimum length floor is 25)
54748415,abc321_b,data/external/ConDefects/Code/abc321_b/Python/54748415/faultyVersion.py,data/external/ConDefects/Code/abc321_b/Python/54748415/correctVersion.py,data/external/ConDefects/Test/abc321_b,10,3.14.3,True,,,10,ineligible,loc < 25 (minimum length floor is 25)
55168667,abc321_b,data/external/ConDefects/Code/abc321_b/Python/55168667/faultyVersion.py,data/external/ConDefects/Code/abc321_b/Python/55168667/correctVersion.py,data/external/ConDefects/Test/abc321_b,25,3.14.3,True,,,25,eligible,
54470617,abc321_d,data/external/ConDefects/Code/abc321_d/Python/54470617/faultyVersion.py,data/external/ConDefects/Code/abc321_d/Python/54470617/correctVersion.py,data/external/ConDefects/Test/abc321_d,16,3.14.3,True,,,16,ineligible,loc < 25 (minimum length floor is 25)
54658079,abc321_e,data/external/ConDefects/Code/abc321_e/Python/54658079/faultyVersion.py,data/external/ConDefects/Code/abc321_e/Python/54658079/correctVersion.py,data/external/ConDefects/Test/abc321_e,36,3.14.3,True,,,36,eligible,
54658110,abc321_e,data/external/ConDefects/Code/abc321_e/Python/54658110/faultyVersion.py,data/external/ConDefects/Code/abc321_e/Python/54658110/correctVersion.py,data/external/ConDefects/Test/abc321_e,36,3.14.3,True,,,36,eligible,
50281141,abc321_f,data/external/ConDefects/Code/abc321_f/Python/50281141/faultyVersion.py,data/external/ConDefects/Code/abc321_f/Python/50281141/correctVersion.py,data/external/ConDefects/Test/abc321_f,15,3.14.3,True,,,15,ineligible,loc < 25 (minimum length floor is 25)
50314783,abc321_f,data/external/ConDefects/Code/abc321_f/Python/50314783/faultyVersion.py,data/external/ConDefects/Code/abc321_f/Python/50314783/correctVersion.py,data/external/ConDefects/Test/abc321_f,32,3.14.3,True,,,32,eligible,
52979507,abc321_f,data/external/ConDefects/Code/abc321_f/Python/52979507/faultyVersion.py,data/external/ConDefects/Code/abc321_f/Python/52979507/correctVersion.py,data/external/ConDefects/Test/abc321_f,22,3.14.3,True,,,22,ineligible,loc < 25 (minimum length floor is 25)
45920869,abc321_g,data/external/ConDefects/Code/abc321_g/Python/45920869/faultyVersion.py,data/external/ConDefects/Code/abc321_g/Python/45920869/correctVersion.py,data/external/ConDefects/Test/abc321_g,9,3.14.3,True,,,9,ineligible,loc < 25 (minimum length floor is 25)
46192605,abc322_a,data/external/ConDefects/Code/abc322_a/Python/46192605/faultyVersion.py,data/external/ConDefects/Code/abc322_a/Python/46192605/correctVersion.py,data/external/ConDefects/Test/abc322_a,2,3.14.3,True,,,2,ineligible,loc < 25 (minimum length floor is 25)
46196055,abc322_a,data/external/ConDefects/Code/abc322_a/Python/46196055/faultyVersion.py,data/external/ConDefects/Code/abc322_a/Python/46196055/correctVersion.py,data/external/ConDefects/Test/abc322_a,7,3.14.3,True,,,7,ineligible,loc < 25 (minimum length floor is 25)
46197070,abc322_a,data/external/ConDefects/Code/abc322_a/Python/46197070/faultyVersion.py,data/external/ConDefects/Code/abc322_a/Python/46197070/correctVersion.py,data/external/ConDefects/Test/abc322_a,3,3.14.3,True,,,3,ineligible,loc < 25 (minimum length floor is 25)
46206505,abc322_a,data/external/ConDefects/Code/abc322_a/Python/46206505/faultyVersion.py,data/external/ConDefects/Code/abc322_a/Python/46206505/correctVersion.py,data/external/ConDefects/Test/abc322_a,8,3.14.3,True,,,8,ineligible,loc < 25 (minimum length floor is 25)
46206584,abc322_a,data/external/ConDefects/Code/abc322_a/Python/46206584/faultyVersion.py,data/external/ConDefects/Code/abc322_a/Python/46206584/correctVersion.py,data/external/ConDefects/Test/abc322_a,15,3.14.3,True,,,15,ineligible,loc < 25 (minimum length floor is 25)
46209873,abc322_a,data/external/ConDefects/Code/abc322_a/Python/46209873/faultyVersion.py,data/external/ConDefects/Code/abc322_a/Python/46209873/correctVersion.py,data/external/ConDefects/Test/abc322_a,3,3.14.3,True,,,3,ineligible,loc < 25 (minimum length floor is 25)
46216132,abc322_a,data/external/ConDefects/Code/abc322_a/Python/46216132/faultyVersion.py,data/external/ConDefects/Code/abc322_a/Python/46216132/correctVersion.py,data/external/ConDefects/Test/abc322_a,1,3.14.3,True,,,1,ineligible,loc < 25 (minimum length floor is 25)
46216252,abc322_a,data/external/ConDefects/Code/abc322_a/Python/46216252/faultyVersion.py,data/external/ConDefects/Code/abc322_a/Python/46216252/correctVersion.py,data/external/ConDefects/Test/abc322_a,1,3.14.3,True,,,1,ineligible,loc < 25 (minimum length floor is 25)
46216512,abc322_a,data/external/ConDefects/Code/abc322_a/Python/46216512/faultyVersion.py,data/external/ConDefects/Code/abc322_a/Python/46216512/correctVersion.py,data/external/ConDefects/Test/abc322_a,1,3.14.3,True,,,1,ineligible,loc < 25 (minimum length floor is 25)
46216926,abc322_a,data/external/ConDefects/Code/abc322_a/Python/46216926/faultyVersion.py,data/external/ConDefects/Code/abc322_a/Python/46216926/correctVersion.py,data/external/ConDefects/Test/abc322_a,1,3.14.3,True,,,1,ineligible,loc < 25 (minimum length floor is 25)
54685843,abc322_a,data/external/ConDefects/Code/abc322_a/Python/54685843/faultyVersion.py,data/external/ConDefects/Code/abc322_a/Python/54685843/correctVersion.py,data/external/ConDefects/Test/abc322_a,6,3.14.3,True,,,6,ineligible,loc < 25 (minimum length floor is 25)
54895050,abc322_a,data/external/ConDefects/Code/abc322_a/Python/54895050/faultyVersion.py,data/external/ConDefects/Code/abc322_a/Python/54895050/correctVersion.py,data/external/ConDefects/Test/abc322_a,9,3.14.3,True,,,9,ineligible,loc < 25 (minimum length floor is 25)
55169673,abc322_a,data/external/ConDefects/Code/abc322_a/Python/55169673/faultyVersion.py,data/external/ConDefects/Code/abc322_a/Python/55169673/correctVersion.py,data/external/ConDefects/Test/abc322_a,10,3.14.3,True,,,10,ineligible,loc < 25 (minimum length floor is 25)
46194153,abc322_b,data/external/ConDefects/Code/abc322_b/Python/46194153/faultyVersion.py,data/external/ConDefects/Code/abc322_b/Python/46194153/correctVersion.py,data/external/ConDefects/Test/abc322_b,15,3.14.3,True,,,15,ineligible,loc < 25 (minimum length floor is 25)
46196763,abc322_b,data/external/ConDefects/Code/abc322_b/Python/46196763/faultyVersion.py,data/external/ConDefects/Code/abc322_b/Python/46196763/correctVersion.py,data/external/ConDefects/Test/abc322_b,26,3.14.3,True,,,26,eligible,
46203055,abc322_b,data/external/ConDefects/Code/abc322_b/Python/46203055/faultyVersion.py,data/external/ConDefects/Code/abc322_b/Python/46203055/correctVersion.py,data/external/ConDefects/Test/abc322_b,19,3.14.3,True,,,19,ineligible,loc < 25 (minimum length floor is 25)
46203237,abc322_b,data/external/ConDefects/Code/abc322_b/Python/46203237/faultyVersion.py,data/external/ConDefects/Code/abc322_b/Python/46203237/correctVersion.py,data/external/ConDefects/Test/abc322_b,14,3.14.3,True,,,14,ineligible,loc < 25 (minimum length floor is 25)
46209097,abc322_b,data/external/ConDefects/Code/abc322_b/Python/46209097/faultyVersion.py,data/external/ConDefects/Code/abc322_b/Python/46209097/correctVersion.py,data/external/ConDefects/Test/abc322_b,9,3.14.3,True,,,9,ineligible,loc < 25 (minimum length floor is 25)
54506289,abc322_b,data/external/ConDefects/Code/abc322_b/Python/54506289/faultyVersion.py,data/external/ConDefects/Code/abc322_b/Python/54506289/correctVersion.py,data/external/ConDefects/Test/abc322_b,12,3.14.3,True,,,12,ineligible,loc < 25 (minimum length floor is 25)
54956037,abc322_b,data/external/ConDefects/Code/abc322_b/Python/54956037/faultyVersion.py,data/external/ConDefects/Code/abc322_b/Python/54956037/correctVersion.py,data/external/ConDefects/Test/abc322_b,12,3.14.3,True,,,12,ineligible,loc < 25 (minimum length floor is 25)
55147125,abc322_b,data/external/ConDefects/Code/abc322_b/Python/55147125/faultyVersion.py,data/external/ConDefects/Code/abc322_b/Python/55147125/correctVersion.py,data/external/ConDefects/Test/abc322_b,13,3.14.3,True,,,13,ineligible,loc < 25 (minimum length floor is 25)
55147333,abc322_b,data/external/ConDefects/Code/abc322_b/Python/55147333/faultyVersion.py,data/external/ConDefects/Code/abc322_b/Python/55147333/correctVersion.py,data/external/ConDefects/Test/abc322_b,20,3.14.3,True,,,20,ineligible,loc < 25 (minimum length floor is 25)
46201794,abc322_c,data/external/ConDefects/Code/abc322_c/Python/46201794/faultyVersion.py,data/external/ConDefects/Code/abc322_c/Python/46201794/correctVersion.py,data/external/ConDefects/Test/abc322_c,9,3.14.3,True,,,9,ineligible,loc < 25 (minimum length floor is 25)
46190250,abc322_d,data/external/ConDefects/Code/abc322_d/Python/46190250/faultyVersion.py,data/external/ConDefects/Code/abc322_d/Python/46190250/correctVersion.py,data/external/ConDefects/Test/abc322_d,78,3.14.3,True,,,78,eligible,
53313253,abc322_d,data/external/ConDefects/Code/abc322_d/Python/53313253/faultyVersion.py,data/external/ConDefects/Code/abc322_d/Python/53313253/correctVersion.py,data/external/ConDefects/Test/abc322_d,143,3.14.3,True,,,143,eligible,
53004931,abc322_e,data/external/ConDefects/Code/abc322_e/Python/53004931/faultyVersion.py,data/external/ConDefects/Code/abc322_e/Python/53004931/correctVersion.py,data/external/ConDefects/Test/abc322_e,43,3.14.3,True,,,43,eligible,
53314219,abc322_e,data/external/ConDefects/Code/abc322_e/Python/53314219/faultyVersion.py,data/external/ConDefects/Code/abc322_e/Python/53314219/correctVersion.py,data/external/ConDefects/Test/abc322_e,22,3.14.3,True,,,22,ineligible,loc < 25 (minimum length floor is 25)
52703822,abc322_f,data/external/ConDefects/Code/abc322_f/Python/52703822/faultyVersion.py,data/external/ConDefects/Code/abc322_f/Python/52703822/correctVersion.py,data/external/ConDefects/Test/abc322_f,183,3.14.3,True,,,183,eligible,
54475716,abc323_a,data/external/ConDefects/Code/abc323_a/Python/54475716/faultyVersion.py,data/external/ConDefects/Code/abc323_a/Python/54475716/correctVersion.py,data/external/ConDefects/Test/abc323_a,7,3.14.3,True,,,7,ineligible,loc < 25 (minimum length floor is 25)
54486886,abc323_a,data/external/ConDefects/Code/abc323_a/Python/54486886/faultyVersion.py,data/external/ConDefects/Code/abc323_a/Python/54486886/correctVersion.py,data/external/ConDefects/Test/abc323_a,12,3.14.3,True,,,12,ineligible,loc < 25 (minimum length floor is 25)
54490439,abc323_a,data/external/ConDefects/Code/abc323_a/Python/54490439/faultyVersion.py,data/external/ConDefects/Code/abc323_a/Python/54490439/correctVersion.py,data/external/ConDefects/Test/abc323_a,7,3.14.3,True,,,7,ineligible,loc < 25 (minimum length floor is 25)
54513324,abc323_a,data/external/ConDefects/Code/abc323_a/Python/54513324/faultyVersion.py,data/external/ConDefects/Code/abc323_a/Python/54513324/correctVersion.py,data/external/ConDefects/Test/abc323_a,17,3.14.3,True,,,17,ineligible,loc < 25 (minimum length floor is 25)
54767961,abc323_a,data/external/ConDefects/Code/abc323_a/Python/54767961/faultyVersion.py,data/external/ConDefects/Code/abc323_a/Python/54767961/correctVersion.py,data/external/ConDefects/Test/abc323_a,7,3.14.3,True,,,7,ineligible,loc < 25 (minimum length floor is 25)
54934224,abc323_a,data/external/ConDefects/Code/abc323_a/Python/54934224/faultyVersion.py,data/external/ConDefects/Code/abc323_a/Python/54934224/correctVersion.py,data/external/ConDefects/Test/abc323_a,7,3.14.3,True,,,7,ineligible,loc < 25 (minimum length floor is 25)
54970529,abc323_a,data/external/ConDefects/Code/abc323_a/Python/54970529/faultyVersion.py,data/external/ConDefects/Code/abc323_a/Python/54970529/correctVersion.py,data/external/ConDefects/Test/abc323_a,10,3.14.3,True,,,10,ineligible,loc < 25 (minimum length floor is 25)
54226184,abc323_b,data/external/ConDefects/Code/abc323_b/Python/54226184/faultyVersion.py,data/external/ConDefects/Code/abc323_b/Python/54226184/correctVersion.py,data/external/ConDefects/Test/abc323_b,17,3.14.3,True,,,17,ineligible,loc < 25 (minimum length floor is 25)
54238360,abc323_b,data/external/ConDefects/Code/abc323_b/Python/54238360/faultyVersion.py,data/external/ConDefects/Code/abc323_b/Python/54238360/correctVersion.py,data/external/ConDefects/Test/abc323_b,37,3.14.3,True,,,37,ineligible,multiple independent faults
54780741,abc323_b,data/external/ConDefects/Code/abc323_b/Python/54780741/faultyVersion.py,data/external/ConDefects/Code/abc323_b/Python/54780741/correctVersion.py,data/external/ConDefects/Test/abc323_b,15,3.14.3,True,,,15,ineligible,loc < 25 (minimum length floor is 25)
54308429,abc323_c,data/external/ConDefects/Code/abc323_c/Python/54308429/faultyVersion.py,data/external/ConDefects/Code/abc323_c/Python/54308429/correctVersion.py,data/external/ConDefects/Test/abc323_c,33,3.14.3,True,,,33,eligible,
54680187,abc323_c,data/external/ConDefects/Code/abc323_c/Python/54680187/faultyVersion.py,data/external/ConDefects/Code/abc323_c/Python/54680187/correctVersion.py,data/external/ConDefects/Test/abc323_c,53,3.14.3,True,,,53,eligible,
54745257,abc323_c,data/external/ConDefects/Code/abc323_c/Python/54745257/faultyVersion.py,data/external/ConDefects/Code/abc323_c/Python/54745257/correctVersion.py,data/external/ConDefects/Test/abc323_c,27,3.14.3,True,,,27,eligible,
54930796,abc323_c,data/external/ConDefects/Code/abc323_c/Python/54930796/faultyVersion.py,data/external/ConDefects/Code/abc323_c/Python/54930796/correctVersion.py,data/external/ConDefects/Test/abc323_c,25,3.14.3,True,,,25,eligible,
50030718,abc323_f,data/external/ConDefects/Code/abc323_f/Python/50030718/faultyVersion.py,data/external/ConDefects/Code/abc323_f/Python/50030718/correctVersion.py,data/external/ConDefects/Test/abc323_f,1400,3.14.3,True,,,1400,ineligible,loc > 300 (maximum length ceiling is 300)
50223990,abc323_f,data/external/ConDefects/Code/abc323_f/Python/50223990/faultyVersion.py,data/external/ConDefects/Code/abc323_f/Python/50223990/correctVersion.py,data/external/ConDefects/Test/abc323_f,67,3.14.3,True,,,67,ineligible,multi-line fault — excluded by v2 single-line filter
50628101,abc323_f,data/external/ConDefects/Code/abc323_f/Python/50628101/faultyVersion.py,data/external/ConDefects/Code/abc323_f/Python/50628101/correctVersion.py,data/external/ConDefects/Test/abc323_f,71,3.14.3,True,,,71,eligible,
53065562,abc323_f,data/external/ConDefects/Code/abc323_f/Python/53065562/faultyVersion.py,data/external/ConDefects/Code/abc323_f/Python/53065562/correctVersion.py,data/external/ConDefects/Test/abc323_f,35,3.14.3,True,,,35,ineligible,multi-line fault — excluded by v2 single-line filter
54455002,abc324_a,data/external/ConDefects/Code/abc324_a/Python/54455002/faultyVersion.py,data/external/ConDefects/Code/abc324_a/Python/54455002/correctVersion.py,data/external/ConDefects/Test/abc324_a,3,3.14.3,True,,,3,ineligible,loc < 25 (minimum length floor is 25)
54513764,abc324_a,data/external/ConDefects/Code/abc324_a/Python/54513764/faultyVersion.py,data/external/ConDefects/Code/abc324_a/Python/54513764/correctVersion.py,data/external/ConDefects/Test/abc324_a,9,3.14.3,True,,,9,ineligible,loc < 25 (minimum length floor is 25)
54903435,abc324_b,data/external/ConDefects/Code/abc324_b/Python/54903435/faultyVersion.py,data/external/ConDefects/Code/abc324_b/Python/54903435/correctVersion.py,data/external/ConDefects/Test/abc324_b,9,3.14.3,True,,,9,ineligible,loc < 25 (minimum length floor is 25)
54981446,abc324_b,data/external/ConDefects/Code/abc324_b/Python/54981446/faultyVersion.py,data/external/ConDefects/Code/abc324_b/Python/54981446/correctVersion.py,data/external/ConDefects/Test/abc324_b,4,3.14.3,True,,,4,ineligible,loc < 25 (minimum length floor is 25)
54985902,abc324_b,data/external/ConDefects/Code/abc324_b/Python/54985902/faultyVersion.py,data/external/ConDefects/Code/abc324_b/Python/54985902/correctVersion.py,data/external/ConDefects/Test/abc324_b,9,3.14.3,True,,,9,ineligible,loc < 25 (minimum length floor is 25)
53028745,abc324_d,data/external/ConDefects/Code/abc324_d/Python/53028745/faultyVersion.py,data/external/ConDefects/Code/abc324_d/Python/53028745/correctVersion.py,data/external/ConDefects/Test/abc324_d,18,3.14.3,True,,,18,ineligible,loc < 25 (minimum length floor is 25)
53183863,abc324_d,data/external/ConDefects/Code/abc324_d/Python/53183863/faultyVersion.py,data/external/ConDefects/Code/abc324_d/Python/53183863/correctVersion.py,data/external/ConDefects/Test/abc324_d,14,3.14.3,True,,,14,ineligible,loc < 25 (minimum length floor is 25)
53944042,abc324_d,data/external/ConDefects/Code/abc324_d/Python/53944042/faultyVersion.py,data/external/ConDefects/Code/abc324_d/Python/53944042/correctVersion.py,data/external/ConDefects/Test/abc324_d,21,3.14.3,True,,,21,ineligible,loc < 25 (minimum length floor is 25)
53953051,abc324_d,data/external/ConDefects/Code/abc324_d/Python/53953051/faultyVersion.py,data/external/ConDefects/Code/abc324_d/Python/53953051/correctVersion.py,data/external/ConDefects/Test/abc324_d,34,3.14.3,True,,,34,eligible,
54149573,abc324_d,data/external/ConDefects/Code/abc324_d/Python/54149573/faultyVersion.py,data/external/ConDefects/Code/abc324_d/Python/54149573/correctVersion.py,data/external/ConDefects/Test/abc324_d,24,3.14.3,True,,,24,ineligible,loc < 25 (minimum length floor is 25)
54390162,abc324_d,data/external/ConDefects/Code/abc324_d/Python/54390162/faultyVersion.py,data/external/ConDefects/Code/abc324_d/Python/54390162/correctVersion.py,data/external/ConDefects/Test/abc324_d,55,3.14.3,True,,,55,eligible,
54432109,abc324_d,data/external/ConDefects/Code/abc324_d/Python/54432109/faultyVersion.py,data/external/ConDefects/Code/abc324_d/Python/54432109/correctVersion.py,data/external/ConDefects/Test/abc324_d,28,3.14.3,True,,,28,eligible,
54739961,abc324_d,data/external/ConDefects/Code/abc324_d/Python/54739961/faultyVersion.py,data/external/ConDefects/Code/abc324_d/Python/54739961/correctVersion.py,data/external/ConDefects/Test/abc324_d,43,3.14.3,True,,,43,eligible,
54743756,abc324_d,data/external/ConDefects/Code/abc324_d/Python/54743756/faultyVersion.py,data/external/ConDefects/Code/abc324_d/Python/54743756/correctVersion.py,data/external/ConDefects/Test/abc324_d,18,3.14.3,True,,,18,ineligible,loc < 25 (minimum length floor is 25)
54958173,abc324_d,data/external/ConDefects/Code/abc324_d/Python/54958173/faultyVersion.py,data/external/ConDefects/Code/abc324_d/Python/54958173/correctVersion.py,data/external/ConDefects/Test/abc324_d,22,3.14.3,True,,,22,ineligible,loc < 25 (minimum length floor is 25)
52742757,abc324_e,data/external/ConDefects/Code/abc324_e/Python/52742757/faultyVersion.py,data/external/ConDefects/Code/abc324_e/Python/52742757/correctVersion.py,data/external/ConDefects/Test/abc324_e,27,3.14.3,True,,,27,eligible,
52629689,abc324_g,data/external/ConDefects/Code/abc324_g/Python/52629689/faultyVersion.py,data/external/ConDefects/Code/abc324_g/Python/52629689/correctVersion.py,data/external/ConDefects/Test/abc324_g,259,3.14.3,True,,,259,ineligible,multi-line fault — excluded by v2 single-line filter
54458696,abc325_a,data/external/ConDefects/Code/abc325_a/Python/54458696/faultyVersion.py,data/external/ConDefects/Code/abc325_a/Python/54458696/correctVersion.py,data/external/ConDefects/Test/abc325_a,2,3.14.3,True,,,2,ineligible,loc < 25 (minimum length floor is 25)
54463664,abc325_a,data/external/ConDefects/Code/abc325_a/Python/54463664/faultyVersion.py,data/external/ConDefects/Code/abc325_a/Python/54463664/correctVersion.py,data/external/ConDefects/Test/abc325_a,2,3.14.3,True,,,2,ineligible,loc < 25 (minimum length floor is 25)
54471524,abc325_a,data/external/ConDefects/Code/abc325_a/Python/54471524/faultyVersion.py,data/external/ConDefects/Code/abc325_a/Python/54471524/correctVersion.py,data/external/ConDefects/Test/abc325_a,2,3.14.3,True,,,2,ineligible,loc < 25 (minimum length floor is 25)
54237927,abc325_b,data/external/ConDefects/Code/abc325_b/Python/54237927/faultyVersion.py,data/external/ConDefects/Code/abc325_b/Python/54237927/correctVersion.py,data/external/ConDefects/Test/abc325_b,17,3.14.3,True,,,17,ineligible,loc < 25 (minimum length floor is 25)
54669093,abc325_b,data/external/ConDefects/Code/abc325_b/Python/54669093/faultyVersion.py,data/external/ConDefects/Code/abc325_b/Python/54669093/correctVersion.py,data/external/ConDefects/Test/abc325_b,20,3.14.3,True,,,20,ineligible,loc < 25 (minimum length floor is 25)
54778964,abc325_b,data/external/ConDefects/Code/abc325_b/Python/54778964/faultyVersion.py,data/external/ConDefects/Code/abc325_b/Python/54778964/correctVersion.py,data/external/ConDefects/Test/abc325_b,18,3.14.3,True,,,18,ineligible,loc < 25 (minimum length floor is 25)
54888009,abc325_b,data/external/ConDefects/Code/abc325_b/Python/54888009/faultyVersion.py,data/external/ConDefects/Code/abc325_b/Python/54888009/correctVersion.py,data/external/ConDefects/Test/abc325_b,11,3.14.3,True,,,11,ineligible,loc < 25 (minimum length floor is 25)
54452348,abc325_c,data/external/ConDefects/Code/abc325_c/Python/54452348/faultyVersion.py,data/external/ConDefects/Code/abc325_c/Python/54452348/correctVersion.py,data/external/ConDefects/Test/abc325_c,114,3.14.3,True,,,114,eligible,
52936269,abc325_d,data/external/ConDefects/Code/abc325_d/Python/52936269/faultyVersion.py,data/external/ConDefects/Code/abc325_d/Python/52936269/correctVersion.py,data/external/ConDefects/Test/abc325_d,34,3.14.3,True,,,34,eligible,
53458224,abc325_d,data/external/ConDefects/Code/abc325_d/Python/53458224/faultyVersion.py,data/external/ConDefects/Code/abc325_d/Python/53458224/correctVersion.py,data/external/ConDefects/Test/abc325_d,23,3.14.3,True,,,23,ineligible,loc < 25 (minimum length floor is 25)
53574782,abc325_d,data/external/ConDefects/Code/abc325_d/Python/53574782/faultyVersion.py,data/external/ConDefects/Code/abc325_d/Python/53574782/correctVersion.py,data/external/ConDefects/Test/abc325_d,30,3.14.3,True,,,30,eligible,
47165263,abc325_f,data/external/ConDefects/Code/abc325_f/Python/47165263/faultyVersion.py,data/external/ConDefects/Code/abc325_f/Python/47165263/correctVersion.py,data/external/ConDefects/Test/abc325_f,50,3.14.3,True,,,50,eligible,
47205844,abc325_f,data/external/ConDefects/Code/abc325_f/Python/47205844/faultyVersion.py,data/external/ConDefects/Code/abc325_f/Python/47205844/correctVersion.py,data/external/ConDefects/Test/abc325_f,83,3.14.3,True,,,83,eligible,
47320684,abc325_f,data/external/ConDefects/Code/abc325_f/Python/47320684/faultyVersion.py,data/external/ConDefects/Code/abc325_f/Python/47320684/correctVersion.py,data/external/ConDefects/Test/abc325_f,30,3.14.3,True,,,30,eligible,
47338119,abc325_f,data/external/ConDefects/Code/abc325_f/Python/47338119/faultyVersion.py,data/external/ConDefects/Code/abc325_f/Python/47338119/correctVersion.py,data/external/ConDefects/Test/abc325_f,46,3.14.3,True,,,46,eligible,
49397229,abc325_f,data/external/ConDefects/Code/abc325_f/Python/49397229/faultyVersion.py,data/external/ConDefects/Code/abc325_f/Python/49397229/correctVersion.py,data/external/ConDefects/Test/abc325_f,33,3.14.3,True,,,33,ineligible,multiple independent faults
52623489,abc325_f,data/external/ConDefects/Code/abc325_f/Python/52623489/faultyVersion.py,data/external/ConDefects/Code/abc325_f/Python/52623489/correctVersion.py,data/external/ConDefects/Test/abc325_f,25,3.14.3,True,,,25,eligible,
46914169,abc325_g,data/external/ConDefects/Code/abc325_g/Python/46914169/faultyVersion.py,data/external/ConDefects/Code/abc325_g/Python/46914169/correctVersion.py,data/external/ConDefects/Test/abc325_g,30,3.14.3,True,,,30,eligible,
46924310,abc325_g,data/external/ConDefects/Code/abc325_g/Python/46924310/faultyVersion.py,data/external/ConDefects/Code/abc325_g/Python/46924310/correctVersion.py,data/external/ConDefects/Test/abc325_g,21,3.14.3,True,,,21,ineligible,loc < 25 (minimum length floor is 25)
47132370,abc325_g,data/external/ConDefects/Code/abc325_g/Python/47132370/faultyVersion.py,data/external/ConDefects/Code/abc325_g/Python/47132370/correctVersion.py,data/external/ConDefects/Test/abc325_g,19,3.14.3,True,,,19,ineligible,loc < 25 (minimum length floor is 25)
54490935,abc326_a,data/external/ConDefects/Code/abc326_a/Python/54490935/faultyVersion.py,data/external/ConDefects/Code/abc326_a/Python/54490935/correctVersion.py,data/external/ConDefects/Test/abc326_a,7,3.14.3,True,,,7,ineligible,loc < 25 (minimum length floor is 25)
54516500,abc326_a,data/external/ConDefects/Code/abc326_a/Python/54516500/faultyVersion.py,data/external/ConDefects/Code/abc326_a/Python/54516500/correctVersion.py,data/external/ConDefects/Test/abc326_a,13,3.14.3,True,,,13,ineligible,loc < 25 (minimum length floor is 25)
54727999,abc326_a,data/external/ConDefects/Code/abc326_a/Python/54727999/faultyVersion.py,data/external/ConDefects/Code/abc326_a/Python/54727999/correctVersion.py,data/external/ConDefects/Test/abc326_a,6,3.14.3,True,,,6,ineligible,loc < 25 (minimum length floor is 25)
54729093,abc326_a,data/external/ConDefects/Code/abc326_a/Python/54729093/faultyVersion.py,data/external/ConDefects/Code/abc326_a/Python/54729093/correctVersion.py,data/external/ConDefects/Test/abc326_a,2,3.14.3,True,,,2,ineligible,loc < 25 (minimum length floor is 25)
54933438,abc326_a,data/external/ConDefects/Code/abc326_a/Python/54933438/faultyVersion.py,data/external/ConDefects/Code/abc326_a/Python/54933438/correctVersion.py,data/external/ConDefects/Test/abc326_a,6,3.14.3,True,,,6,ineligible,loc < 25 (minimum length floor is 25)
54408960,abc326_b,data/external/ConDefects/Code/abc326_b/Python/54408960/faultyVersion.py,data/external/ConDefects/Code/abc326_b/Python/54408960/correctVersion.py,data/external/ConDefects/Test/abc326_b,10,3.14.3,True,,,10,ineligible,loc < 25 (minimum length floor is 25)
54706855,abc326_b,data/external/ConDefects/Code/abc326_b/Python/54706855/faultyVersion.py,data/external/ConDefects/Code/abc326_b/Python/54706855/correctVersion.py,data/external/ConDefects/Test/abc326_b,16,3.14.3,True,,,16,ineligible,loc < 25 (minimum length floor is 25)
54769546,abc326_b,data/external/ConDefects/Code/abc326_b/Python/54769546/faultyVersion.py,data/external/ConDefects/Code/abc326_b/Python/54769546/correctVersion.py,data/external/ConDefects/Test/abc326_b,6,3.14.3,True,,,6,ineligible,loc < 25 (minimum length floor is 25)
54935249,abc326_b,data/external/ConDefects/Code/abc326_b/Python/54935249/faultyVersion.py,data/external/ConDefects/Code/abc326_b/Python/54935249/correctVersion.py,data/external/ConDefects/Test/abc326_b,9,3.14.3,True,,,9,ineligible,loc < 25 (minimum length floor is 25)
55009435,abc326_b,data/external/ConDefects/Code/abc326_b/Python/55009435/faultyVersion.py,data/external/ConDefects/Code/abc326_b/Python/55009435/correctVersion.py,data/external/ConDefects/Test/abc326_b,11,3.14.3,True,,,11,ineligible,loc < 25 (minimum length floor is 25)
55135461,abc326_b,data/external/ConDefects/Code/abc326_b/Python/55135461/faultyVersion.py,data/external/ConDefects/Code/abc326_b/Python/55135461/correctVersion.py,data/external/ConDefects/Test/abc326_b,6,3.14.3,True,,,6,ineligible,loc < 25 (minimum length floor is 25)
54306688,abc326_c,data/external/ConDefects/Code/abc326_c/Python/54306688/faultyVersion.py,data/external/ConDefects/Code/abc326_c/Python/54306688/correctVersion.py,data/external/ConDefects/Test/abc326_c,8,3.14.3,True,,,8,ineligible,loc < 25 (minimum length floor is 25)
54400118,abc326_c,data/external/ConDefects/Code/abc326_c/Python/54400118/faultyVersion.py,data/external/ConDefects/Code/abc326_c/Python/54400118/correctVersion.py,data/external/ConDefects/Test/abc326_c,10,3.14.3,True,,,10,ineligible,loc < 25 (minimum length floor is 25)
54412817,abc326_c,data/external/ConDefects/Code/abc326_c/Python/54412817/faultyVersion.py,data/external/ConDefects/Code/abc326_c/Python/54412817/correctVersion.py,data/external/ConDefects/Test/abc326_c,12,3.14.3,True,,,12,ineligible,loc < 25 (minimum length floor is 25)
54454360,abc326_c,data/external/ConDefects/Code/abc326_c/Python/54454360/faultyVersion.py,data/external/ConDefects/Code/abc326_c/Python/54454360/correctVersion.py,data/external/ConDefects/Test/abc326_c,26,3.14.3,True,,,26,eligible,
54687593,abc326_c,data/external/ConDefects/Code/abc326_c/Python/54687593/faultyVersion.py,data/external/ConDefects/Code/abc326_c/Python/54687593/correctVersion.py,data/external/ConDefects/Test/abc326_c,13,3.14.3,True,,,13,ineligible,loc < 25 (minimum length floor is 25)
52271253,abc326_d,data/external/ConDefects/Code/abc326_d/Python/52271253/faultyVersion.py,data/external/ConDefects/Code/abc326_d/Python/52271253/correctVersion.py,data/external/ConDefects/Test/abc326_d,44,3.14.3,True,,,44,ineligible,multiple independent faults
52796362,abc326_d,data/external/ConDefects/Code/abc326_d/Python/52796362/faultyVersion.py,data/external/ConDefects/Code/abc326_d/Python/52796362/correctVersion.py,data/external/ConDefects/Test/abc326_d,139,3.14.3,True,,,139,eligible,
52906322,abc326_d,data/external/ConDefects/Code/abc326_d/Python/52906322/faultyVersion.py,data/external/ConDefects/Code/abc326_d/Python/52906322/correctVersion.py,data/external/ConDefects/Test/abc326_d,70,3.14.3,True,,,70,eligible,
53923236,abc326_d,data/external/ConDefects/Code/abc326_d/Python/53923236/faultyVersion.py,data/external/ConDefects/Code/abc326_d/Python/53923236/correctVersion.py,data/external/ConDefects/Test/abc326_d,74,3.14.3,True,,,74,eligible,
53955700,abc326_d,data/external/ConDefects/Code/abc326_d/Python/53955700/faultyVersion.py,data/external/ConDefects/Code/abc326_d/Python/53955700/correctVersion.py,data/external/ConDefects/Test/abc326_d,52,3.14.3,True,,,52,eligible,
54027090,abc326_d,data/external/ConDefects/Code/abc326_d/Python/54027090/faultyVersion.py,data/external/ConDefects/Code/abc326_d/Python/54027090/correctVersion.py,data/external/ConDefects/Test/abc326_d,31,3.14.3,True,,,31,ineligible,multiple independent faults
54403865,abc326_d,data/external/ConDefects/Code/abc326_d/Python/54403865/faultyVersion.py,data/external/ConDefects/Code/abc326_d/Python/54403865/correctVersion.py,data/external/ConDefects/Test/abc326_d,75,3.14.3,True,,,75,eligible,
54719711,abc326_f,data/external/ConDefects/Code/abc326_f/Python/54719711/faultyVersion.py,data/external/ConDefects/Code/abc326_f/Python/54719711/correctVersion.py,data/external/ConDefects/Test/abc326_f,56,3.14.3,True,,,56,eligible,
49041438,abc326_g,data/external/ConDefects/Code/abc326_g/Python/49041438/faultyVersion.py,data/external/ConDefects/Code/abc326_g/Python/49041438/correctVersion.py,data/external/ConDefects/Test/abc326_g,364,3.14.3,True,,,364,ineligible,loc > 300 (maximum length ceiling is 300)
54666524,abc327_a,data/external/ConDefects/Code/abc327_a/Python/54666524/faultyVersion.py,data/external/ConDefects/Code/abc327_a/Python/54666524/correctVersion.py,data/external/ConDefects/Test/abc327_a,8,3.14.3,True,,,8,ineligible,loc < 25 (minimum length floor is 25)
54677762,abc327_a,data/external/ConDefects/Code/abc327_a/Python/54677762/faultyVersion.py,data/external/ConDefects/Code/abc327_a/Python/54677762/correctVersion.py,data/external/ConDefects/Test/abc327_a,12,3.14.3,True,,,12,ineligible,loc < 25 (minimum length floor is 25)
54767724,abc327_a,data/external/ConDefects/Code/abc327_a/Python/54767724/faultyVersion.py,data/external/ConDefects/Code/abc327_a/Python/54767724/correctVersion.py,data/external/ConDefects/Test/abc327_a,8,3.14.3,True,,,8,ineligible,loc < 25 (minimum length floor is 25)
54966208,abc327_a,data/external/ConDefects/Code/abc327_a/Python/54966208/faultyVersion.py,data/external/ConDefects/Code/abc327_a/Python/54966208/correctVersion.py,data/external/ConDefects/Test/abc327_a,6,3.14.3,True,,,6,ineligible,loc < 25 (minimum length floor is 25)
54982866,abc327_a,data/external/ConDefects/Code/abc327_a/Python/54982866/faultyVersion.py,data/external/ConDefects/Code/abc327_a/Python/54982866/correctVersion.py,data/external/ConDefects/Test/abc327_a,7,3.14.3,True,,,7,ineligible,loc < 25 (minimum length floor is 25)
54666596,abc327_b,data/external/ConDefects/Code/abc327_b/Python/54666596/faultyVersion.py,data/external/ConDefects/Code/abc327_b/Python/54666596/correctVersion.py,data/external/ConDefects/Test/abc327_b,8,3.14.3,True,,,8,ineligible,loc < 25 (minimum length floor is 25)
54671379,abc327_b,data/external/ConDefects/Code/abc327_b/Python/54671379/faultyVersion.py,data/external/ConDefects/Code/abc327_b/Python/54671379/correctVersion.py,data/external/ConDefects/Test/abc327_b,10,3.14.3,True,,,10,ineligible,loc < 25 (minimum length floor is 25)
54706960,abc327_b,data/external/ConDefects/Code/abc327_b/Python/54706960/faultyVersion.py,data/external/ConDefects/Code/abc327_b/Python/54706960/correctVersion.py,data/external/ConDefects/Test/abc327_b,7,3.14.3,True,,,7,ineligible,loc < 25 (minimum length floor is 25)
54721670,abc327_b,data/external/ConDefects/Code/abc327_b/Python/54721670/faultyVersion.py,data/external/ConDefects/Code/abc327_b/Python/54721670/correctVersion.py,data/external/ConDefects/Test/abc327_b,8,3.14.3,True,,,8,ineligible,loc < 25 (minimum length floor is 25)
54757356,abc327_b,data/external/ConDefects/Code/abc327_b/Python/54757356/faultyVersion.py,data/external/ConDefects/Code/abc327_b/Python/54757356/correctVersion.py,data/external/ConDefects/Test/abc327_b,9,3.14.3,True,,,9,ineligible,loc < 25 (minimum length floor is 25)
54789222,abc327_b,data/external/ConDefects/Code/abc327_b/Python/54789222/faultyVersion.py,data/external/ConDefects/Code/abc327_b/Python/54789222/correctVersion.py,data/external/ConDefects/Test/abc327_b,7,3.14.3,True,,,7,ineligible,loc < 25 (minimum length floor is 25)
54881267,abc327_b,data/external/ConDefects/Code/abc327_b/Python/54881267/faultyVersion.py,data/external/ConDefects/Code/abc327_b/Python/54881267/correctVersion.py,data/external/ConDefects/Test/abc327_b,12,3.14.3,True,,,12,ineligible,loc < 25 (minimum length floor is 25)
54902111,abc327_b,data/external/ConDefects/Code/abc327_b/Python/54902111/faultyVersion.py,data/external/ConDefects/Code/abc327_b/Python/54902111/correctVersion.py,data/external/ConDefects/Test/abc327_b,7,3.14.3,True,,,7,ineligible,loc < 25 (minimum length floor is 25)
54929751,abc327_b,data/external/ConDefects/Code/abc327_b/Python/54929751/faultyVersion.py,data/external/ConDefects/Code/abc327_b/Python/54929751/correctVersion.py,data/external/ConDefects/Test/abc327_b,8,3.14.3,True,,,8,ineligible,loc < 25 (minimum length floor is 25)
55040351,abc327_b,data/external/ConDefects/Code/abc327_b/Python/55040351/faultyVersion.py,data/external/ConDefects/Code/abc327_b/Python/55040351/correctVersion.py,data/external/ConDefects/Test/abc327_b,8,3.14.3,True,,,8,ineligible,loc < 25 (minimum length floor is 25)
55043539,abc327_b,data/external/ConDefects/Code/abc327_b/Python/55043539/faultyVersion.py,data/external/ConDefects/Code/abc327_b/Python/55043539/correctVersion.py,data/external/ConDefects/Test/abc327_b,8,3.14.3,True,,,8,ineligible,loc < 25 (minimum length floor is 25)
55103874,abc327_b,data/external/ConDefects/Code/abc327_b/Python/55103874/faultyVersion.py,data/external/ConDefects/Code/abc327_b/Python/55103874/correctVersion.py,data/external/ConDefects/Test/abc327_b,8,3.14.3,True,,,8,ineligible,loc < 25 (minimum length floor is 25)
55112756,abc327_b,data/external/ConDefects/Code/abc327_b/Python/55112756/faultyVersion.py,data/external/ConDefects/Code/abc327_b/Python/55112756/correctVersion.py,data/external/ConDefects/Test/abc327_b,7,3.14.3,True,,,7,ineligible,loc < 25 (minimum length floor is 25)
55112773,abc327_b,data/external/ConDefects/Code/abc327_b/Python/55112773/faultyVersion.py,data/external/ConDefects/Code/abc327_b/Python/55112773/correctVersion.py,data/external/ConDefects/Test/abc327_b,24,3.14.3,True,,,24,ineligible,loc < 25 (minimum length floor is 25)
55166023,abc327_b,data/external/ConDefects/Code/abc327_b/Python/55166023/faultyVersion.py,data/external/ConDefects/Code/abc327_b/Python/55166023/correctVersion.py,data/external/ConDefects/Test/abc327_b,8,3.14.3,True,,,8,ineligible,loc < 25 (minimum length floor is 25)
53791551,abc327_c,data/external/ConDefects/Code/abc327_c/Python/53791551/faultyVersion.py,data/external/ConDefects/Code/abc327_c/Python/53791551/correctVersion.py,data/external/ConDefects/Test/abc327_c,30,3.14.3,True,,,30,ineligible,multiple independent faults
53953010,abc327_c,data/external/ConDefects/Code/abc327_c/Python/53953010/faultyVersion.py,data/external/ConDefects/Code/abc327_c/Python/53953010/correctVersion.py,data/external/ConDefects/Test/abc327_c,20,3.14.3,True,,,20,ineligible,loc < 25 (minimum length floor is 25)
54292566,abc327_c,data/external/ConDefects/Code/abc327_c/Python/54292566/faultyVersion.py,data/external/ConDefects/Code/abc327_c/Python/54292566/correctVersion.py,data/external/ConDefects/Test/abc327_c,20,3.14.3,True,,,20,ineligible,loc < 25 (minimum length floor is 25)
55003503,abc327_c,data/external/ConDefects/Code/abc327_c/Python/55003503/faultyVersion.py,data/external/ConDefects/Code/abc327_c/Python/55003503/correctVersion.py,data/external/ConDefects/Test/abc327_c,35,3.14.3,True,,,35,eligible,
51999062,abc327_e,data/external/ConDefects/Code/abc327_e/Python/51999062/faultyVersion.py,data/external/ConDefects/Code/abc327_e/Python/51999062/correctVersion.py,data/external/ConDefects/Test/abc327_e,21,3.14.3,True,,,21,ineligible,loc < 25 (minimum length floor is 25)
54952693,abc327_e,data/external/ConDefects/Code/abc327_e/Python/54952693/faultyVersion.py,data/external/ConDefects/Code/abc327_e/Python/54952693/correctVersion.py,data/external/ConDefects/Test/abc327_e,43,3.14.3,True,,,43,ineligible,multiple independent faults
54954766,abc327_e,data/external/ConDefects/Code/abc327_e/Python/54954766/faultyVersion.py,data/external/ConDefects/Code/abc327_e/Python/54954766/correctVersion.py,data/external/ConDefects/Test/abc327_e,67,3.14.3,True,,,67,eligible,
47668625,abc327_g,data/external/ConDefects/Code/abc327_g/Python/47668625/faultyVersion.py,data/external/ConDefects/Code/abc327_g/Python/47668625/correctVersion.py,data/external/ConDefects/Test/abc327_g,115,3.14.3,True,,,115,eligible,
54463412,abc328_a,data/external/ConDefects/Code/abc328_a/Python/54463412/faultyVersion.py,data/external/ConDefects/Code/abc328_a/Python/54463412/correctVersion.py,data/external/ConDefects/Test/abc328_a,7,3.14.3,True,,,7,ineligible,loc < 25 (minimum length floor is 25)
55126003,abc328_a,data/external/ConDefects/Code/abc328_a/Python/55126003/faultyVersion.py,data/external/ConDefects/Code/abc328_a/Python/55126003/correctVersion.py,data/external/ConDefects/Test/abc328_a,10,3.14.3,True,,,10,ineligible,loc < 25 (minimum length floor is 25)
55136049,abc328_a,data/external/ConDefects/Code/abc328_a/Python/55136049/faultyVersion.py,data/external/ConDefects/Code/abc328_a/Python/55136049/correctVersion.py,data/external/ConDefects/Test/abc328_a,7,3.14.3,True,,,7,ineligible,loc < 25 (minimum length floor is 25)
54041719,abc328_b,data/external/ConDefects/Code/abc328_b/Python/54041719/faultyVersion.py,data/external/ConDefects/Code/abc328_b/Python/54041719/correctVersion.py,data/external/ConDefects/Test/abc328_b,16,3.14.3,True,,,16,ineligible,loc < 25 (minimum length floor is 25)
54041860,abc328_b,data/external/ConDefects/Code/abc328_b/Python/54041860/faultyVersion.py,data/external/ConDefects/Code/abc328_b/Python/54041860/correctVersion.py,data/external/ConDefects/Test/abc328_b,15,3.14.3,True,,,15,ineligible,loc < 25 (minimum length floor is 25)
54688793,abc328_b,data/external/ConDefects/Code/abc328_b/Python/54688793/faultyVersion.py,data/external/ConDefects/Code/abc328_b/Python/54688793/correctVersion.py,data/external/ConDefects/Test/abc328_b,22,3.14.3,True,,,22,ineligible,loc < 25 (minimum length floor is 25)
54743139,abc328_b,data/external/ConDefects/Code/abc328_b/Python/54743139/faultyVersion.py,data/external/ConDefects/Code/abc328_b/Python/54743139/correctVersion.py,data/external/ConDefects/Test/abc328_b,25,3.14.3,True,,,25,eligible,
54943660,abc328_b,data/external/ConDefects/Code/abc328_b/Python/54943660/faultyVersion.py,data/external/ConDefects/Code/abc328_b/Python/54943660/correctVersion.py,data/external/ConDefects/Test/abc328_b,10,3.14.3,True,,,10,ineligible,loc < 25 (minimum length floor is 25)
54961220,abc328_b,data/external/ConDefects/Code/abc328_b/Python/54961220/faultyVersion.py,data/external/ConDefects/Code/abc328_b/Python/54961220/correctVersion.py,data/external/ConDefects/Test/abc328_b,11,3.14.3,True,,,11,ineligible,loc < 25 (minimum length floor is 25)
51767048,abc328_e,data/external/ConDefects/Code/abc328_e/Python/51767048/faultyVersion.py,data/external/ConDefects/Code/abc328_e/Python/51767048/correctVersion.py,data/external/ConDefects/Test/abc328_e,47,3.14.3,True,,,47,eligible,
50086721,abc328_f,data/external/ConDefects/Code/abc328_f/Python/50086721/faultyVersion.py,data/external/ConDefects/Code/abc328_f/Python/50086721/correctVersion.py,data/external/ConDefects/Test/abc328_f,53,3.14.3,True,,,53,ineligible,multiple independent faults
54463372,abc329_a,data/external/ConDefects/Code/abc329_a/Python/54463372/faultyVersion.py,data/external/ConDefects/Code/abc329_a/Python/54463372/correctVersion.py,data/external/ConDefects/Test/abc329_a,2,3.14.3,True,,,2,ineligible,loc < 25 (minimum length floor is 25)
54889625,abc329_a,data/external/ConDefects/Code/abc329_a/Python/54889625/faultyVersion.py,data/external/ConDefects/Code/abc329_a/Python/54889625/correctVersion.py,data/external/ConDefects/Test/abc329_a,1,3.14.3,True,,,1,ineligible,loc < 25 (minimum length floor is 25)
54918661,abc329_a,data/external/ConDefects/Code/abc329_a/Python/54918661/faultyVersion.py,data/external/ConDefects/Code/abc329_a/Python/54918661/correctVersion.py,data/external/ConDefects/Test/abc329_a,2,3.14.3,True,,,2,ineligible,loc < 25 (minimum length floor is 25)
55135985,abc329_a,data/external/ConDefects/Code/abc329_a/Python/55135985/faultyVersion.py,data/external/ConDefects/Code/abc329_a/Python/55135985/correctVersion.py,data/external/ConDefects/Test/abc329_a,5,3.14.3,True,,,5,ineligible,loc < 25 (minimum length floor is 25)
54730859,abc329_b,data/external/ConDefects/Code/abc329_b/Python/54730859/faultyVersion.py,data/external/ConDefects/Code/abc329_b/Python/54730859/correctVersion.py,data/external/ConDefects/Test/abc329_b,16,3.14.3,True,,,16,ineligible,loc < 25 (minimum length floor is 25)
54204891,abc329_c,data/external/ConDefects/Code/abc329_c/Python/54204891/faultyVersion.py,data/external/ConDefects/Code/abc329_c/Python/54204891/correctVersion.py,data/external/ConDefects/Test/abc329_c,15,3.14.3,True,,,15,ineligible,loc < 25 (minimum length floor is 25)
54412437,abc329_c,data/external/ConDefects/Code/abc329_c/Python/54412437/faultyVersion.py,data/external/ConDefects/Code/abc329_c/Python/54412437/correctVersion.py,data/external/ConDefects/Test/abc329_c,20,3.14.3,True,,,20,ineligible,loc < 25 (minimum length floor is 25)
54527271,abc329_c,data/external/ConDefects/Code/abc329_c/Python/54527271/faultyVersion.py,data/external/ConDefects/Code/abc329_c/Python/54527271/correctVersion.py,data/external/ConDefects/Test/abc329_c,12,3.14.3,True,,,12,ineligible,loc < 25 (minimum length floor is 25)
50998625,abc329_e,data/external/ConDefects/Code/abc329_e/Python/50998625/faultyVersion.py,data/external/ConDefects/Code/abc329_e/Python/50998625/correctVersion.py,data/external/ConDefects/Test/abc329_e,19,3.14.3,True,,,19,ineligible,loc < 25 (minimum length floor is 25)
51958155,abc329_e,data/external/ConDefects/Code/abc329_e/Python/51958155/faultyVersion.py,data/external/ConDefects/Code/abc329_e/Python/51958155/correctVersion.py,data/external/ConDefects/Test/abc329_e,51,3.14.3,True,,,51,eligible,
52260983,abc329_e,data/external/ConDefects/Code/abc329_e/Python/52260983/faultyVersion.py,data/external/ConDefects/Code/abc329_e/Python/52260983/correctVersion.py,data/external/ConDefects/Test/abc329_e,38,3.14.3,True,,,38,ineligible,multi-line fault — excluded by v2 single-line filter
52726801,abc329_e,data/external/ConDefects/Code/abc329_e/Python/52726801/faultyVersion.py,data/external/ConDefects/Code/abc329_e/Python/52726801/correctVersion.py,data/external/ConDefects/Test/abc329_e,39,3.14.3,True,,,39,eligible,
54232904,abc329_e,data/external/ConDefects/Code/abc329_e/Python/54232904/faultyVersion.py,data/external/ConDefects/Code/abc329_e/Python/54232904/correctVersion.py,data/external/ConDefects/Test/abc329_e,25,3.14.3,True,,,25,ineligible,multiple independent faults
52733588,abc329_f,data/external/ConDefects/Code/abc329_f/Python/52733588/faultyVersion.py,data/external/ConDefects/Code/abc329_f/Python/52733588/correctVersion.py,data/external/ConDefects/Test/abc329_f,28,3.14.3,True,,,28,ineligible,multiple independent faults
54214263,abc330_b,data/external/ConDefects/Code/abc330_b/Python/54214263/faultyVersion.py,data/external/ConDefects/Code/abc330_b/Python/54214263/correctVersion.py,data/external/ConDefects/Test/abc330_b,11,3.14.3,True,,,11,ineligible,loc < 25 (minimum length floor is 25)
54726392,abc330_b,data/external/ConDefects/Code/abc330_b/Python/54726392/faultyVersion.py,data/external/ConDefects/Code/abc330_b/Python/54726392/correctVersion.py,data/external/ConDefects/Test/abc330_b,8,3.14.3,True,,,8,ineligible,loc < 25 (minimum length floor is 25)
55040608,abc330_b,data/external/ConDefects/Code/abc330_b/Python/55040608/faultyVersion.py,data/external/ConDefects/Code/abc330_b/Python/55040608/correctVersion.py,data/external/ConDefects/Test/abc330_b,10,3.14.3,True,,,10,ineligible,loc < 25 (minimum length floor is 25)
54054641,abc330_c,data/external/ConDefects/Code/abc330_c/Python/54054641/faultyVersion.py,data/external/ConDefects/Code/abc330_c/Python/54054641/correctVersion.py,data/external/ConDefects/Test/abc330_c,9,3.14.3,True,,,9,ineligible,loc < 25 (minimum length floor is 25)
54071794,abc330_c,data/external/ConDefects/Code/abc330_c/Python/54071794/faultyVersion.py,data/external/ConDefects/Code/abc330_c/Python/54071794/correctVersion.py,data/external/ConDefects/Test/abc330_c,22,3.14.3,True,,,22,ineligible,loc < 25 (minimum length floor is 25)
54284668,abc330_c,data/external/ConDefects/Code/abc330_c/Python/54284668/faultyVersion.py,data/external/ConDefects/Code/abc330_c/Python/54284668/correctVersion.py,data/external/ConDefects/Test/abc330_c,8,3.14.3,True,,,8,ineligible,loc < 25 (minimum length floor is 25)
54320173,abc330_c,data/external/ConDefects/Code/abc330_c/Python/54320173/faultyVersion.py,data/external/ConDefects/Code/abc330_c/Python/54320173/correctVersion.py,data/external/ConDefects/Test/abc330_c,12,3.14.3,True,,,12,ineligible,loc < 25 (minimum length floor is 25)
54881958,abc330_c,data/external/ConDefects/Code/abc330_c/Python/54881958/faultyVersion.py,data/external/ConDefects/Code/abc330_c/Python/54881958/correctVersion.py,data/external/ConDefects/Test/abc330_c,13,3.14.3,True,,,13,ineligible,loc < 25 (minimum length floor is 25)
54910018,abc330_c,data/external/ConDefects/Code/abc330_c/Python/54910018/faultyVersion.py,data/external/ConDefects/Code/abc330_c/Python/54910018/correctVersion.py,data/external/ConDefects/Test/abc330_c,39,3.14.3,True,,,39,eligible,
54990972,abc330_c,data/external/ConDefects/Code/abc330_c/Python/54990972/faultyVersion.py,data/external/ConDefects/Code/abc330_c/Python/54990972/correctVersion.py,data/external/ConDefects/Test/abc330_c,17,3.14.3,True,,,17,ineligible,loc < 25 (minimum length floor is 25)
48207650,abc330_f,data/external/ConDefects/Code/abc330_f/Python/48207650/faultyVersion.py,data/external/ConDefects/Code/abc330_f/Python/48207650/correctVersion.py,data/external/ConDefects/Test/abc330_f,43,3.14.3,True,,,43,eligible,
48327716,abc330_f,data/external/ConDefects/Code/abc330_f/Python/48327716/faultyVersion.py,data/external/ConDefects/Code/abc330_f/Python/48327716/correctVersion.py,data/external/ConDefects/Test/abc330_f,40,3.14.3,True,,,40,eligible,
54731952,abc331_a,data/external/ConDefects/Code/abc331_a/Python/54731952/faultyVersion.py,data/external/ConDefects/Code/abc331_a/Python/54731952/correctVersion.py,data/external/ConDefects/Test/abc331_a,13,3.14.3,True,,,13,ineligible,loc < 25 (minimum length floor is 25)
54744974,abc331_a,data/external/ConDefects/Code/abc331_a/Python/54744974/faultyVersion.py,data/external/ConDefects/Code/abc331_a/Python/54744974/correctVersion.py,data/external/ConDefects/Test/abc331_a,14,3.14.3,True,,,14,ineligible,loc < 25 (minimum length floor is 25)
54773410,abc331_a,data/external/ConDefects/Code/abc331_a/Python/54773410/faultyVersion.py,data/external/ConDefects/Code/abc331_a/Python/54773410/correctVersion.py,data/external/ConDefects/Test/abc331_a,12,3.14.3,True,,,12,ineligible,loc < 25 (minimum length floor is 25)
54933311,abc331_a,data/external/ConDefects/Code/abc331_a/Python/54933311/faultyVersion.py,data/external/ConDefects/Code/abc331_a/Python/54933311/correctVersion.py,data/external/ConDefects/Test/abc331_a,12,3.14.3,True,,,12,ineligible,loc < 25 (minimum length floor is 25)
54148195,abc331_b,data/external/ConDefects/Code/abc331_b/Python/54148195/faultyVersion.py,data/external/ConDefects/Code/abc331_b/Python/54148195/correctVersion.py,data/external/ConDefects/Test/abc331_b,8,3.14.3,True,,,8,ineligible,loc < 25 (minimum length floor is 25)
54769953,abc331_b,data/external/ConDefects/Code/abc331_b/Python/54769953/faultyVersion.py,data/external/ConDefects/Code/abc331_b/Python/54769953/correctVersion.py,data/external/ConDefects/Test/abc331_b,8,3.14.3,True,,,8,ineligible,loc < 25 (minimum length floor is 25)
54957730,abc331_b,data/external/ConDefects/Code/abc331_b/Python/54957730/faultyVersion.py,data/external/ConDefects/Code/abc331_b/Python/54957730/correctVersion.py,data/external/ConDefects/Test/abc331_b,11,3.14.3,True,,,11,ineligible,loc < 25 (minimum length floor is 25)
54472770,abc331_c,data/external/ConDefects/Code/abc331_c/Python/54472770/faultyVersion.py,data/external/ConDefects/Code/abc331_c/Python/54472770/correctVersion.py,data/external/ConDefects/Test/abc331_c,16,3.14.3,True,,,16,ineligible,loc < 25 (minimum length floor is 25)
52719206,abc331_d,data/external/ConDefects/Code/abc331_d/Python/52719206/faultyVersion.py,data/external/ConDefects/Code/abc331_d/Python/52719206/correctVersion.py,data/external/ConDefects/Test/abc331_d,145,3.14.3,True,,,145,eligible,
53468592,abc331_d,data/external/ConDefects/Code/abc331_d/Python/53468592/faultyVersion.py,data/external/ConDefects/Code/abc331_d/Python/53468592/correctVersion.py,data/external/ConDefects/Test/abc331_d,82,3.14.3,True,,,82,eligible,
53655797,abc331_d,data/external/ConDefects/Code/abc331_d/Python/53655797/faultyVersion.py,data/external/ConDefects/Code/abc331_d/Python/53655797/correctVersion.py,data/external/ConDefects/Test/abc331_d,32,3.14.3,True,,,32,ineligible,multi-line fault — excluded by v2 single-line filter
52731476,abc331_e,data/external/ConDefects/Code/abc331_e/Python/52731476/faultyVersion.py,data/external/ConDefects/Code/abc331_e/Python/52731476/correctVersion.py,data/external/ConDefects/Test/abc331_e,65,3.14.3,True,,,65,ineligible,multiple independent faults
52779261,abc331_e,data/external/ConDefects/Code/abc331_e/Python/52779261/faultyVersion.py,data/external/ConDefects/Code/abc331_e/Python/52779261/correctVersion.py,data/external/ConDefects/Test/abc331_e,53,3.14.3,True,,,53,eligible,
53576352,abc331_e,data/external/ConDefects/Code/abc331_e/Python/53576352/faultyVersion.py,data/external/ConDefects/Code/abc331_e/Python/53576352/correctVersion.py,data/external/ConDefects/Test/abc331_e,21,3.14.3,True,,,21,ineligible,loc < 25 (minimum length floor is 25)
54003123,abc331_e,data/external/ConDefects/Code/abc331_e/Python/54003123/faultyVersion.py,data/external/ConDefects/Code/abc331_e/Python/54003123/correctVersion.py,data/external/ConDefects/Test/abc331_e,30,3.14.3,True,,,30,eligible,
54054504,abc331_e,data/external/ConDefects/Code/abc331_e/Python/54054504/faultyVersion.py,data/external/ConDefects/Code/abc331_e/Python/54054504/correctVersion.py,data/external/ConDefects/Test/abc331_e,55,3.14.3,True,,,55,ineligible,multi-line fault — excluded by v2 single-line filter
54388604,abc331_e,data/external/ConDefects/Code/abc331_e/Python/54388604/faultyVersion.py,data/external/ConDefects/Code/abc331_e/Python/54388604/correctVersion.py,data/external/ConDefects/Test/abc331_e,34,3.14.3,True,,,34,eligible,
54647006,abc332_a,data/external/ConDefects/Code/abc332_a/Python/54647006/faultyVersion.py,data/external/ConDefects/Code/abc332_a/Python/54647006/correctVersion.py,data/external/ConDefects/Test/abc332_a,10,3.14.3,True,,,10,ineligible,loc < 25 (minimum length floor is 25)
54744452,abc332_a,data/external/ConDefects/Code/abc332_a/Python/54744452/faultyVersion.py,data/external/ConDefects/Code/abc332_a/Python/54744452/correctVersion.py,data/external/ConDefects/Test/abc332_a,11,3.14.3,True,,,11,ineligible,loc < 25 (minimum length floor is 25)
55010620,abc332_a,data/external/ConDefects/Code/abc332_a/Python/55010620/faultyVersion.py,data/external/ConDefects/Code/abc332_a/Python/55010620/correctVersion.py,data/external/ConDefects/Test/abc332_a,8,3.14.3,True,,,8,ineligible,loc < 25 (minimum length floor is 25)
54879479,abc332_b,data/external/ConDefects/Code/abc332_b/Python/54879479/faultyVersion.py,data/external/ConDefects/Code/abc332_b/Python/54879479/correctVersion.py,data/external/ConDefects/Test/abc332_b,15,3.14.3,True,,,15,ineligible,loc < 25 (minimum length floor is 25)
54021349,abc332_c,data/external/ConDefects/Code/abc332_c/Python/54021349/faultyVersion.py,data/external/ConDefects/Code/abc332_c/Python/54021349/correctVersion.py,data/external/ConDefects/Test/abc332_c,30,3.14.3,True,,,30,ineligible,multi-line fault — excluded by v2 single-line filter
54029466,abc332_c,data/external/ConDefects/Code/abc332_c/Python/54029466/faultyVersion.py,data/external/ConDefects/Code/abc332_c/Python/54029466/correctVersion.py,data/external/ConDefects/Test/abc332_c,21,3.14.3,True,,,21,ineligible,loc < 25 (minimum length floor is 25)
54228100,abc332_c,data/external/ConDefects/Code/abc332_c/Python/54228100/faultyVersion.py,data/external/ConDefects/Code/abc332_c/Python/54228100/correctVersion.py,data/external/ConDefects/Test/abc332_c,20,3.14.3,True,,,20,ineligible,loc < 25 (minimum length floor is 25)
54522217,abc332_c,data/external/ConDefects/Code/abc332_c/Python/54522217/faultyVersion.py,data/external/ConDefects/Code/abc332_c/Python/54522217/correctVersion.py,data/external/ConDefects/Test/abc332_c,23,3.14.3,True,,,23,ineligible,loc < 25 (minimum length floor is 25)
54711529,abc332_c,data/external/ConDefects/Code/abc332_c/Python/54711529/faultyVersion.py,data/external/ConDefects/Code/abc332_c/Python/54711529/correctVersion.py,data/external/ConDefects/Test/abc332_c,25,3.14.3,True,,,25,eligible,
54741421,abc332_c,data/external/ConDefects/Code/abc332_c/Python/54741421/faultyVersion.py,data/external/ConDefects/Code/abc332_c/Python/54741421/correctVersion.py,data/external/ConDefects/Test/abc332_c,25,3.14.3,True,,,25,ineligible,multi-line fault — excluded by v2 single-line filter
53758957,abc332_d,data/external/ConDefects/Code/abc332_d/Python/53758957/faultyVersion.py,data/external/ConDefects/Code/abc332_d/Python/53758957/correctVersion.py,data/external/ConDefects/Test/abc332_d,69,3.14.3,True,,,69,ineligible,multiple independent faults
52500433,abc332_e,data/external/ConDefects/Code/abc332_e/Python/52500433/faultyVersion.py,data/external/ConDefects/Code/abc332_e/Python/52500433/correctVersion.py,data/external/ConDefects/Test/abc332_e,39,3.14.3,False,,,39,ineligible,syntax error under pinned Python
49265039,abc332_f,data/external/ConDefects/Code/abc332_f/Python/49265039/faultyVersion.py,data/external/ConDefects/Code/abc332_f/Python/49265039/correctVersion.py,data/external/ConDefects/Test/abc332_f,93,3.14.3,True,,,93,eligible,
50121141,abc332_f,data/external/ConDefects/Code/abc332_f/Python/50121141/faultyVersion.py,data/external/ConDefects/Code/abc332_f/Python/50121141/correctVersion.py,data/external/ConDefects/Test/abc332_f,190,3.14.3,True,,,190,eligible,
50495500,abc332_f,data/external/ConDefects/Code/abc332_f/Python/50495500/faultyVersion.py,data/external/ConDefects/Code/abc332_f/Python/50495500/correctVersion.py,data/external/ConDefects/Test/abc332_f,143,3.14.3,True,,,143,ineligible,multiple independent faults
50678043,abc332_f,data/external/ConDefects/Code/abc332_f/Python/50678043/faultyVersion.py,data/external/ConDefects/Code/abc332_f/Python/50678043/correctVersion.py,data/external/ConDefects/Test/abc332_f,64,3.14.3,True,,,64,eligible,
51643425,abc332_f,data/external/ConDefects/Code/abc332_f/Python/51643425/faultyVersion.py,data/external/ConDefects/Code/abc332_f/Python/51643425/correctVersion.py,data/external/ConDefects/Test/abc332_f,209,3.14.3,True,,,209,eligible,
52980637,abc332_g,data/external/ConDefects/Code/abc332_g/Python/52980637/faultyVersion.py,data/external/ConDefects/Code/abc332_g/Python/52980637/correctVersion.py,data/external/ConDefects/Test/abc332_g,26,3.14.3,True,,,26,eligible,
54873390,abc333_a,data/external/ConDefects/Code/abc333_a/Python/54873390/faultyVersion.py,data/external/ConDefects/Code/abc333_a/Python/54873390/correctVersion.py,data/external/ConDefects/Test/abc333_a,2,3.14.3,True,,,2,ineligible,loc < 25 (minimum length floor is 25)
54467069,abc333_b,data/external/ConDefects/Code/abc333_b/Python/54467069/faultyVersion.py,data/external/ConDefects/Code/abc333_b/Python/54467069/correctVersion.py,data/external/ConDefects/Test/abc333_b,73,3.14.3,True,,,73,eligible,
54487746,abc333_b,data/external/ConDefects/Code/abc333_b/Python/54487746/faultyVersion.py,data/external/ConDefects/Code/abc333_b/Python/54487746/correctVersion.py,data/external/ConDefects/Test/abc333_b,8,3.14.3,True,,,8,ineligible,loc < 25 (minimum length floor is 25)
54528600,abc333_b,data/external/ConDefects/Code/abc333_b/Python/54528600/faultyVersion.py,data/external/ConDefects/Code/abc333_b/Python/54528600/correctVersion.py,data/external/ConDefects/Test/abc333_b,11,3.14.3,True,,,11,ineligible,loc < 25 (minimum length floor is 25)
52260050,abc333_e,data/external/ConDefects/Code/abc333_e/Python/52260050/faultyVersion.py,data/external/ConDefects/Code/abc333_e/Python/52260050/correctVersion.py,data/external/ConDefects/Test/abc333_e,45,3.14.3,True,,,45,eligible,
52477249,abc333_e,data/external/ConDefects/Code/abc333_e/Python/52477249/faultyVersion.py,data/external/ConDefects/Code/abc333_e/Python/52477249/correctVersion.py,data/external/ConDefects/Test/abc333_e,27,3.14.3,True,,,27,ineligible,multiple independent faults
52758263,abc333_e,data/external/ConDefects/Code/abc333_e/Python/52758263/faultyVersion.py,data/external/ConDefects/Code/abc333_e/Python/52758263/correctVersion.py,data/external/ConDefects/Test/abc333_e,63,3.14.3,True,,,63,eligible,
53773546,abc333_e,data/external/ConDefects/Code/abc333_e/Python/53773546/faultyVersion.py,data/external/ConDefects/Code/abc333_e/Python/53773546/correctVersion.py,data/external/ConDefects/Test/abc333_e,68,3.14.3,True,,,68,ineligible,multiple independent faults
49970736,abc333_g,data/external/ConDefects/Code/abc333_g/Python/49970736/faultyVersion.py,data/external/ConDefects/Code/abc333_g/Python/49970736/correctVersion.py,data/external/ConDefects/Test/abc333_g,20,3.14.3,True,,,20,ineligible,loc < 25 (minimum length floor is 25)
50750395,abc333_g,data/external/ConDefects/Code/abc333_g/Python/50750395/faultyVersion.py,data/external/ConDefects/Code/abc333_g/Python/50750395/correctVersion.py,data/external/ConDefects/Test/abc333_g,86,3.14.3,True,,,86,ineligible,multi-line fault — excluded by v2 single-line filter
54632654,abc334_a,data/external/ConDefects/Code/abc334_a/Python/54632654/faultyVersion.py,data/external/ConDefects/Code/abc334_a/Python/54632654/correctVersion.py,data/external/ConDefects/Test/abc334_a,6,3.14.3,True,,,6,ineligible,loc < 25 (minimum length floor is 25)
54939914,abc334_b,data/external/ConDefects/Code/abc334_b/Python/54939914/faultyVersion.py,data/external/ConDefects/Code/abc334_b/Python/54939914/correctVersion.py,data/external/ConDefects/Test/abc334_b,7,3.14.3,True,,,7,ineligible,loc < 25 (minimum length floor is 25)
54507811,abc334_c,data/external/ConDefects/Code/abc334_c/Python/54507811/faultyVersion.py,data/external/ConDefects/Code/abc334_c/Python/54507811/correctVersion.py,data/external/ConDefects/Test/abc334_c,19,3.14.3,True,,,19,ineligible,loc < 25 (minimum length floor is 25)
54724339,abc334_c,data/external/ConDefects/Code/abc334_c/Python/54724339/faultyVersion.py,data/external/ConDefects/Code/abc334_c/Python/54724339/correctVersion.py,data/external/ConDefects/Test/abc334_c,34,3.14.3,True,,,34,eligible,
54936414,abc334_c,data/external/ConDefects/Code/abc334_c/Python/54936414/faultyVersion.py,data/external/ConDefects/Code/abc334_c/Python/54936414/correctVersion.py,data/external/ConDefects/Test/abc334_c,15,3.14.3,True,,,15,ineligible,loc < 25 (minimum length floor is 25)
55003175,abc334_c,data/external/ConDefects/Code/abc334_c/Python/55003175/faultyVersion.py,data/external/ConDefects/Code/abc334_c/Python/55003175/correctVersion.py,data/external/ConDefects/Test/abc334_c,27,3.14.3,True,,,27,eligible,
52492868,abc334_e,data/external/ConDefects/Code/abc334_e/Python/52492868/faultyVersion.py,data/external/ConDefects/Code/abc334_e/Python/52492868/correctVersion.py,data/external/ConDefects/Test/abc334_e,57,3.14.3,True,,,57,eligible,
52777689,abc334_e,data/external/ConDefects/Code/abc334_e/Python/52777689/faultyVersion.py,data/external/ConDefects/Code/abc334_e/Python/52777689/correctVersion.py,data/external/ConDefects/Test/abc334_e,70,3.14.3,True,,,70,ineligible,multi-line fault — excluded by v2 single-line filter
49407992,abc334_f,data/external/ConDefects/Code/abc334_f/Python/49407992/faultyVersion.py,data/external/ConDefects/Code/abc334_f/Python/49407992/correctVersion.py,data/external/ConDefects/Test/abc334_f,80,3.14.3,True,,,80,eligible,
50005734,abc334_f,data/external/ConDefects/Code/abc334_f/Python/50005734/faultyVersion.py,data/external/ConDefects/Code/abc334_f/Python/50005734/correctVersion.py,data/external/ConDefects/Test/abc334_f,83,3.14.3,True,,,83,eligible,
50685006,abc334_f,data/external/ConDefects/Code/abc334_f/Python/50685006/faultyVersion.py,data/external/ConDefects/Code/abc334_f/Python/50685006/correctVersion.py,data/external/ConDefects/Test/abc334_f,311,3.14.3,True,,,311,ineligible,loc > 300 (maximum length ceiling is 300)
53789974,abc334_f,data/external/ConDefects/Code/abc334_f/Python/53789974/faultyVersion.py,data/external/ConDefects/Code/abc334_f/Python/53789974/correctVersion.py,data/external/ConDefects/Test/abc334_f,161,3.14.3,True,,,161,eligible,
54979078,abc334_f,data/external/ConDefects/Code/abc334_f/Python/54979078/faultyVersion.py,data/external/ConDefects/Code/abc334_f/Python/54979078/correctVersion.py,data/external/ConDefects/Test/abc334_f,21,3.14.3,True,,,21,ineligible,loc < 25 (minimum length floor is 25)
50711635,abc334_g,data/external/ConDefects/Code/abc334_g/Python/50711635/faultyVersion.py,data/external/ConDefects/Code/abc334_g/Python/50711635/correctVersion.py,data/external/ConDefects/Test/abc334_g,96,3.14.3,True,,,96,ineligible,multiple independent faults
54722195,abc335_a,data/external/ConDefects/Code/abc335_a/Python/54722195/faultyVersion.py,data/external/ConDefects/Code/abc335_a/Python/54722195/correctVersion.py,data/external/ConDefects/Test/abc335_a,3,3.14.3,True,,,3,ineligible,loc < 25 (minimum length floor is 25)
54743914,abc335_a,data/external/ConDefects/Code/abc335_a/Python/54743914/faultyVersion.py,data/external/ConDefects/Code/abc335_a/Python/54743914/correctVersion.py,data/external/ConDefects/Test/abc335_a,3,3.14.3,True,,,3,ineligible,loc < 25 (minimum length floor is 25)
54517250,abc335_b,data/external/ConDefects/Code/abc335_b/Python/54517250/faultyVersion.py,data/external/ConDefects/Code/abc335_b/Python/54517250/correctVersion.py,data/external/ConDefects/Test/abc335_b,7,3.14.3,True,,,7,ineligible,loc < 25 (minimum length floor is 25)
54708241,abc335_b,data/external/ConDefects/Code/abc335_b/Python/54708241/faultyVersion.py,data/external/ConDefects/Code/abc335_b/Python/54708241/correctVersion.py,data/external/ConDefects/Test/abc335_b,6,3.14.3,True,,,6,ineligible,loc < 25 (minimum length floor is 25)
54952141,abc335_b,data/external/ConDefects/Code/abc335_b/Python/54952141/faultyVersion.py,data/external/ConDefects/Code/abc335_b/Python/54952141/correctVersion.py,data/external/ConDefects/Test/abc335_b,6,3.14.3,True,,,6,ineligible,loc < 25 (minimum length floor is 25)
54505569,abc335_c,data/external/ConDefects/Code/abc335_c/Python/54505569/faultyVersion.py,data/external/ConDefects/Code/abc335_c/Python/54505569/correctVersion.py,data/external/ConDefects/Test/abc335_c,15,3.14.3,True,,,15,ineligible,loc < 25 (minimum length floor is 25)
54761839,abc335_c,data/external/ConDefects/Code/abc335_c/Python/54761839/faultyVersion.py,data/external/ConDefects/Code/abc335_c/Python/54761839/correctVersion.py,data/external/ConDefects/Test/abc335_c,12,3.14.3,True,,,12,ineligible,loc < 25 (minimum length floor is 25)
53021579,abc335_d,data/external/ConDefects/Code/abc335_d/Python/53021579/faultyVersion.py,data/external/ConDefects/Code/abc335_d/Python/53021579/correctVersion.py,data/external/ConDefects/Test/abc335_d,18,3.14.3,True,,,18,ineligible,loc < 25 (minimum length floor is 25)
54715880,abc335_e,data/external/ConDefects/Code/abc335_e/Python/54715880/faultyVersion.py,data/external/ConDefects/Code/abc335_e/Python/54715880/correctVersion.py,data/external/ConDefects/Test/abc335_e,43,3.14.3,True,,,43,eligible,
54978942,abc335_e,data/external/ConDefects/Code/abc335_e/Python/54978942/faultyVersion.py,data/external/ConDefects/Code/abc335_e/Python/54978942/correctVersion.py,data/external/ConDefects/Test/abc335_e,44,3.14.3,True,,,44,eligible,
55029036,abc335_e,data/external/ConDefects/Code/abc335_e/Python/55029036/faultyVersion.py,data/external/ConDefects/Code/abc335_e/Python/55029036/correctVersion.py,data/external/ConDefects/Test/abc335_e,150,3.14.3,True,,,150,eligible,
53563069,abc335_f,data/external/ConDefects/Code/abc335_f/Python/53563069/faultyVersion.py,data/external/ConDefects/Code/abc335_f/Python/53563069/correctVersion.py,data/external/ConDefects/Test/abc335_f,25,3.14.3,True,,,25,eligible,
54448133,abc335_f,data/external/ConDefects/Code/abc335_f/Python/54448133/faultyVersion.py,data/external/ConDefects/Code/abc335_f/Python/54448133/correctVersion.py,data/external/ConDefects/Test/abc335_f,35,3.14.3,True,,,35,eligible,
49224063,abc335_g,data/external/ConDefects/Code/abc335_g/Python/49224063/faultyVersion.py,data/external/ConDefects/Code/abc335_g/Python/49224063/correctVersion.py,data/external/ConDefects/Test/abc335_g,56,3.14.3,True,,,56,ineligible,multi-line fault — excluded by v2 single-line filter
54679232,abc336_a,data/external/ConDefects/Code/abc336_a/Python/54679232/faultyVersion.py,data/external/ConDefects/Code/abc336_a/Python/54679232/correctVersion.py,data/external/ConDefects/Test/abc336_a,4,3.14.3,True,,,4,ineligible,loc < 25 (minimum length floor is 25)
54729953,abc336_a,data/external/ConDefects/Code/abc336_a/Python/54729953/faultyVersion.py,data/external/ConDefects/Code/abc336_a/Python/54729953/correctVersion.py,data/external/ConDefects/Test/abc336_a,3,3.14.3,True,,,3,ineligible,loc < 25 (minimum length floor is 25)
54733464,abc336_a,data/external/ConDefects/Code/abc336_a/Python/54733464/faultyVersion.py,data/external/ConDefects/Code/abc336_a/Python/54733464/correctVersion.py,data/external/ConDefects/Test/abc336_a,7,3.14.3,True,,,7,ineligible,loc < 25 (minimum length floor is 25)
54442370,abc336_c,data/external/ConDefects/Code/abc336_c/Python/54442370/faultyVersion.py,data/external/ConDefects/Code/abc336_c/Python/54442370/correctVersion.py,data/external/ConDefects/Test/abc336_c,3,3.14.3,True,,,3,ineligible,loc < 25 (minimum length floor is 25)
54444134,abc336_c,data/external/ConDefects/Code/abc336_c/Python/54444134/faultyVersion.py,data/external/ConDefects/Code/abc336_c/Python/54444134/correctVersion.py,data/external/ConDefects/Test/abc336_c,5,3.14.3,True,,,5,ineligible,loc < 25 (minimum length floor is 25)
54629693,abc336_c,data/external/ConDefects/Code/abc336_c/Python/54629693/faultyVersion.py,data/external/ConDefects/Code/abc336_c/Python/54629693/correctVersion.py,data/external/ConDefects/Test/abc336_c,12,3.14.3,True,,,12,ineligible,loc < 25 (minimum length floor is 25)
54915792,abc336_c,data/external/ConDefects/Code/abc336_c/Python/54915792/faultyVersion.py,data/external/ConDefects/Code/abc336_c/Python/54915792/correctVersion.py,data/external/ConDefects/Test/abc336_c,12,3.14.3,True,,,12,ineligible,loc < 25 (minimum length floor is 25)
53237033,abc336_d,data/external/ConDefects/Code/abc336_d/Python/53237033/faultyVersion.py,data/external/ConDefects/Code/abc336_d/Python/53237033/correctVersion.py,data/external/ConDefects/Test/abc336_d,15,3.14.3,True,,,15,ineligible,loc < 25 (minimum length floor is 25)
54268398,abc336_d,data/external/ConDefects/Code/abc336_d/Python/54268398/faultyVersion.py,data/external/ConDefects/Code/abc336_d/Python/54268398/correctVersion.py,data/external/ConDefects/Test/abc336_d,30,3.14.3,True,,,30,eligible,
54315975,abc336_d,data/external/ConDefects/Code/abc336_d/Python/54315975/faultyVersion.py,data/external/ConDefects/Code/abc336_d/Python/54315975/correctVersion.py,data/external/ConDefects/Test/abc336_d,16,3.14.3,True,,,16,ineligible,loc < 25 (minimum length floor is 25)
54659671,abc336_d,data/external/ConDefects/Code/abc336_d/Python/54659671/faultyVersion.py,data/external/ConDefects/Code/abc336_d/Python/54659671/correctVersion.py,data/external/ConDefects/Test/abc336_d,38,3.14.3,True,,,38,eligible,
54930029,abc336_d,data/external/ConDefects/Code/abc336_d/Python/54930029/faultyVersion.py,data/external/ConDefects/Code/abc336_d/Python/54930029/correctVersion.py,data/external/ConDefects/Test/abc336_d,15,3.14.3,True,,,15,ineligible,loc < 25 (minimum length floor is 25)
54952831,abc336_f,data/external/ConDefects/Code/abc336_f/Python/54952831/faultyVersion.py,data/external/ConDefects/Code/abc336_f/Python/54952831/correctVersion.py,data/external/ConDefects/Test/abc336_f,73,3.14.3,True,,,73,eligible,
49317983,abc336_g,data/external/ConDefects/Code/abc336_g/Python/49317983/faultyVersion.py,data/external/ConDefects/Code/abc336_g/Python/49317983/correctVersion.py,data/external/ConDefects/Test/abc336_g,220,3.14.3,True,,,220,ineligible,multi-line fault — excluded by v2 single-line filter
54518158,abc337_a,data/external/ConDefects/Code/abc337_a/Python/54518158/faultyVersion.py,data/external/ConDefects/Code/abc337_a/Python/54518158/correctVersion.py,data/external/ConDefects/Test/abc337_a,14,3.14.3,True,,,14,ineligible,loc < 25 (minimum length floor is 25)
54540906,abc337_a,data/external/ConDefects/Code/abc337_a/Python/54540906/faultyVersion.py,data/external/ConDefects/Code/abc337_a/Python/54540906/correctVersion.py,data/external/ConDefects/Test/abc337_a,16,3.14.3,True,,,16,ineligible,loc < 25 (minimum length floor is 25)
54731532,abc337_a,data/external/ConDefects/Code/abc337_a/Python/54731532/faultyVersion.py,data/external/ConDefects/Code/abc337_a/Python/54731532/correctVersion.py,data/external/ConDefects/Test/abc337_a,15,3.14.3,True,,,15,ineligible,loc < 25 (minimum length floor is 25)
54867325,abc337_a,data/external/ConDefects/Code/abc337_a/Python/54867325/faultyVersion.py,data/external/ConDefects/Code/abc337_a/Python/54867325/correctVersion.py,data/external/ConDefects/Test/abc337_a,12,3.14.3,True,,,12,ineligible,loc < 25 (minimum length floor is 25)
54959734,abc337_b,data/external/ConDefects/Code/abc337_b/Python/54959734/faultyVersion.py,data/external/ConDefects/Code/abc337_b/Python/54959734/correctVersion.py,data/external/ConDefects/Test/abc337_b,13,3.14.3,True,,,13,ineligible,loc < 25 (minimum length floor is 25)
54960837,abc337_b,data/external/ConDefects/Code/abc337_b/Python/54960837/faultyVersion.py,data/external/ConDefects/Code/abc337_b/Python/54960837/correctVersion.py,data/external/ConDefects/Test/abc337_b,17,3.14.3,True,,,17,ineligible,loc < 25 (minimum length floor is 25)
54984614,abc337_b,data/external/ConDefects/Code/abc337_b/Python/54984614/faultyVersion.py,data/external/ConDefects/Code/abc337_b/Python/54984614/correctVersion.py,data/external/ConDefects/Test/abc337_b,18,3.14.3,True,,,18,ineligible,loc < 25 (minimum length floor is 25)
54225038,abc337_c,data/external/ConDefects/Code/abc337_c/Python/54225038/faultyVersion.py,data/external/ConDefects/Code/abc337_c/Python/54225038/correctVersion.py,data/external/ConDefects/Test/abc337_c,11,3.14.3,True,,,11,ineligible,loc < 25 (minimum length floor is 25)
54271526,abc337_c,data/external/ConDefects/Code/abc337_c/Python/54271526/faultyVersion.py,data/external/ConDefects/Code/abc337_c/Python/54271526/correctVersion.py,data/external/ConDefects/Test/abc337_c,11,3.14.3,True,,,11,ineligible,loc < 25 (minimum length floor is 25)
54308671,abc337_d,data/external/ConDefects/Code/abc337_d/Python/54308671/faultyVersion.py,data/external/ConDefects/Code/abc337_d/Python/54308671/correctVersion.py,data/external/ConDefects/Test/abc337_d,31,3.14.3,True,,,31,eligible,
54495605,abc337_d,data/external/ConDefects/Code/abc337_d/Python/54495605/faultyVersion.py,data/external/ConDefects/Code/abc337_d/Python/54495605/correctVersion.py,data/external/ConDefects/Test/abc337_d,44,3.14.3,True,,,44,eligible,
55025649,abc337_d,data/external/ConDefects/Code/abc337_d/Python/55025649/faultyVersion.py,data/external/ConDefects/Code/abc337_d/Python/55025649/correctVersion.py,data/external/ConDefects/Test/abc337_d,25,3.14.3,True,,,25,eligible,
53016983,abc337_e,data/external/ConDefects/Code/abc337_e/Python/53016983/faultyVersion.py,data/external/ConDefects/Code/abc337_e/Python/53016983/correctVersion.py,data/external/ConDefects/Test/abc337_e,27,3.14.3,True,,,27,eligible,
53462087,abc337_e,data/external/ConDefects/Code/abc337_e/Python/53462087/faultyVersion.py,data/external/ConDefects/Code/abc337_e/Python/53462087/correctVersion.py,data/external/ConDefects/Test/abc337_e,496,3.14.3,True,,,496,ineligible,loc > 300 (maximum length ceiling is 300)
53945275,abc337_e,data/external/ConDefects/Code/abc337_e/Python/53945275/faultyVersion.py,data/external/ConDefects/Code/abc337_e/Python/53945275/correctVersion.py,data/external/ConDefects/Test/abc337_e,27,3.14.3,True,,,27,eligible,
54032860,abc337_e,data/external/ConDefects/Code/abc337_e/Python/54032860/faultyVersion.py,data/external/ConDefects/Code/abc337_e/Python/54032860/correctVersion.py,data/external/ConDefects/Test/abc337_e,12,3.14.3,True,,,12,ineligible,loc < 25 (minimum length floor is 25)
55158609,abc337_e,data/external/ConDefects/Code/abc337_e/Python/55158609/faultyVersion.py,data/external/ConDefects/Code/abc337_e/Python/55158609/correctVersion.py,data/external/ConDefects/Test/abc337_e,46,3.14.3,True,,,46,ineligible,multiple independent faults
49855272,abc337_f,data/external/ConDefects/Code/abc337_f/Python/49855272/faultyVersion.py,data/external/ConDefects/Code/abc337_f/Python/49855272/correctVersion.py,data/external/ConDefects/Test/abc337_f,38,3.14.3,True,,,38,eligible,
50099741,abc337_f,data/external/ConDefects/Code/abc337_f/Python/50099741/faultyVersion.py,data/external/ConDefects/Code/abc337_f/Python/50099741/correctVersion.py,data/external/ConDefects/Test/abc337_f,47,3.14.3,True,,,47,ineligible,multiple independent faults
54630438,abc338_a,data/external/ConDefects/Code/abc338_a/Python/54630438/faultyVersion.py,data/external/ConDefects/Code/abc338_a/Python/54630438/correctVersion.py,data/external/ConDefects/Test/abc338_a,8,3.14.3,True,,,8,ineligible,loc < 25 (minimum length floor is 25)
54692987,abc338_a,data/external/ConDefects/Code/abc338_a/Python/54692987/faultyVersion.py,data/external/ConDefects/Code/abc338_a/Python/54692987/correctVersion.py,data/external/ConDefects/Test/abc338_a,2,3.14.3,True,,,2,ineligible,loc < 25 (minimum length floor is 25)
54708656,abc338_a,data/external/ConDefects/Code/abc338_a/Python/54708656/faultyVersion.py,data/external/ConDefects/Code/abc338_a/Python/54708656/correctVersion.py,data/external/ConDefects/Test/abc338_a,1,3.14.3,True,,,1,ineligible,loc < 25 (minimum length floor is 25)
54889106,abc338_a,data/external/ConDefects/Code/abc338_a/Python/54889106/faultyVersion.py,data/external/ConDefects/Code/abc338_a/Python/54889106/correctVersion.py,data/external/ConDefects/Test/abc338_a,11,3.14.3,True,,,11,ineligible,loc < 25 (minimum length floor is 25)
55016820,abc338_a,data/external/ConDefects/Code/abc338_a/Python/55016820/faultyVersion.py,data/external/ConDefects/Code/abc338_a/Python/55016820/correctVersion.py,data/external/ConDefects/Test/abc338_a,7,3.14.3,True,,,7,ineligible,loc < 25 (minimum length floor is 25)
54399591,abc338_b,data/external/ConDefects/Code/abc338_b/Python/54399591/faultyVersion.py,data/external/ConDefects/Code/abc338_b/Python/54399591/correctVersion.py,data/external/ConDefects/Test/abc338_b,13,3.14.3,True,,,13,ineligible,loc < 25 (minimum length floor is 25)
54294909,abc338_c,data/external/ConDefects/Code/abc338_c/Python/54294909/faultyVersion.py,data/external/ConDefects/Code/abc338_c/Python/54294909/correctVersion.py,data/external/ConDefects/Test/abc338_c,30,3.14.3,True,,,30,eligible,
54397398,abc338_c,data/external/ConDefects/Code/abc338_c/Python/54397398/faultyVersion.py,data/external/ConDefects/Code/abc338_c/Python/54397398/correctVersion.py,data/external/ConDefects/Test/abc338_c,26,3.14.3,True,,,26,ineligible,multiple independent faults
54431526,abc338_c,data/external/ConDefects/Code/abc338_c/Python/54431526/faultyVersion.py,data/external/ConDefects/Code/abc338_c/Python/54431526/correctVersion.py,data/external/ConDefects/Test/abc338_c,27,3.14.3,True,,,27,ineligible,multiple independent faults
54437216,abc338_c,data/external/ConDefects/Code/abc338_c/Python/54437216/faultyVersion.py,data/external/ConDefects/Code/abc338_c/Python/54437216/correctVersion.py,data/external/ConDefects/Test/abc338_c,47,3.14.3,True,,,47,ineligible,multiple independent faults
54491236,abc338_c,data/external/ConDefects/Code/abc338_c/Python/54491236/faultyVersion.py,data/external/ConDefects/Code/abc338_c/Python/54491236/correctVersion.py,data/external/ConDefects/Test/abc338_c,16,3.14.3,True,,,16,ineligible,loc < 25 (minimum length floor is 25)
54499412,abc338_c,data/external/ConDefects/Code/abc338_c/Python/54499412/faultyVersion.py,data/external/ConDefects/Code/abc338_c/Python/54499412/correctVersion.py,data/external/ConDefects/Test/abc338_c,28,3.14.3,True,,,28,ineligible,multiple independent faults
54514586,abc338_c,data/external/ConDefects/Code/abc338_c/Python/54514586/faultyVersion.py,data/external/ConDefects/Code/abc338_c/Python/54514586/correctVersion.py,data/external/ConDefects/Test/abc338_c,50,3.14.3,True,,,50,eligible,
54924810,abc338_c,data/external/ConDefects/Code/abc338_c/Python/54924810/faultyVersion.py,data/external/ConDefects/Code/abc338_c/Python/54924810/correctVersion.py,data/external/ConDefects/Test/abc338_c,24,3.14.3,True,,,24,ineligible,loc < 25 (minimum length floor is 25)
52286746,abc338_d,data/external/ConDefects/Code/abc338_d/Python/52286746/faultyVersion.py,data/external/ConDefects/Code/abc338_d/Python/52286746/correctVersion.py,data/external/ConDefects/Test/abc338_d,31,3.14.3,True,,,31,eligible,
52942487,abc338_d,data/external/ConDefects/Code/abc338_d/Python/52942487/faultyVersion.py,data/external/ConDefects/Code/abc338_d/Python/52942487/correctVersion.py,data/external/ConDefects/Test/abc338_d,49,3.14.3,True,,,49,eligible,
53178716,abc338_d,data/external/ConDefects/Code/abc338_d/Python/53178716/faultyVersion.py,data/external/ConDefects/Code/abc338_d/Python/53178716/correctVersion.py,data/external/ConDefects/Test/abc338_d,16,3.14.3,True,,,16,ineligible,loc < 25 (minimum length floor is 25)
54041010,abc338_e,data/external/ConDefects/Code/abc338_e/Python/54041010/faultyVersion.py,data/external/ConDefects/Code/abc338_e/Python/54041010/correctVersion.py,data/external/ConDefects/Test/abc338_e,32,3.14.3,True,,,32,eligible,
52236687,abc338_f,data/external/ConDefects/Code/abc338_f/Python/52236687/faultyVersion.py,data/external/ConDefects/Code/abc338_f/Python/52236687/correctVersion.py,data/external/ConDefects/Test/abc338_f,41,3.14.3,True,,,41,eligible,
52289901,abc338_f,data/external/ConDefects/Code/abc338_f/Python/52289901/faultyVersion.py,data/external/ConDefects/Code/abc338_f/Python/52289901/correctVersion.py,data/external/ConDefects/Test/abc338_f,31,3.14.3,True,,,31,ineligible,multi-line fault — excluded by v2 single-line filter
52776716,abc338_f,data/external/ConDefects/Code/abc338_f/Python/52776716/faultyVersion.py,data/external/ConDefects/Code/abc338_f/Python/52776716/correctVersion.py,data/external/ConDefects/Test/abc338_f,23,3.14.3,True,,,23,ineligible,loc < 25 (minimum length floor is 25)
52776877,abc338_f,data/external/ConDefects/Code/abc338_f/Python/52776877/faultyVersion.py,data/external/ConDefects/Code/abc338_f/Python/52776877/correctVersion.py,data/external/ConDefects/Test/abc338_f,15,3.14.3,True,,,15,ineligible,loc < 25 (minimum length floor is 25)
53230147,abc338_f,data/external/ConDefects/Code/abc338_f/Python/53230147/faultyVersion.py,data/external/ConDefects/Code/abc338_f/Python/53230147/correctVersion.py,data/external/ConDefects/Test/abc338_f,32,3.14.3,True,,,32,eligible,
53731825,abc338_f,data/external/ConDefects/Code/abc338_f/Python/53731825/faultyVersion.py,data/external/ConDefects/Code/abc338_f/Python/53731825/correctVersion.py,data/external/ConDefects/Test/abc338_f,34,3.14.3,True,,,34,eligible,
54703600,abc338_f,data/external/ConDefects/Code/abc338_f/Python/54703600/faultyVersion.py,data/external/ConDefects/Code/abc338_f/Python/54703600/correctVersion.py,data/external/ConDefects/Test/abc338_f,26,3.14.3,True,,,26,ineligible,multiple independent faults
54618072,abc339_a,data/external/ConDefects/Code/abc339_a/Python/54618072/faultyVersion.py,data/external/ConDefects/Code/abc339_a/Python/54618072/correctVersion.py,data/external/ConDefects/Test/abc339_a,6,3.14.3,True,,,6,ineligible,loc < 25 (minimum length floor is 25)
55124019,abc339_a,data/external/ConDefects/Code/abc339_a/Python/55124019/faultyVersion.py,data/external/ConDefects/Code/abc339_a/Python/55124019/correctVersion.py,data/external/ConDefects/Test/abc339_a,5,3.14.3,True,,,5,ineligible,loc < 25 (minimum length floor is 25)
54311169,abc339_b,data/external/ConDefects/Code/abc339_b/Python/54311169/faultyVersion.py,data/external/ConDefects/Code/abc339_b/Python/54311169/correctVersion.py,data/external/ConDefects/Test/abc339_b,29,3.14.3,True,,,29,eligible,
54672032,abc339_b,data/external/ConDefects/Code/abc339_b/Python/54672032/faultyVersion.py,data/external/ConDefects/Code/abc339_b/Python/54672032/correctVersion.py,data/external/ConDefects/Test/abc339_b,28,3.14.3,True,,,28,eligible,
54222445,abc339_c,data/external/ConDefects/Code/abc339_c/Python/54222445/faultyVersion.py,data/external/ConDefects/Code/abc339_c/Python/54222445/correctVersion.py,data/external/ConDefects/Test/abc339_c,11,3.14.3,True,,,11,ineligible,loc < 25 (minimum length floor is 25)
54482593,abc339_c,data/external/ConDefects/Code/abc339_c/Python/54482593/faultyVersion.py,data/external/ConDefects/Code/abc339_c/Python/54482593/correctVersion.py,data/external/ConDefects/Test/abc339_c,19,3.14.3,True,,,19,ineligible,loc < 25 (minimum length floor is 25)
54545063,abc339_c,data/external/ConDefects/Code/abc339_c/Python/54545063/faultyVersion.py,data/external/ConDefects/Code/abc339_c/Python/54545063/correctVersion.py,data/external/ConDefects/Test/abc339_c,11,3.14.3,True,,,11,ineligible,loc < 25 (minimum length floor is 25)
54653451,abc339_c,data/external/ConDefects/Code/abc339_c/Python/54653451/faultyVersion.py,data/external/ConDefects/Code/abc339_c/Python/54653451/correctVersion.py,data/external/ConDefects/Test/abc339_c,12,3.14.3,True,,,12,ineligible,loc < 25 (minimum length floor is 25)
54709074,abc339_c,data/external/ConDefects/Code/abc339_c/Python/54709074/faultyVersion.py,data/external/ConDefects/Code/abc339_c/Python/54709074/correctVersion.py,data/external/ConDefects/Test/abc339_c,9,3.14.3,True,,,9,ineligible,loc < 25 (minimum length floor is 25)
54873036,abc339_c,data/external/ConDefects/Code/abc339_c/Python/54873036/faultyVersion.py,data/external/ConDefects/Code/abc339_c/Python/54873036/correctVersion.py,data/external/ConDefects/Test/abc339_c,15,3.14.3,True,,,15,ineligible,loc < 25 (minimum length floor is 25)
54915341,abc339_c,data/external/ConDefects/Code/abc339_c/Python/54915341/faultyVersion.py,data/external/ConDefects/Code/abc339_c/Python/54915341/correctVersion.py,data/external/ConDefects/Test/abc339_c,16,3.14.3,True,,,16,ineligible,loc < 25 (minimum length floor is 25)
52923119,abc339_e,data/external/ConDefects/Code/abc339_e/Python/52923119/faultyVersion.py,data/external/ConDefects/Code/abc339_e/Python/52923119/correctVersion.py,data/external/ConDefects/Test/abc339_e,69,3.14.3,True,,,69,ineligible,multiple independent faults
54055907,abc339_e,data/external/ConDefects/Code/abc339_e/Python/54055907/faultyVersion.py,data/external/ConDefects/Code/abc339_e/Python/54055907/correctVersion.py,data/external/ConDefects/Test/abc339_e,29,3.14.3,True,,,29,eligible,
52897763,abc339_f,data/external/ConDefects/Code/abc339_f/Python/52897763/faultyVersion.py,data/external/ConDefects/Code/abc339_f/Python/52897763/correctVersion.py,data/external/ConDefects/Test/abc339_f,16,3.14.3,True,,,16,ineligible,loc < 25 (minimum length floor is 25)
52982584,abc339_f,data/external/ConDefects/Code/abc339_f/Python/52982584/faultyVersion.py,data/external/ConDefects/Code/abc339_f/Python/52982584/correctVersion.py,data/external/ConDefects/Test/abc339_f,21,3.14.3,True,,,21,ineligible,loc < 25 (minimum length floor is 25)
53281757,abc339_f,data/external/ConDefects/Code/abc339_f/Python/53281757/faultyVersion.py,data/external/ConDefects/Code/abc339_f/Python/53281757/correctVersion.py,data/external/ConDefects/Test/abc339_f,25,3.14.3,True,,,25,eligible,
53967299,abc339_f,data/external/ConDefects/Code/abc339_f/Python/53967299/faultyVersion.py,data/external/ConDefects/Code/abc339_f/Python/53967299/correctVersion.py,data/external/ConDefects/Test/abc339_f,26,3.14.3,True,,,26,eligible,
54497544,abc339_f,data/external/ConDefects/Code/abc339_f/Python/54497544/faultyVersion.py,data/external/ConDefects/Code/abc339_f/Python/54497544/correctVersion.py,data/external/ConDefects/Test/abc339_f,17,3.14.3,True,,,17,ineligible,loc < 25 (minimum length floor is 25)
54522310,abc340_a,data/external/ConDefects/Code/abc340_a/Python/54522310/faultyVersion.py,data/external/ConDefects/Code/abc340_a/Python/54522310/correctVersion.py,data/external/ConDefects/Test/abc340_a,6,3.14.3,True,,,6,ineligible,loc < 25 (minimum length floor is 25)
54645367,abc340_a,data/external/ConDefects/Code/abc340_a/Python/54645367/faultyVersion.py,data/external/ConDefects/Code/abc340_a/Python/54645367/correctVersion.py,data/external/ConDefects/Test/abc340_a,6,3.14.3,True,,,6,ineligible,loc < 25 (minimum length floor is 25)
54976696,abc340_a,data/external/ConDefects/Code/abc340_a/Python/54976696/faultyVersion.py,data/external/ConDefects/Code/abc340_a/Python/54976696/correctVersion.py,data/external/ConDefects/Test/abc340_a,4,3.14.3,True,,,4,ineligible,loc < 25 (minimum length floor is 25)
54306887,abc340_b,data/external/ConDefects/Code/abc340_b/Python/54306887/faultyVersion.py,data/external/ConDefects/Code/abc340_b/Python/54306887/correctVersion.py,data/external/ConDefects/Test/abc340_b,12,3.14.3,True,,,12,ineligible,loc < 25 (minimum length floor is 25)
54695651,abc340_b,data/external/ConDefects/Code/abc340_b/Python/54695651/faultyVersion.py,data/external/ConDefects/Code/abc340_b/Python/54695651/correctVersion.py,data/external/ConDefects/Test/abc340_b,8,3.14.3,True,,,8,ineligible,loc < 25 (minimum length floor is 25)
54768693,abc340_b,data/external/ConDefects/Code/abc340_b/Python/54768693/faultyVersion.py,data/external/ConDefects/Code/abc340_b/Python/54768693/correctVersion.py,data/external/ConDefects/Test/abc340_b,10,3.14.3,True,,,10,ineligible,loc < 25 (minimum length floor is 25)
54892821,abc340_b,data/external/ConDefects/Code/abc340_b/Python/54892821/faultyVersion.py,data/external/ConDefects/Code/abc340_b/Python/54892821/correctVersion.py,data/external/ConDefects/Test/abc340_b,9,3.14.3,True,,,9,ineligible,loc < 25 (minimum length floor is 25)
54788831,abc340_c,data/external/ConDefects/Code/abc340_c/Python/54788831/faultyVersion.py,data/external/ConDefects/Code/abc340_c/Python/54788831/correctVersion.py,data/external/ConDefects/Test/abc340_c,20,3.14.3,True,,,20,ineligible,loc < 25 (minimum length floor is 25)
54883033,abc340_c,data/external/ConDefects/Code/abc340_c/Python/54883033/faultyVersion.py,data/external/ConDefects/Code/abc340_c/Python/54883033/correctVersion.py,data/external/ConDefects/Test/abc340_c,13,3.14.3,True,,,13,ineligible,loc < 25 (minimum length floor is 25)
54249756,abc340_d,data/external/ConDefects/Code/abc340_d/Python/54249756/faultyVersion.py,data/external/ConDefects/Code/abc340_d/Python/54249756/correctVersion.py,data/external/ConDefects/Test/abc340_d,41,3.14.3,True,,,41,ineligible,multiple independent faults
54442427,abc340_d,data/external/ConDefects/Code/abc340_d/Python/54442427/faultyVersion.py,data/external/ConDefects/Code/abc340_d/Python/54442427/correctVersion.py,data/external/ConDefects/Test/abc340_d,904,3.14.3,True,,,904,ineligible,loc > 300 (maximum length ceiling is 300)
55038628,abc340_d,data/external/ConDefects/Code/abc340_d/Python/55038628/faultyVersion.py,data/external/ConDefects/Code/abc340_d/Python/55038628/correctVersion.py,data/external/ConDefects/Test/abc340_d,29,3.14.3,True,,,29,eligible,
52406082,abc340_f,data/external/ConDefects/Code/abc340_f/Python/52406082/faultyVersion.py,data/external/ConDefects/Code/abc340_f/Python/52406082/correctVersion.py,data/external/ConDefects/Test/abc340_f,22,3.14.3,True,,,22,ineligible,loc < 25 (minimum length floor is 25)
52511513,abc340_f,data/external/ConDefects/Code/abc340_f/Python/52511513/faultyVersion.py,data/external/ConDefects/Code/abc340_f/Python/52511513/correctVersion.py,data/external/ConDefects/Test/abc340_f,30,3.14.3,True,,,30,eligible,
53251643,abc340_f,data/external/ConDefects/Code/abc340_f/Python/53251643/faultyVersion.py,data/external/ConDefects/Code/abc340_f/Python/53251643/correctVersion.py,data/external/ConDefects/Test/abc340_f,28,3.14.3,True,,,28,eligible,
55112719,abc340_f,data/external/ConDefects/Code/abc340_f/Python/55112719/faultyVersion.py,data/external/ConDefects/Code/abc340_f/Python/55112719/correctVersion.py,data/external/ConDefects/Test/abc340_f,30,3.14.3,True,,,30,eligible,
50192467,abc340_g,data/external/ConDefects/Code/abc340_g/Python/50192467/faultyVersion.py,data/external/ConDefects/Code/abc340_g/Python/50192467/correctVersion.py,data/external/ConDefects/Test/abc340_g,79,3.14.3,True,,,79,eligible,
54737422,abc341_a,data/external/ConDefects/Code/abc341_a/Python/54737422/faultyVersion.py,data/external/ConDefects/Code/abc341_a/Python/54737422/correctVersion.py,data/external/ConDefects/Test/abc341_a,10,3.14.3,True,,,10,ineligible,loc < 25 (minimum length floor is 25)
54459998,abc341_b,data/external/ConDefects/Code/abc341_b/Python/54459998/faultyVersion.py,data/external/ConDefects/Code/abc341_b/Python/54459998/correctVersion.py,data/external/ConDefects/Test/abc341_b,23,3.14.3,True,,,23,ineligible,loc < 25 (minimum length floor is 25)
54862743,abc341_b,data/external/ConDefects/Code/abc341_b/Python/54862743/faultyVersion.py,data/external/ConDefects/Code/abc341_b/Python/54862743/correctVersion.py,data/external/ConDefects/Test/abc341_b,8,3.14.3,True,,,8,ineligible,loc < 25 (minimum length floor is 25)
53726659,abc341_d,data/external/ConDefects/Code/abc341_d/Python/53726659/faultyVersion.py,data/external/ConDefects/Code/abc341_d/Python/53726659/correctVersion.py,data/external/ConDefects/Test/abc341_d,10,3.14.3,True,,,10,ineligible,loc < 25 (minimum length floor is 25)
53927639,abc341_d,data/external/ConDefects/Code/abc341_d/Python/53927639/faultyVersion.py,data/external/ConDefects/Code/abc341_d/Python/53927639/correctVersion.py,data/external/ConDefects/Test/abc341_d,27,3.14.3,True,,,27,eligible,
53931924,abc341_d,data/external/ConDefects/Code/abc341_d/Python/53931924/faultyVersion.py,data/external/ConDefects/Code/abc341_d/Python/53931924/correctVersion.py,data/external/ConDefects/Test/abc341_d,897,3.14.3,True,,,897,ineligible,loc > 300 (maximum length ceiling is 300)
54740423,abc341_d,data/external/ConDefects/Code/abc341_d/Python/54740423/faultyVersion.py,data/external/ConDefects/Code/abc341_d/Python/54740423/correctVersion.py,data/external/ConDefects/Test/abc341_d,12,3.14.3,True,,,12,ineligible,loc < 25 (minimum length floor is 25)
53935483,abc341_e,data/external/ConDefects/Code/abc341_e/Python/53935483/faultyVersion.py,data/external/ConDefects/Code/abc341_e/Python/53935483/correctVersion.py,data/external/ConDefects/Test/abc341_e,54,3.14.3,True,,,54,eligible,
54316816,abc341_e,data/external/ConDefects/Code/abc341_e/Python/54316816/faultyVersion.py,data/external/ConDefects/Code/abc341_e/Python/54316816/correctVersion.py,data/external/ConDefects/Test/abc341_e,28,3.14.3,True,,,28,eligible,
54515840,abc341_e,data/external/ConDefects/Code/abc341_e/Python/54515840/faultyVersion.py,data/external/ConDefects/Code/abc341_e/Python/54515840/correctVersion.py,data/external/ConDefects/Test/abc341_e,30,3.14.3,True,,,30,eligible,
54672989,abc342_a,data/external/ConDefects/Code/abc342_a/Python/54672989/faultyVersion.py,data/external/ConDefects/Code/abc342_a/Python/54672989/correctVersion.py,data/external/ConDefects/Test/abc342_a,5,3.14.3,True,,,5,ineligible,loc < 25 (minimum length floor is 25)
54737286,abc342_a,data/external/ConDefects/Code/abc342_a/Python/54737286/faultyVersion.py,data/external/ConDefects/Code/abc342_a/Python/54737286/correctVersion.py,data/external/ConDefects/Test/abc342_a,19,3.14.3,True,,,19,ineligible,loc < 25 (minimum length floor is 25)
54772316,abc342_a,data/external/ConDefects/Code/abc342_a/Python/54772316/faultyVersion.py,data/external/ConDefects/Code/abc342_a/Python/54772316/correctVersion.py,data/external/ConDefects/Test/abc342_a,8,3.14.3,True,,,8,ineligible,loc < 25 (minimum length floor is 25)
54911256,abc342_a,data/external/ConDefects/Code/abc342_a/Python/54911256/faultyVersion.py,data/external/ConDefects/Code/abc342_a/Python/54911256/correctVersion.py,data/external/ConDefects/Test/abc342_a,8,3.14.3,True,,,8,ineligible,loc < 25 (minimum length floor is 25)
54862037,abc342_b,data/external/ConDefects/Code/abc342_b/Python/54862037/faultyVersion.py,data/external/ConDefects/Code/abc342_b/Python/54862037/correctVersion.py,data/external/ConDefects/Test/abc342_b,13,3.14.3,True,,,13,ineligible,loc < 25 (minimum length floor is 25)
54516554,abc342_c,data/external/ConDefects/Code/abc342_c/Python/54516554/faultyVersion.py,data/external/ConDefects/Code/abc342_c/Python/54516554/correctVersion.py,data/external/ConDefects/Test/abc342_c,49,3.14.3,True,,,49,ineligible,multi-line fault — excluded by v2 single-line filter
54936668,abc342_c,data/external/ConDefects/Code/abc342_c/Python/54936668/faultyVersion.py,data/external/ConDefects/Code/abc342_c/Python/54936668/correctVersion.py,data/external/ConDefects/Test/abc342_c,15,3.14.3,True,,,15,ineligible,loc < 25 (minimum length floor is 25)
54693725,abc342_d,data/external/ConDefects/Code/abc342_d/Python/54693725/faultyVersion.py,data/external/ConDefects/Code/abc342_d/Python/54693725/correctVersion.py,data/external/ConDefects/Test/abc342_d,63,3.14.3,True,,,63,eligible,
55039384,abc342_d,data/external/ConDefects/Code/abc342_d/Python/55039384/faultyVersion.py,data/external/ConDefects/Code/abc342_d/Python/55039384/correctVersion.py,data/external/ConDefects/Test/abc342_d,27,3.14.3,True,,,27,eligible,
52012139,abc342_e,data/external/ConDefects/Code/abc342_e/Python/52012139/faultyVersion.py,data/external/ConDefects/Code/abc342_e/Python/52012139/correctVersion.py,data/external/ConDefects/Test/abc342_e,31,3.14.3,True,,,31,eligible,
52271105,abc342_e,data/external/ConDefects/Code/abc342_e/Python/52271105/faultyVersion.py,data/external/ConDefects/Code/abc342_e/Python/52271105/correctVersion.py,data/external/ConDefects/Test/abc342_e,56,3.14.3,True,,,56,eligible,
53929087,abc342_e,data/external/ConDefects/Code/abc342_e/Python/53929087/faultyVersion.py,data/external/ConDefects/Code/abc342_e/Python/53929087/correctVersion.py,data/external/ConDefects/Test/abc342_e,919,3.14.3,True,,,919,ineligible,loc > 300 (maximum length ceiling is 300)
54872777,abc342_e,data/external/ConDefects/Code/abc342_e/Python/54872777/faultyVersion.py,data/external/ConDefects/Code/abc342_e/Python/54872777/correctVersion.py,data/external/ConDefects/Test/abc342_e,27,3.14.3,True,,,27,eligible,
55130298,abc342_e,data/external/ConDefects/Code/abc342_e/Python/55130298/faultyVersion.py,data/external/ConDefects/Code/abc342_e/Python/55130298/correctVersion.py,data/external/ConDefects/Test/abc342_e,43,3.14.3,True,,,43,eligible,
55130748,abc342_e,data/external/ConDefects/Code/abc342_e/Python/55130748/faultyVersion.py,data/external/ConDefects/Code/abc342_e/Python/55130748/correctVersion.py,data/external/ConDefects/Test/abc342_e,8,3.14.3,True,,,8,ineligible,loc < 25 (minimum length floor is 25)
50665510,abc342_f,data/external/ConDefects/Code/abc342_f/Python/50665510/faultyVersion.py,data/external/ConDefects/Code/abc342_f/Python/50665510/correctVersion.py,data/external/ConDefects/Test/abc342_f,164,3.14.3,True,,,164,eligible,
50697688,abc342_f,data/external/ConDefects/Code/abc342_f/Python/50697688/faultyVersion.py,data/external/ConDefects/Code/abc342_f/Python/50697688/correctVersion.py,data/external/ConDefects/Test/abc342_f,66,3.14.3,True,,,66,ineligible,multiple independent faults
54509689,abc342_f,data/external/ConDefects/Code/abc342_f/Python/54509689/faultyVersion.py,data/external/ConDefects/Code/abc342_f/Python/54509689/correctVersion.py,data/external/ConDefects/Test/abc342_f,72,3.14.3,True,,,72,eligible,
50668241,abc342_g,data/external/ConDefects/Code/abc342_g/Python/50668241/faultyVersion.py,data/external/ConDefects/Code/abc342_g/Python/50668241/correctVersion.py,data/external/ConDefects/Test/abc342_g,75,3.14.3,True,,,75,eligible,
50740919,abc342_g,data/external/ConDefects/Code/abc342_g/Python/50740919/faultyVersion.py,data/external/ConDefects/Code/abc342_g/Python/50740919/correctVersion.py,data/external/ConDefects/Test/abc342_g,49,3.14.3,True,,,49,eligible,
54300616,abc343_b,data/external/ConDefects/Code/abc343_b/Python/54300616/faultyVersion.py,data/external/ConDefects/Code/abc343_b/Python/54300616/correctVersion.py,data/external/ConDefects/Test/abc343_b,14,3.14.3,True,,,14,ineligible,loc < 25 (minimum length floor is 25)
54540340,abc343_b,data/external/ConDefects/Code/abc343_b/Python/54540340/faultyVersion.py,data/external/ConDefects/Code/abc343_b/Python/54540340/correctVersion.py,data/external/ConDefects/Test/abc343_b,8,3.14.3,True,,,8,ineligible,loc < 25 (minimum length floor is 25)
54873239,abc343_b,data/external/ConDefects/Code/abc343_b/Python/54873239/faultyVersion.py,data/external/ConDefects/Code/abc343_b/Python/54873239/correctVersion.py,data/external/ConDefects/Test/abc343_b,8,3.14.3,True,,,8,ineligible,loc < 25 (minimum length floor is 25)
54626929,abc343_c,data/external/ConDefects/Code/abc343_c/Python/54626929/faultyVersion.py,data/external/ConDefects/Code/abc343_c/Python/54626929/correctVersion.py,data/external/ConDefects/Test/abc343_c,18,3.14.3,True,,,18,ineligible,loc < 25 (minimum length floor is 25)
54740731,abc343_c,data/external/ConDefects/Code/abc343_c/Python/54740731/faultyVersion.py,data/external/ConDefects/Code/abc343_c/Python/54740731/correctVersion.py,data/external/ConDefects/Test/abc343_c,14,3.14.3,True,,,14,ineligible,loc < 25 (minimum length floor is 25)
54772219,abc343_c,data/external/ConDefects/Code/abc343_c/Python/54772219/faultyVersion.py,data/external/ConDefects/Code/abc343_c/Python/54772219/correctVersion.py,data/external/ConDefects/Test/abc343_c,12,3.14.3,True,,,12,ineligible,loc < 25 (minimum length floor is 25)
54781891,abc343_c,data/external/ConDefects/Code/abc343_c/Python/54781891/faultyVersion.py,data/external/ConDefects/Code/abc343_c/Python/54781891/correctVersion.py,data/external/ConDefects/Test/abc343_c,14,3.14.3,True,,,14,ineligible,loc < 25 (minimum length floor is 25)
54879224,abc343_c,data/external/ConDefects/Code/abc343_c/Python/54879224/faultyVersion.py,data/external/ConDefects/Code/abc343_c/Python/54879224/correctVersion.py,data/external/ConDefects/Test/abc343_c,15,3.14.3,True,,,15,ineligible,loc < 25 (minimum length floor is 25)
54882998,abc343_c,data/external/ConDefects/Code/abc343_c/Python/54882998/faultyVersion.py,data/external/ConDefects/Code/abc343_c/Python/54882998/correctVersion.py,data/external/ConDefects/Test/abc343_c,895,3.14.3,True,,,895,ineligible,loc > 300 (maximum length ceiling is 300)
54944365,abc343_c,data/external/ConDefects/Code/abc343_c/Python/54944365/faultyVersion.py,data/external/ConDefects/Code/abc343_c/Python/54944365/correctVersion.py,data/external/ConDefects/Test/abc343_c,20,3.14.3,True,,,20,ineligible,loc < 25 (minimum length floor is 25)
54978258,abc343_c,data/external/ConDefects/Code/abc343_c/Python/54978258/faultyVersion.py,data/external/ConDefects/Code/abc343_c/Python/54978258/correctVersion.py,data/external/ConDefects/Test/abc343_c,30,3.14.3,True,,,30,eligible,
55032181,abc343_c,data/external/ConDefects/Code/abc343_c/Python/55032181/faultyVersion.py,data/external/ConDefects/Code/abc343_c/Python/55032181/correctVersion.py,data/external/ConDefects/Test/abc343_c,10,3.14.3,True,,,10,ineligible,loc < 25 (minimum length floor is 25)
55124093,abc343_c,data/external/ConDefects/Code/abc343_c/Python/55124093/faultyVersion.py,data/external/ConDefects/Code/abc343_c/Python/55124093/correctVersion.py,data/external/ConDefects/Test/abc343_c,9,3.14.3,True,,,9,ineligible,loc < 25 (minimum length floor is 25)
54888063,abc343_d,data/external/ConDefects/Code/abc343_d/Python/54888063/faultyVersion.py,data/external/ConDefects/Code/abc343_d/Python/54888063/correctVersion.py,data/external/ConDefects/Test/abc343_d,15,3.14.3,True,,,15,ineligible,loc < 25 (minimum length floor is 25)
54516497,abc343_e,data/external/ConDefects/Code/abc343_e/Python/54516497/faultyVersion.py,data/external/ConDefects/Code/abc343_e/Python/54516497/correctVersion.py,data/external/ConDefects/Test/abc343_e,31,3.14.3,True,,,31,eligible,
50999715,abc343_g,data/external/ConDefects/Code/abc343_g/Python/50999715/faultyVersion.py,data/external/ConDefects/Code/abc343_g/Python/50999715/correctVersion.py,data/external/ConDefects/Test/abc343_g,214,3.14.3,True,,,214,ineligible,multi-line fault — excluded by v2 single-line filter
51192628,abc343_g,data/external/ConDefects/Code/abc343_g/Python/51192628/faultyVersion.py,data/external/ConDefects/Code/abc343_g/Python/51192628/correctVersion.py,data/external/ConDefects/Test/abc343_g,87,3.14.3,True,,,87,ineligible,multiple independent faults
54865781,abc344_a,data/external/ConDefects/Code/abc344_a/Python/54865781/faultyVersion.py,data/external/ConDefects/Code/abc344_a/Python/54865781/correctVersion.py,data/external/ConDefects/Test/abc344_a,6,3.14.3,True,,,6,ineligible,loc < 25 (minimum length floor is 25)
54684544,abc344_b,data/external/ConDefects/Code/abc344_b/Python/54684544/faultyVersion.py,data/external/ConDefects/Code/abc344_b/Python/54684544/correctVersion.py,data/external/ConDefects/Test/abc344_b,7,3.14.3,True,,,7,ineligible,loc < 25 (minimum length floor is 25)
54708796,abc344_b,data/external/ConDefects/Code/abc344_b/Python/54708796/faultyVersion.py,data/external/ConDefects/Code/abc344_b/Python/54708796/correctVersion.py,data/external/ConDefects/Test/abc344_b,9,3.14.3,True,,,9,ineligible,loc < 25 (minimum length floor is 25)
54781147,abc344_b,data/external/ConDefects/Code/abc344_b/Python/54781147/faultyVersion.py,data/external/ConDefects/Code/abc344_b/Python/54781147/correctVersion.py,data/external/ConDefects/Test/abc344_b,7,3.14.3,True,,,7,ineligible,loc < 25 (minimum length floor is 25)
54709044,abc344_c,data/external/ConDefects/Code/abc344_c/Python/54709044/faultyVersion.py,data/external/ConDefects/Code/abc344_c/Python/54709044/correctVersion.py,data/external/ConDefects/Test/abc344_c,33,3.14.3,True,,,33,ineligible,non-algorithmic fault
54876594,abc344_d,data/external/ConDefects/Code/abc344_d/Python/54876594/faultyVersion.py,data/external/ConDefects/Code/abc344_d/Python/54876594/correctVersion.py,data/external/ConDefects/Test/abc344_d,43,3.14.3,True,,,43,ineligible,multiple independent faults
54960181,abc344_d,data/external/ConDefects/Code/abc344_d/Python/54960181/faultyVersion.py,data/external/ConDefects/Code/abc344_d/Python/54960181/correctVersion.py,data/external/ConDefects/Test/abc344_d,21,3.14.3,True,,,21,ineligible,loc < 25 (minimum length floor is 25)
54946927,abc345_a,data/external/ConDefects/Code/abc345_a/Python/54946927/faultyVersion.py,data/external/ConDefects/Code/abc345_a/Python/54946927/correctVersion.py,data/external/ConDefects/Test/abc345_a,9,3.14.3,True,,,9,ineligible,loc < 25 (minimum length floor is 25)
54949643,abc345_a,data/external/ConDefects/Code/abc345_a/Python/54949643/faultyVersion.py,data/external/ConDefects/Code/abc345_a/Python/54949643/correctVersion.py,data/external/ConDefects/Test/abc345_a,16,3.14.3,True,,,16,ineligible,loc < 25 (minimum length floor is 25)
54755519,abc345_b,data/external/ConDefects/Code/abc345_b/Python/54755519/faultyVersion.py,data/external/ConDefects/Code/abc345_b/Python/54755519/correctVersion.py,data/external/ConDefects/Test/abc345_b,3,3.14.3,True,,,3,ineligible,loc < 25 (minimum length floor is 25)
54787477,abc345_b,data/external/ConDefects/Code/abc345_b/Python/54787477/faultyVersion.py,data/external/ConDefects/Code/abc345_b/Python/54787477/correctVersion.py,data/external/ConDefects/Test/abc345_b,6,3.14.3,True,,,6,ineligible,loc < 25 (minimum length floor is 25)
54904819,abc345_b,data/external/ConDefects/Code/abc345_b/Python/54904819/faultyVersion.py,data/external/ConDefects/Code/abc345_b/Python/54904819/correctVersion.py,data/external/ConDefects/Test/abc345_b,8,3.14.3,True,,,8,ineligible,loc < 25 (minimum length floor is 25)
54913953,abc345_b,data/external/ConDefects/Code/abc345_b/Python/54913953/faultyVersion.py,data/external/ConDefects/Code/abc345_b/Python/54913953/correctVersion.py,data/external/ConDefects/Test/abc345_b,5,3.14.3,True,,,5,ineligible,loc < 25 (minimum length floor is 25)
54914858,abc345_b,data/external/ConDefects/Code/abc345_b/Python/54914858/faultyVersion.py,data/external/ConDefects/Code/abc345_b/Python/54914858/correctVersion.py,data/external/ConDefects/Test/abc345_b,6,3.14.3,True,,,6,ineligible,loc < 25 (minimum length floor is 25)
54753666,abc345_c,data/external/ConDefects/Code/abc345_c/Python/54753666/faultyVersion.py,data/external/ConDefects/Code/abc345_c/Python/54753666/correctVersion.py,data/external/ConDefects/Test/abc345_c,15,3.14.3,True,,,15,ineligible,loc < 25 (minimum length floor is 25)
53727420,abc345_d,data/external/ConDefects/Code/abc345_d/Python/53727420/faultyVersion.py,data/external/ConDefects/Code/abc345_d/Python/53727420/correctVersion.py,data/external/ConDefects/Test/abc345_d,42,3.14.3,True,,,42,eligible,
54461819,abc345_d,data/external/ConDefects/Code/abc345_d/Python/54461819/faultyVersion.py,data/external/ConDefects/Code/abc345_d/Python/54461819/correctVersion.py,data/external/ConDefects/Test/abc345_d,105,3.14.3,True,,,105,eligible,
54472552,abc345_d,data/external/ConDefects/Code/abc345_d/Python/54472552/faultyVersion.py,data/external/ConDefects/Code/abc345_d/Python/54472552/correctVersion.py,data/external/ConDefects/Test/abc345_d,34,3.14.3,True,,,34,ineligible,multi-line fault — excluded by v2 single-line filter
51995381,abc345_e,data/external/ConDefects/Code/abc345_e/Python/51995381/faultyVersion.py,data/external/ConDefects/Code/abc345_e/Python/51995381/correctVersion.py,data/external/ConDefects/Test/abc345_e,40,3.14.3,True,,,40,eligible,
52899692,abc345_e,data/external/ConDefects/Code/abc345_e/Python/52899692/faultyVersion.py,data/external/ConDefects/Code/abc345_e/Python/52899692/correctVersion.py,data/external/ConDefects/Test/abc345_e,49,3.14.3,True,,,49,eligible,
51504279,abc345_f,data/external/ConDefects/Code/abc345_f/Python/51504279/faultyVersion.py,data/external/ConDefects/Code/abc345_f/Python/51504279/correctVersion.py,data/external/ConDefects/Test/abc345_f,49,3.14.3,True,,,49,eligible,
52944760,abc345_f,data/external/ConDefects/Code/abc345_f/Python/52944760/faultyVersion.py,data/external/ConDefects/Code/abc345_f/Python/52944760/correctVersion.py,data/external/ConDefects/Test/abc345_f,118,3.14.3,True,,,118,eligible,
54883700,abc346_b,data/external/ConDefects/Code/abc346_b/Python/54883700/faultyVersion.py,data/external/ConDefects/Code/abc346_b/Python/54883700/correctVersion.py,data/external/ConDefects/Test/abc346_b,10,3.14.3,True,,,10,ineligible,loc < 25 (minimum length floor is 25)
54925895,abc346_b,data/external/ConDefects/Code/abc346_b/Python/54925895/faultyVersion.py,data/external/ConDefects/Code/abc346_b/Python/54925895/correctVersion.py,data/external/ConDefects/Test/abc346_b,27,3.14.3,True,,,27,eligible,
55019091,abc346_b,data/external/ConDefects/Code/abc346_b/Python/55019091/faultyVersion.py,data/external/ConDefects/Code/abc346_b/Python/55019091/correctVersion.py,data/external/ConDefects/Test/abc346_b,26,3.14.3,True,,,26,eligible,
55138933,abc346_b,data/external/ConDefects/Code/abc346_b/Python/55138933/faultyVersion.py,data/external/ConDefects/Code/abc346_b/Python/55138933/correctVersion.py,data/external/ConDefects/Test/abc346_b,27,3.14.3,True,,,27,eligible,
54986100,abc346_c,data/external/ConDefects/Code/abc346_c/Python/54986100/faultyVersion.py,data/external/ConDefects/Code/abc346_c/Python/54986100/correctVersion.py,data/external/ConDefects/Test/abc346_c,8,3.14.3,True,,,8,ineligible,loc < 25 (minimum length floor is 25)
55135268,abc346_c,data/external/ConDefects/Code/abc346_c/Python/55135268/faultyVersion.py,data/external/ConDefects/Code/abc346_c/Python/55135268/correctVersion.py,data/external/ConDefects/Test/abc346_c,12,3.14.3,True,,,12,ineligible,loc < 25 (minimum length floor is 25)
55155506,abc346_c,data/external/ConDefects/Code/abc346_c/Python/55155506/faultyVersion.py,data/external/ConDefects/Code/abc346_c/Python/55155506/correctVersion.py,data/external/ConDefects/Test/abc346_c,8,3.14.3,True,,,8,ineligible,loc < 25 (minimum length floor is 25)
53744023,abc346_d,data/external/ConDefects/Code/abc346_d/Python/53744023/faultyVersion.py,data/external/ConDefects/Code/abc346_d/Python/53744023/correctVersion.py,data/external/ConDefects/Test/abc346_d,36,3.14.3,True,,,36,eligible,
53935383,abc346_d,data/external/ConDefects/Code/abc346_d/Python/53935383/faultyVersion.py,data/external/ConDefects/Code/abc346_d/Python/53935383/correctVersion.py,data/external/ConDefects/Test/abc346_d,53,3.14.3,True,,,53,eligible,
54469627,abc346_d,data/external/ConDefects/Code/abc346_d/Python/54469627/faultyVersion.py,data/external/ConDefects/Code/abc346_d/Python/54469627/correctVersion.py,data/external/ConDefects/Test/abc346_d,27,3.14.3,True,,,27,eligible,
54543042,abc346_d,data/external/ConDefects/Code/abc346_d/Python/54543042/faultyVersion.py,data/external/ConDefects/Code/abc346_d/Python/54543042/correctVersion.py,data/external/ConDefects/Test/abc346_d,39,3.14.3,True,,,39,eligible,
54675380,abc346_d,data/external/ConDefects/Code/abc346_d/Python/54675380/faultyVersion.py,data/external/ConDefects/Code/abc346_d/Python/54675380/correctVersion.py,data/external/ConDefects/Test/abc346_d,31,3.14.3,True,,,31,eligible,
54740445,abc346_d,data/external/ConDefects/Code/abc346_d/Python/54740445/faultyVersion.py,data/external/ConDefects/Code/abc346_d/Python/54740445/correctVersion.py,data/external/ConDefects/Test/abc346_d,30,3.14.3,True,,,30,eligible,
54999312,abc346_d,data/external/ConDefects/Code/abc346_d/Python/54999312/faultyVersion.py,data/external/ConDefects/Code/abc346_d/Python/54999312/correctVersion.py,data/external/ConDefects/Test/abc346_d,24,3.14.3,True,,,24,ineligible,loc < 25 (minimum length floor is 25)
55040229,abc346_d,data/external/ConDefects/Code/abc346_d/Python/55040229/faultyVersion.py,data/external/ConDefects/Code/abc346_d/Python/55040229/correctVersion.py,data/external/ConDefects/Test/abc346_d,19,3.14.3,True,,,19,ineligible,loc < 25 (minimum length floor is 25)
52762677,abc346_e,data/external/ConDefects/Code/abc346_e/Python/52762677/faultyVersion.py,data/external/ConDefects/Code/abc346_e/Python/52762677/correctVersion.py,data/external/ConDefects/Test/abc346_e,25,3.14.3,True,,,25,eligible,
54144246,abc346_e,data/external/ConDefects/Code/abc346_e/Python/54144246/faultyVersion.py,data/external/ConDefects/Code/abc346_e/Python/54144246/correctVersion.py,data/external/ConDefects/Test/abc346_e,54,3.14.3,True,,,54,eligible,
53131253,abc346_f,data/external/ConDefects/Code/abc346_f/Python/53131253/faultyVersion.py,data/external/ConDefects/Code/abc346_f/Python/53131253/correctVersion.py,data/external/ConDefects/Test/abc346_f,42,3.14.3,True,,,42,eligible,
53286789,abc346_f,data/external/ConDefects/Code/abc346_f/Python/53286789/faultyVersion.py,data/external/ConDefects/Code/abc346_f/Python/53286789/correctVersion.py,data/external/ConDefects/Test/abc346_f,46,3.14.3,True,,,46,eligible,
53725760,abc346_f,data/external/ConDefects/Code/abc346_f/Python/53725760/faultyVersion.py,data/external/ConDefects/Code/abc346_f/Python/53725760/correctVersion.py,data/external/ConDefects/Test/abc346_f,32,3.14.3,True,,,32,ineligible,multiple independent faults
54698915,abc346_f,data/external/ConDefects/Code/abc346_f/Python/54698915/faultyVersion.py,data/external/ConDefects/Code/abc346_f/Python/54698915/correctVersion.py,data/external/ConDefects/Test/abc346_f,55,3.14.3,True,,,55,eligible,
51628683,abc346_g,data/external/ConDefects/Code/abc346_g/Python/51628683/faultyVersion.py,data/external/ConDefects/Code/abc346_g/Python/51628683/correctVersion.py,data/external/ConDefects/Test/abc346_g,245,3.14.3,True,,,245,ineligible,multi-line fault — excluded by v2 single-line filter
51994914,abc346_g,data/external/ConDefects/Code/abc346_g/Python/51994914/faultyVersion.py,data/external/ConDefects/Code/abc346_g/Python/51994914/correctVersion.py,data/external/ConDefects/Test/abc346_g,178,3.14.3,True,,,178,ineligible,multiple independent faults
54735895,abc347_a,data/external/ConDefects/Code/abc347_a/Python/54735895/faultyVersion.py,data/external/ConDefects/Code/abc347_a/Python/54735895/correctVersion.py,data/external/ConDefects/Test/abc347_a,10,3.14.3,True,,,10,ineligible,loc < 25 (minimum length floor is 25)
54752692,abc347_a,data/external/ConDefects/Code/abc347_a/Python/54752692/faultyVersion.py,data/external/ConDefects/Code/abc347_a/Python/54752692/correctVersion.py,data/external/ConDefects/Test/abc347_a,6,3.14.3,True,,,6,ineligible,loc < 25 (minimum length floor is 25)
54768582,abc347_a,data/external/ConDefects/Code/abc347_a/Python/54768582/faultyVersion.py,data/external/ConDefects/Code/abc347_a/Python/54768582/correctVersion.py,data/external/ConDefects/Test/abc347_a,9,3.14.3,True,,,9,ineligible,loc < 25 (minimum length floor is 25)
54976417,abc347_a,data/external/ConDefects/Code/abc347_a/Python/54976417/faultyVersion.py,data/external/ConDefects/Code/abc347_a/Python/54976417/correctVersion.py,data/external/ConDefects/Test/abc347_a,9,3.14.3,True,,,9,ineligible,loc < 25 (minimum length floor is 25)
54997243,abc347_a,data/external/ConDefects/Code/abc347_a/Python/54997243/faultyVersion.py,data/external/ConDefects/Code/abc347_a/Python/54997243/correctVersion.py,data/external/ConDefects/Test/abc347_a,9,3.14.3,True,,,9,ineligible,loc < 25 (minimum length floor is 25)
55038235,abc347_a,data/external/ConDefects/Code/abc347_a/Python/55038235/faultyVersion.py,data/external/ConDefects/Code/abc347_a/Python/55038235/correctVersion.py,data/external/ConDefects/Test/abc347_a,6,3.14.3,True,,,6,ineligible,loc < 25 (minimum length floor is 25)
54617710,abc347_b,data/external/ConDefects/Code/abc347_b/Python/54617710/faultyVersion.py,data/external/ConDefects/Code/abc347_b/Python/54617710/correctVersion.py,data/external/ConDefects/Test/abc347_b,6,3.14.3,True,,,6,ineligible,loc < 25 (minimum length floor is 25)
55003393,abc347_b,data/external/ConDefects/Code/abc347_b/Python/55003393/faultyVersion.py,data/external/ConDefects/Code/abc347_b/Python/55003393/correctVersion.py,data/external/ConDefects/Test/abc347_b,10,3.14.3,True,,,10,ineligible,loc < 25 (minimum length floor is 25)
55043661,abc347_c,data/external/ConDefects/Code/abc347_c/Python/55043661/faultyVersion.py,data/external/ConDefects/Code/abc347_c/Python/55043661/correctVersion.py,data/external/ConDefects/Test/abc347_c,18,3.14.3,True,,,18,ineligible,loc < 25 (minimum length floor is 25)
55146553,abc347_c,data/external/ConDefects/Code/abc347_c/Python/55146553/faultyVersion.py,data/external/ConDefects/Code/abc347_c/Python/55146553/correctVersion.py,data/external/ConDefects/Test/abc347_c,20,3.14.3,True,,,20,ineligible,loc < 25 (minimum length floor is 25)
55155622,abc347_c,data/external/ConDefects/Code/abc347_c/Python/55155622/faultyVersion.py,data/external/ConDefects/Code/abc347_c/Python/55155622/correctVersion.py,data/external/ConDefects/Test/abc347_c,32,3.14.3,True,,,32,eligible,
54755669,abc347_d,data/external/ConDefects/Code/abc347_d/Python/54755669/faultyVersion.py,data/external/ConDefects/Code/abc347_d/Python/54755669/correctVersion.py,data/external/ConDefects/Test/abc347_d,52,3.14.3,True,,,52,ineligible,multi-line fault — excluded by v2 single-line filter
54756307,abc347_d,data/external/ConDefects/Code/abc347_d/Python/54756307/faultyVersion.py,data/external/ConDefects/Code/abc347_d/Python/54756307/correctVersion.py,data/external/ConDefects/Test/abc347_d,58,3.14.3,True,,,58,eligible,
55134495,abc347_d,data/external/ConDefects/Code/abc347_d/Python/55134495/faultyVersion.py,data/external/ConDefects/Code/abc347_d/Python/55134495/correctVersion.py,data/external/ConDefects/Test/abc347_d,43,3.14.3,True,,,43,eligible,
55147936,abc347_d,data/external/ConDefects/Code/abc347_d/Python/55147936/faultyVersion.py,data/external/ConDefects/Code/abc347_d/Python/55147936/correctVersion.py,data/external/ConDefects/Test/abc347_d,50,3.14.3,True,,,50,eligible,
52950646,abc347_e,data/external/ConDefects/Code/abc347_e/Python/52950646/faultyVersion.py,data/external/ConDefects/Code/abc347_e/Python/52950646/correctVersion.py,data/external/ConDefects/Test/abc347_e,22,3.14.3,True,,,22,ineligible,loc < 25 (minimum length floor is 25)
53797654,abc347_e,data/external/ConDefects/Code/abc347_e/Python/53797654/faultyVersion.py,data/external/ConDefects/Code/abc347_e/Python/53797654/correctVersion.py,data/external/ConDefects/Test/abc347_e,56,3.14.3,True,,,56,eligible,
55155569,abc347_e,data/external/ConDefects/Code/abc347_e/Python/55155569/faultyVersion.py,data/external/ConDefects/Code/abc347_e/Python/55155569/correctVersion.py,data/external/ConDefects/Test/abc347_e,47,3.14.3,True,,,47,eligible,
51970859,abc347_f,data/external/ConDefects/Code/abc347_f/Python/51970859/faultyVersion.py,data/external/ConDefects/Code/abc347_f/Python/51970859/correctVersion.py,data/external/ConDefects/Test/abc347_f,127,3.14.3,True,,,127,eligible,
52760025,abc347_f,data/external/ConDefects/Code/abc347_f/Python/52760025/faultyVersion.py,data/external/ConDefects/Code/abc347_f/Python/52760025/correctVersion.py,data/external/ConDefects/Test/abc347_f,142,3.14.3,True,,,142,eligible,
51866544,abc347_g,data/external/ConDefects/Code/abc347_g/Python/51866544/faultyVersion.py,data/external/ConDefects/Code/abc347_g/Python/51866544/correctVersion.py,data/external/ConDefects/Test/abc347_g,119,3.14.3,True,,,119,eligible,
54751581,abc348_a,data/external/ConDefects/Code/abc348_a/Python/54751581/faultyVersion.py,data/external/ConDefects/Code/abc348_a/Python/54751581/correctVersion.py,data/external/ConDefects/Test/abc348_a,6,3.14.3,True,,,6,ineligible,loc < 25 (minimum length floor is 25)
54752579,abc348_a,data/external/ConDefects/Code/abc348_a/Python/54752579/faultyVersion.py,data/external/ConDefects/Code/abc348_a/Python/54752579/correctVersion.py,data/external/ConDefects/Test/abc348_a,7,3.14.3,True,,,7,ineligible,loc < 25 (minimum length floor is 25)
54770076,abc348_a,data/external/ConDefects/Code/abc348_a/Python/54770076/faultyVersion.py,data/external/ConDefects/Code/abc348_a/Python/54770076/correctVersion.py,data/external/ConDefects/Test/abc348_a,11,3.14.3,True,,,11,ineligible,loc < 25 (minimum length floor is 25)
54898289,abc348_a,data/external/ConDefects/Code/abc348_a/Python/54898289/faultyVersion.py,data/external/ConDefects/Code/abc348_a/Python/54898289/correctVersion.py,data/external/ConDefects/Test/abc348_a,8,3.14.3,True,,,8,ineligible,loc < 25 (minimum length floor is 25)
54681082,abc348_b,data/external/ConDefects/Code/abc348_b/Python/54681082/faultyVersion.py,data/external/ConDefects/Code/abc348_b/Python/54681082/correctVersion.py,data/external/ConDefects/Test/abc348_b,22,3.14.3,True,,,22,ineligible,loc < 25 (minimum length floor is 25)
54985226,abc348_b,data/external/ConDefects/Code/abc348_b/Python/54985226/faultyVersion.py,data/external/ConDefects/Code/abc348_b/Python/54985226/correctVersion.py,data/external/ConDefects/Test/abc348_b,13,3.14.3,True,,,13,ineligible,loc < 25 (minimum length floor is 25)
55140212,abc348_b,data/external/ConDefects/Code/abc348_b/Python/55140212/faultyVersion.py,data/external/ConDefects/Code/abc348_b/Python/55140212/correctVersion.py,data/external/ConDefects/Test/abc348_b,12,3.14.3,True,,,12,ineligible,loc < 25 (minimum length floor is 25)
54707785,abc348_c,data/external/ConDefects/Code/abc348_c/Python/54707785/faultyVersion.py,data/external/ConDefects/Code/abc348_c/Python/54707785/correctVersion.py,data/external/ConDefects/Test/abc348_c,18,3.14.3,True,,,18,ineligible,loc < 25 (minimum length floor is 25)
54773465,abc348_c,data/external/ConDefects/Code/abc348_c/Python/54773465/faultyVersion.py,data/external/ConDefects/Code/abc348_c/Python/54773465/correctVersion.py,data/external/ConDefects/Test/abc348_c,13,3.14.3,True,,,13,ineligible,loc < 25 (minimum length floor is 25)
54773547,abc348_c,data/external/ConDefects/Code/abc348_c/Python/54773547/faultyVersion.py,data/external/ConDefects/Code/abc348_c/Python/54773547/correctVersion.py,data/external/ConDefects/Test/abc348_c,9,3.14.3,True,,,9,ineligible,loc < 25 (minimum length floor is 25)
55014351,abc348_c,data/external/ConDefects/Code/abc348_c/Python/55014351/faultyVersion.py,data/external/ConDefects/Code/abc348_c/Python/55014351/correctVersion.py,data/external/ConDefects/Test/abc348_c,6,3.14.3,True,,,6,ineligible,loc < 25 (minimum length floor is 25)
54754604,abc348_d,data/external/ConDefects/Code/abc348_d/Python/54754604/faultyVersion.py,data/external/ConDefects/Code/abc348_d/Python/54754604/correctVersion.py,data/external/ConDefects/Test/abc348_d,59,3.14.3,True,,,59,eligible,
54735340,abc349_a,data/external/ConDefects/Code/abc349_a/Python/54735340/faultyVersion.py,data/external/ConDefects/Code/abc349_a/Python/54735340/correctVersion.py,data/external/ConDefects/Test/abc349_a,5,3.14.3,True,,,5,ineligible,loc < 25 (minimum length floor is 25)
54914679,abc349_a,data/external/ConDefects/Code/abc349_a/Python/54914679/faultyVersion.py,data/external/ConDefects/Code/abc349_a/Python/54914679/correctVersion.py,data/external/ConDefects/Test/abc349_a,7,3.14.3,True,,,7,ineligible,loc < 25 (minimum length floor is 25)
54719195,abc349_b,data/external/ConDefects/Code/abc349_b/Python/54719195/faultyVersion.py,data/external/ConDefects/Code/abc349_b/Python/54719195/correctVersion.py,data/external/ConDefects/Test/abc349_b,11,3.14.3,True,,,11,ineligible,loc < 25 (minimum length floor is 25)
54749110,abc349_b,data/external/ConDefects/Code/abc349_b/Python/54749110/faultyVersion.py,data/external/ConDefects/Code/abc349_b/Python/54749110/correctVersion.py,data/external/ConDefects/Test/abc349_b,26,3.14.3,True,,,26,ineligible,multiple independent faults
54751980,abc349_b,data/external/ConDefects/Code/abc349_b/Python/54751980/faultyVersion.py,data/external/ConDefects/Code/abc349_b/Python/54751980/correctVersion.py,data/external/ConDefects/Test/abc349_b,12,3.14.3,True,,,12,ineligible,loc < 25 (minimum length floor is 25)
54765901,abc349_b,data/external/ConDefects/Code/abc349_b/Python/54765901/faultyVersion.py,data/external/ConDefects/Code/abc349_b/Python/54765901/correctVersion.py,data/external/ConDefects/Test/abc349_b,20,3.14.3,True,,,20,ineligible,loc < 25 (minimum length floor is 25)
54895344,abc349_b,data/external/ConDefects/Code/abc349_b/Python/54895344/faultyVersion.py,data/external/ConDefects/Code/abc349_b/Python/54895344/correctVersion.py,data/external/ConDefects/Test/abc349_b,23,3.14.3,True,,,23,ineligible,loc < 25 (minimum length floor is 25)
54918141,abc349_b,data/external/ConDefects/Code/abc349_b/Python/54918141/faultyVersion.py,data/external/ConDefects/Code/abc349_b/Python/54918141/correctVersion.py,data/external/ConDefects/Test/abc349_b,25,3.14.3,True,,,25,eligible,
54938253,abc349_b,data/external/ConDefects/Code/abc349_b/Python/54938253/faultyVersion.py,data/external/ConDefects/Code/abc349_b/Python/54938253/correctVersion.py,data/external/ConDefects/Test/abc349_b,18,3.14.3,True,,,18,ineligible,loc < 25 (minimum length floor is 25)
54901128,abc349_c,data/external/ConDefects/Code/abc349_c/Python/54901128/faultyVersion.py,data/external/ConDefects/Code/abc349_c/Python/54901128/correctVersion.py,data/external/ConDefects/Test/abc349_c,17,3.14.3,True,,,17,ineligible,loc < 25 (minimum length floor is 25)
54267102,abc349_d,data/external/ConDefects/Code/abc349_d/Python/54267102/faultyVersion.py,data/external/ConDefects/Code/abc349_d/Python/54267102/correctVersion.py,data/external/ConDefects/Test/abc349_d,30,3.14.3,True,,,30,eligible,
53462819,abc349_f,data/external/ConDefects/Code/abc349_f/Python/53462819/faultyVersion.py,data/external/ConDefects/Code/abc349_f/Python/53462819/correctVersion.py,data/external/ConDefects/Test/abc349_f,33,3.14.3,True,,,33,eligible,
52509388,abc349_g,data/external/ConDefects/Code/abc349_g/Python/52509388/faultyVersion.py,data/external/ConDefects/Code/abc349_g/Python/52509388/correctVersion.py,data/external/ConDefects/Test/abc349_g,94,3.14.3,True,,,94,eligible,
54895381,abc350_a,data/external/ConDefects/Code/abc350_a/Python/54895381/faultyVersion.py,data/external/ConDefects/Code/abc350_a/Python/54895381/correctVersion.py,data/external/ConDefects/Test/abc350_a,9,3.14.3,True,,,9,ineligible,loc < 25 (minimum length floor is 25)
54908916,abc350_a,data/external/ConDefects/Code/abc350_a/Python/54908916/faultyVersion.py,data/external/ConDefects/Code/abc350_a/Python/54908916/correctVersion.py,data/external/ConDefects/Test/abc350_a,6,3.14.3,True,,,6,ineligible,loc < 25 (minimum length floor is 25)
54950052,abc350_a,data/external/ConDefects/Code/abc350_a/Python/54950052/faultyVersion.py,data/external/ConDefects/Code/abc350_a/Python/54950052/correctVersion.py,data/external/ConDefects/Test/abc350_a,6,3.14.3,True,,,6,ineligible,loc < 25 (minimum length floor is 25)
54956876,abc350_a,data/external/ConDefects/Code/abc350_a/Python/54956876/faultyVersion.py,data/external/ConDefects/Code/abc350_a/Python/54956876/correctVersion.py,data/external/ConDefects/Test/abc350_a,5,3.14.3,True,,,5,ineligible,loc < 25 (minimum length floor is 25)
54957000,abc350_a,data/external/ConDefects/Code/abc350_a/Python/54957000/faultyVersion.py,data/external/ConDefects/Code/abc350_a/Python/54957000/correctVersion.py,data/external/ConDefects/Test/abc350_a,1,3.14.3,True,,,1,ineligible,loc < 25 (minimum length floor is 25)
54959358,abc350_a,data/external/ConDefects/Code/abc350_a/Python/54959358/faultyVersion.py,data/external/ConDefects/Code/abc350_a/Python/54959358/correctVersion.py,data/external/ConDefects/Test/abc350_a,2,3.14.3,True,,,2,ineligible,loc < 25 (minimum length floor is 25)
54971919,abc350_a,data/external/ConDefects/Code/abc350_a/Python/54971919/faultyVersion.py,data/external/ConDefects/Code/abc350_a/Python/54971919/correctVersion.py,data/external/ConDefects/Test/abc350_a,5,3.14.3,True,,,5,ineligible,loc < 25 (minimum length floor is 25)
54976927,abc350_a,data/external/ConDefects/Code/abc350_a/Python/54976927/faultyVersion.py,data/external/ConDefects/Code/abc350_a/Python/54976927/correctVersion.py,data/external/ConDefects/Test/abc350_a,18,3.14.3,True,,,18,ineligible,loc < 25 (minimum length floor is 25)
54996500,abc350_a,data/external/ConDefects/Code/abc350_a/Python/54996500/faultyVersion.py,data/external/ConDefects/Code/abc350_a/Python/54996500/correctVersion.py,data/external/ConDefects/Test/abc350_a,6,3.14.3,True,,,6,ineligible,loc < 25 (minimum length floor is 25)
54997297,abc350_a,data/external/ConDefects/Code/abc350_a/Python/54997297/faultyVersion.py,data/external/ConDefects/Code/abc350_a/Python/54997297/correctVersion.py,data/external/ConDefects/Test/abc350_a,13,3.14.3,True,,,13,ineligible,loc < 25 (minimum length floor is 25)
55009759,abc350_a,data/external/ConDefects/Code/abc350_a/Python/55009759/faultyVersion.py,data/external/ConDefects/Code/abc350_a/Python/55009759/correctVersion.py,data/external/ConDefects/Test/abc350_a,5,3.14.3,True,,,5,ineligible,loc < 25 (minimum length floor is 25)
55028923,abc350_a,data/external/ConDefects/Code/abc350_a/Python/55028923/faultyVersion.py,data/external/ConDefects/Code/abc350_a/Python/55028923/correctVersion.py,data/external/ConDefects/Test/abc350_a,6,3.14.3,True,,,6,ineligible,loc < 25 (minimum length floor is 25)
55040537,abc350_a,data/external/ConDefects/Code/abc350_a/Python/55040537/faultyVersion.py,data/external/ConDefects/Code/abc350_a/Python/55040537/correctVersion.py,data/external/ConDefects/Test/abc350_a,3,3.14.3,True,,,3,ineligible,loc < 25 (minimum length floor is 25)
55042592,abc350_a,data/external/ConDefects/Code/abc350_a/Python/55042592/faultyVersion.py,data/external/ConDefects/Code/abc350_a/Python/55042592/correctVersion.py,data/external/ConDefects/Test/abc350_a,8,3.14.3,True,,,8,ineligible,loc < 25 (minimum length floor is 25)
55133783,abc350_a,data/external/ConDefects/Code/abc350_a/Python/55133783/faultyVersion.py,data/external/ConDefects/Code/abc350_a/Python/55133783/correctVersion.py,data/external/ConDefects/Test/abc350_a,5,3.14.3,True,,,5,ineligible,loc < 25 (minimum length floor is 25)
55141825,abc350_a,data/external/ConDefects/Code/abc350_a/Python/55141825/faultyVersion.py,data/external/ConDefects/Code/abc350_a/Python/55141825/correctVersion.py,data/external/ConDefects/Test/abc350_a,11,3.14.3,True,,,11,ineligible,loc < 25 (minimum length floor is 25)
54727667,abc350_b,data/external/ConDefects/Code/abc350_b/Python/54727667/faultyVersion.py,data/external/ConDefects/Code/abc350_b/Python/54727667/correctVersion.py,data/external/ConDefects/Test/abc350_b,9,3.14.3,True,,,9,ineligible,loc < 25 (minimum length floor is 25)
54896149,abc350_c,data/external/ConDefects/Code/abc350_c/Python/54896149/faultyVersion.py,data/external/ConDefects/Code/abc350_c/Python/54896149/correctVersion.py,data/external/ConDefects/Test/abc350_c,19,3.14.3,True,,,19,ineligible,loc < 25 (minimum length floor is 25)
54963583,abc350_c,data/external/ConDefects/Code/abc350_c/Python/54963583/faultyVersion.py,data/external/ConDefects/Code/abc350_c/Python/54963583/correctVersion.py,data/external/ConDefects/Test/abc350_c,33,3.14.3,True,,,33,eligible,
55151814,abc350_c,data/external/ConDefects/Code/abc350_c/Python/55151814/faultyVersion.py,data/external/ConDefects/Code/abc350_c/Python/55151814/correctVersion.py,data/external/ConDefects/Test/abc350_c,15,3.14.3,True,,,15,ineligible,loc < 25 (minimum length floor is 25)
54866820,abc350_d,data/external/ConDefects/Code/abc350_d/Python/54866820/faultyVersion.py,data/external/ConDefects/Code/abc350_d/Python/54866820/correctVersion.py,data/external/ConDefects/Test/abc350_d,50,3.14.3,True,,,50,ineligible,multi-line fault — excluded by v2 single-line filter
53750325,abc350_f,data/external/ConDefects/Code/abc350_f/Python/53750325/faultyVersion.py,data/external/ConDefects/Code/abc350_f/Python/53750325/correctVersion.py,data/external/ConDefects/Test/abc350_f,54,3.14.3,True,,,54,ineligible,multi-line fault — excluded by v2 single-line filter
54219104,abc350_f,data/external/ConDefects/Code/abc350_f/Python/54219104/faultyVersion.py,data/external/ConDefects/Code/abc350_f/Python/54219104/correctVersion.py,data/external/ConDefects/Test/abc350_f,77,3.14.3,True,,,77,eligible,
52999831,abc350_g,data/external/ConDefects/Code/abc350_g/Python/52999831/faultyVersion.py,data/external/ConDefects/Code/abc350_g/Python/52999831/correctVersion.py,data/external/ConDefects/Test/abc350_g,46,3.14.3,True,,,46,ineligible,multi-line fault — excluded by v2 single-line filter
54891565,abc351_b,data/external/ConDefects/Code/abc351_b/Python/54891565/faultyVersion.py,data/external/ConDefects/Code/abc351_b/Python/54891565/correctVersion.py,data/external/ConDefects/Test/abc351_b,12,3.14.3,True,,,12,ineligible,loc < 25 (minimum length floor is 25)
54978591,abc351_b,data/external/ConDefects/Code/abc351_b/Python/54978591/faultyVersion.py,data/external/ConDefects/Code/abc351_b/Python/54978591/correctVersion.py,data/external/ConDefects/Test/abc351_b,23,3.14.3,True,,,23,ineligible,loc < 25 (minimum length floor is 25)
54893576,abc351_c,data/external/ConDefects/Code/abc351_c/Python/54893576/faultyVersion.py,data/external/ConDefects/Code/abc351_c/Python/54893576/correctVersion.py,data/external/ConDefects/Test/abc351_c,15,3.14.3,True,,,15,ineligible,loc < 25 (minimum length floor is 25)
54968121,abc351_c,data/external/ConDefects/Code/abc351_c/Python/54968121/faultyVersion.py,data/external/ConDefects/Code/abc351_c/Python/54968121/correctVersion.py,data/external/ConDefects/Test/abc351_c,38,3.14.3,True,,,38,eligible,
54982997,abc351_c,data/external/ConDefects/Code/abc351_c/Python/54982997/faultyVersion.py,data/external/ConDefects/Code/abc351_c/Python/54982997/correctVersion.py,data/external/ConDefects/Test/abc351_c,19,3.14.3,True,,,19,ineligible,loc < 25 (minimum length floor is 25)
55122758,abc351_c,data/external/ConDefects/Code/abc351_c/Python/55122758/faultyVersion.py,data/external/ConDefects/Code/abc351_c/Python/55122758/correctVersion.py,data/external/ConDefects/Test/abc351_c,18,3.14.3,True,,,18,ineligible,loc < 25 (minimum length floor is 25)
54737577,abc352_a,data/external/ConDefects/Code/abc352_a/Python/54737577/faultyVersion.py,data/external/ConDefects/Code/abc352_a/Python/54737577/correctVersion.py,data/external/ConDefects/Test/abc352_a,6,3.14.3,True,,,6,ineligible,loc < 25 (minimum length floor is 25)
54864046,abc352_a,data/external/ConDefects/Code/abc352_a/Python/54864046/faultyVersion.py,data/external/ConDefects/Code/abc352_a/Python/54864046/correctVersion.py,data/external/ConDefects/Test/abc352_a,10,3.14.3,True,,,10,ineligible,loc < 25 (minimum length floor is 25)
54917636,abc352_a,data/external/ConDefects/Code/abc352_a/Python/54917636/faultyVersion.py,data/external/ConDefects/Code/abc352_a/Python/54917636/correctVersion.py,data/external/ConDefects/Test/abc352_a,19,3.14.3,True,,,19,ineligible,loc < 25 (minimum length floor is 25)
55005308,abc352_a,data/external/ConDefects/Code/abc352_a/Python/55005308/faultyVersion.py,data/external/ConDefects/Code/abc352_a/Python/55005308/correctVersion.py,data/external/ConDefects/Test/abc352_a,6,3.14.3,True,,,6,ineligible,loc < 25 (minimum length floor is 25)
55109662,abc352_a,data/external/ConDefects/Code/abc352_a/Python/55109662/faultyVersion.py,data/external/ConDefects/Code/abc352_a/Python/55109662/correctVersion.py,data/external/ConDefects/Test/abc352_a,5,3.14.3,True,,,5,ineligible,loc < 25 (minimum length floor is 25)
54958483,abc352_b,data/external/ConDefects/Code/abc352_b/Python/54958483/faultyVersion.py,data/external/ConDefects/Code/abc352_b/Python/54958483/correctVersion.py,data/external/ConDefects/Test/abc352_b,13,3.14.3,True,,,13,ineligible,loc < 25 (minimum length floor is 25)
55031255,abc352_b,data/external/ConDefects/Code/abc352_b/Python/55031255/faultyVersion.py,data/external/ConDefects/Code/abc352_b/Python/55031255/correctVersion.py,data/external/ConDefects/Test/abc352_b,12,3.14.3,True,,,12,ineligible,loc < 25 (minimum length floor is 25)
55135076,abc352_b,data/external/ConDefects/Code/abc352_b/Python/55135076/faultyVersion.py,data/external/ConDefects/Code/abc352_b/Python/55135076/correctVersion.py,data/external/ConDefects/Test/abc352_b,16,3.14.3,True,,,16,ineligible,loc < 25 (minimum length floor is 25)
54463118,abc352_d,data/external/ConDefects/Code/abc352_d/Python/54463118/faultyVersion.py,data/external/ConDefects/Code/abc352_d/Python/54463118/correctVersion.py,data/external/ConDefects/Test/abc352_d,20,3.14.3,True,,,20,ineligible,loc < 25 (minimum length floor is 25)
54879664,abc352_d,data/external/ConDefects/Code/abc352_d/Python/54879664/faultyVersion.py,data/external/ConDefects/Code/abc352_d/Python/54879664/correctVersion.py,data/external/ConDefects/Test/abc352_d,15,3.14.3,True,,,15,ineligible,loc < 25 (minimum length floor is 25)
53476783,abc352_f,data/external/ConDefects/Code/abc352_f/Python/53476783/faultyVersion.py,data/external/ConDefects/Code/abc352_f/Python/53476783/correctVersion.py,data/external/ConDefects/Test/abc352_f,75,3.14.3,True,,,75,ineligible,multiple independent faults
54716291,abc352_f,data/external/ConDefects/Code/abc352_f/Python/54716291/faultyVersion.py,data/external/ConDefects/Code/abc352_f/Python/54716291/correctVersion.py,data/external/ConDefects/Test/abc352_f,486,3.14.3,True,,,486,ineligible,loc > 300 (maximum length ceiling is 300)
54934846,abc353_a,data/external/ConDefects/Code/abc353_a/Python/54934846/faultyVersion.py,data/external/ConDefects/Code/abc353_a/Python/54934846/correctVersion.py,data/external/ConDefects/Test/abc353_a,11,3.14.3,True,,,11,ineligible,loc < 25 (minimum length floor is 25)
54951286,abc353_a,data/external/ConDefects/Code/abc353_a/Python/54951286/faultyVersion.py,data/external/ConDefects/Code/abc353_a/Python/54951286/correctVersion.py,data/external/ConDefects/Test/abc353_a,6,3.14.3,True,,,6,ineligible,loc < 25 (minimum length floor is 25)
55010639,abc353_a,data/external/ConDefects/Code/abc353_a/Python/55010639/faultyVersion.py,data/external/ConDefects/Code/abc353_a/Python/55010639/correctVersion.py,data/external/ConDefects/Test/abc353_a,21,3.14.3,True,,,21,ineligible,loc < 25 (minimum length floor is 25)
55035442,abc353_a,data/external/ConDefects/Code/abc353_a/Python/55035442/faultyVersion.py,data/external/ConDefects/Code/abc353_a/Python/55035442/correctVersion.py,data/external/ConDefects/Test/abc353_a,15,3.14.3,True,,,15,ineligible,loc < 25 (minimum length floor is 25)
54945668,abc353_b,data/external/ConDefects/Code/abc353_b/Python/54945668/faultyVersion.py,data/external/ConDefects/Code/abc353_b/Python/54945668/correctVersion.py,data/external/ConDefects/Test/abc353_b,23,3.14.3,True,,,23,ineligible,loc < 25 (minimum length floor is 25)
55018999,abc353_b,data/external/ConDefects/Code/abc353_b/Python/55018999/faultyVersion.py,data/external/ConDefects/Code/abc353_b/Python/55018999/correctVersion.py,data/external/ConDefects/Test/abc353_b,13,3.14.3,True,,,13,ineligible,loc < 25 (minimum length floor is 25)
55158545,abc353_c,data/external/ConDefects/Code/abc353_c/Python/55158545/faultyVersion.py,data/external/ConDefects/Code/abc353_c/Python/55158545/correctVersion.py,data/external/ConDefects/Test/abc353_c,44,3.14.3,True,,,44,eligible,
54729259,abc353_d,data/external/ConDefects/Code/abc353_d/Python/54729259/faultyVersion.py,data/external/ConDefects/Code/abc353_d/Python/54729259/correctVersion.py,data/external/ConDefects/Test/abc353_d,18,3.14.3,True,,,18,ineligible,loc < 25 (minimum length floor is 25)
53483883,abc353_f,data/external/ConDefects/Code/abc353_f/Python/53483883/faultyVersion.py,data/external/ConDefects/Code/abc353_f/Python/53483883/correctVersion.py,data/external/ConDefects/Test/abc353_f,53,3.14.3,True,,,53,eligible,
53505050,abc353_f,data/external/ConDefects/Code/abc353_f/Python/53505050/faultyVersion.py,data/external/ConDefects/Code/abc353_f/Python/53505050/correctVersion.py,data/external/ConDefects/Test/abc353_f,82,3.14.3,True,,,82,eligible,
53517874,abc353_f,data/external/ConDefects/Code/abc353_f/Python/53517874/faultyVersion.py,data/external/ConDefects/Code/abc353_f/Python/53517874/correctVersion.py,data/external/ConDefects/Test/abc353_f,48,3.14.3,True,,,48,eligible,
53655550,abc353_f,data/external/ConDefects/Code/abc353_f/Python/53655550/faultyVersion.py,data/external/ConDefects/Code/abc353_f/Python/53655550/correctVersion.py,data/external/ConDefects/Test/abc353_f,62,3.14.3,True,,,62,eligible,
54723688,abc353_f,data/external/ConDefects/Code/abc353_f/Python/54723688/faultyVersion.py,data/external/ConDefects/Code/abc353_f/Python/54723688/correctVersion.py,data/external/ConDefects/Test/abc353_f,41,3.14.3,True,,,41,eligible,
53993648,abc353_g,data/external/ConDefects/Code/abc353_g/Python/53993648/faultyVersion.py,data/external/ConDefects/Code/abc353_g/Python/53993648/correctVersion.py,data/external/ConDefects/Test/abc353_g,69,3.14.3,True,,,69,eligible,
54934155,abc354_a,data/external/ConDefects/Code/abc354_a/Python/54934155/faultyVersion.py,data/external/ConDefects/Code/abc354_a/Python/54934155/correctVersion.py,data/external/ConDefects/Test/abc354_a,9,3.14.3,True,,,9,ineligible,loc < 25 (minimum length floor is 25)
54935160,abc354_a,data/external/ConDefects/Code/abc354_a/Python/54935160/faultyVersion.py,data/external/ConDefects/Code/abc354_a/Python/54935160/correctVersion.py,data/external/ConDefects/Test/abc354_a,8,3.14.3,True,,,8,ineligible,loc < 25 (minimum length floor is 25)
54981846,abc354_a,data/external/ConDefects/Code/abc354_a/Python/54981846/faultyVersion.py,data/external/ConDefects/Code/abc354_a/Python/54981846/correctVersion.py,data/external/ConDefects/Test/abc354_a,8,3.14.3,True,,,8,ineligible,loc < 25 (minimum length floor is 25)
54981924,abc354_a,data/external/ConDefects/Code/abc354_a/Python/54981924/faultyVersion.py,data/external/ConDefects/Code/abc354_a/Python/54981924/correctVersion.py,data/external/ConDefects/Test/abc354_a,7,3.14.3,True,,,7,ineligible,loc < 25 (minimum length floor is 25)
54982154,abc354_a,data/external/ConDefects/Code/abc354_a/Python/54982154/faultyVersion.py,data/external/ConDefects/Code/abc354_a/Python/54982154/correctVersion.py,data/external/ConDefects/Test/abc354_a,8,3.14.3,True,,,8,ineligible,loc < 25 (minimum length floor is 25)
54993286,abc354_a,data/external/ConDefects/Code/abc354_a/Python/54993286/faultyVersion.py,data/external/ConDefects/Code/abc354_a/Python/54993286/correctVersion.py,data/external/ConDefects/Test/abc354_a,9,3.14.3,True,,,9,ineligible,loc < 25 (minimum length floor is 25)
55041411,abc354_a,data/external/ConDefects/Code/abc354_a/Python/55041411/faultyVersion.py,data/external/ConDefects/Code/abc354_a/Python/55041411/correctVersion.py,data/external/ConDefects/Test/abc354_a,10,3.14.3,True,,,10,ineligible,loc < 25 (minimum length floor is 25)
55104399,abc354_a,data/external/ConDefects/Code/abc354_a/Python/55104399/faultyVersion.py,data/external/ConDefects/Code/abc354_a/Python/55104399/correctVersion.py,data/external/ConDefects/Test/abc354_a,9,3.14.3,True,,,9,ineligible,loc < 25 (minimum length floor is 25)
54729742,abc354_b,data/external/ConDefects/Code/abc354_b/Python/54729742/faultyVersion.py,data/external/ConDefects/Code/abc354_b/Python/54729742/correctVersion.py,data/external/ConDefects/Test/abc354_b,13,3.14.3,True,,,13,ineligible,loc < 25 (minimum length floor is 25)
54929590,abc354_b,data/external/ConDefects/Code/abc354_b/Python/54929590/faultyVersion.py,data/external/ConDefects/Code/abc354_b/Python/54929590/correctVersion.py,data/external/ConDefects/Test/abc354_b,7,3.14.3,True,,,7,ineligible,loc < 25 (minimum length floor is 25)
54752444,abc354_c,data/external/ConDefects/Code/abc354_c/Python/54752444/faultyVersion.py,data/external/ConDefects/Code/abc354_c/Python/54752444/correctVersion.py,data/external/ConDefects/Test/abc354_c,10,3.14.3,True,,,10,ineligible,loc < 25 (minimum length floor is 25)
54708447,abc354_d,data/external/ConDefects/Code/abc354_d/Python/54708447/faultyVersion.py,data/external/ConDefects/Code/abc354_d/Python/54708447/correctVersion.py,data/external/ConDefects/Test/abc354_d,37,3.14.3,True,,,37,eligible,
54915651,abc354_d,data/external/ConDefects/Code/abc354_d/Python/54915651/faultyVersion.py,data/external/ConDefects/Code/abc354_d/Python/54915651/correctVersion.py,data/external/ConDefects/Test/abc354_d,78,3.14.3,True,,,78,ineligible,multiple independent faults
55158845,abc354_d,data/external/ConDefects/Code/abc354_d/Python/55158845/faultyVersion.py,data/external/ConDefects/Code/abc354_d/Python/55158845/correctVersion.py,data/external/ConDefects/Test/abc354_d,12,3.14.3,True,,,12,ineligible,loc < 25 (minimum length floor is 25)
54730171,abc354_e,data/external/ConDefects/Code/abc354_e/Python/54730171/faultyVersion.py,data/external/ConDefects/Code/abc354_e/Python/54730171/correctVersion.py,data/external/ConDefects/Test/abc354_e,921,3.14.3,True,,,921,ineligible,loc > 300 (maximum length ceiling is 300)
54930119,abc354_e,data/external/ConDefects/Code/abc354_e/Python/54930119/faultyVersion.py,data/external/ConDefects/Code/abc354_e/Python/54930119/correctVersion.py,data/external/ConDefects/Test/abc354_e,19,3.14.3,True,,,19,ineligible,loc < 25 (minimum length floor is 25)
54029773,abc354_f,data/external/ConDefects/Code/abc354_f/Python/54029773/faultyVersion.py,data/external/ConDefects/Code/abc354_f/Python/54029773/correctVersion.py,data/external/ConDefects/Test/abc354_f,30,3.14.3,True,,,30,ineligible,multiple independent faults
54039651,abc354_f,data/external/ConDefects/Code/abc354_f/Python/54039651/faultyVersion.py,data/external/ConDefects/Code/abc354_f/Python/54039651/correctVersion.py,data/external/ConDefects/Test/abc354_f,109,3.14.3,True,,,109,ineligible,multiple independent faults
53647241,abc354_g,data/external/ConDefects/Code/abc354_g/Python/53647241/faultyVersion.py,data/external/ConDefects/Code/abc354_g/Python/53647241/correctVersion.py,data/external/ConDefects/Test/abc354_g,29,3.14.3,True,,,29,eligible,
54910949,abc355_a,data/external/ConDefects/Code/abc355_a/Python/54910949/faultyVersion.py,data/external/ConDefects/Code/abc355_a/Python/54910949/correctVersion.py,data/external/ConDefects/Test/abc355_a,9,3.14.3,True,,,9,ineligible,loc < 25 (minimum length floor is 25)
55137190,abc355_a,data/external/ConDefects/Code/abc355_a/Python/55137190/faultyVersion.py,data/external/ConDefects/Code/abc355_a/Python/55137190/correctVersion.py,data/external/ConDefects/Test/abc355_a,15,3.14.3,True,,,15,ineligible,loc < 25 (minimum length floor is 25)
55005403,abc355_b,data/external/ConDefects/Code/abc355_b/Python/55005403/faultyVersion.py,data/external/ConDefects/Code/abc355_b/Python/55005403/correctVersion.py,data/external/ConDefects/Test/abc355_b,13,3.14.3,True,,,13,ineligible,loc < 25 (minimum length floor is 25)
55062153,abc355_b,data/external/ConDefects/Code/abc355_b/Python/55062153/faultyVersion.py,data/external/ConDefects/Code/abc355_b/Python/55062153/correctVersion.py,data/external/ConDefects/Test/abc355_b,9,3.14.3,True,,,9,ineligible,loc < 25 (minimum length floor is 25)
55109474,abc355_b,data/external/ConDefects/Code/abc355_b/Python/55109474/faultyVersion.py,data/external/ConDefects/Code/abc355_b/Python/55109474/correctVersion.py,data/external/ConDefects/Test/abc355_b,15,3.14.3,True,,,15,ineligible,loc < 25 (minimum length floor is 25)
55114037,abc355_b,data/external/ConDefects/Code/abc355_b/Python/55114037/faultyVersion.py,data/external/ConDefects/Code/abc355_b/Python/55114037/correctVersion.py,data/external/ConDefects/Test/abc355_b,10,3.14.3,True,,,10,ineligible,loc < 25 (minimum length floor is 25)
54860926,abc355_c,data/external/ConDefects/Code/abc355_c/Python/54860926/faultyVersion.py,data/external/ConDefects/Code/abc355_c/Python/54860926/correctVersion.py,data/external/ConDefects/Test/abc355_c,41,3.14.3,True,,,41,eligible,
54869003,abc355_c,data/external/ConDefects/Code/abc355_c/Python/54869003/faultyVersion.py,data/external/ConDefects/Code/abc355_c/Python/54869003/correctVersion.py,data/external/ConDefects/Test/abc355_c,62,3.14.3,True,,,62,eligible,
54884677,abc355_c,data/external/ConDefects/Code/abc355_c/Python/54884677/faultyVersion.py,data/external/ConDefects/Code/abc355_c/Python/54884677/correctVersion.py,data/external/ConDefects/Test/abc355_c,22,3.14.3,True,,,22,ineligible,loc < 25 (minimum length floor is 25)
54891333,abc355_c,data/external/ConDefects/Code/abc355_c/Python/54891333/faultyVersion.py,data/external/ConDefects/Code/abc355_c/Python/54891333/correctVersion.py,data/external/ConDefects/Test/abc355_c,41,3.14.3,True,,,41,ineligible,multiple independent faults
54926937,abc355_c,data/external/ConDefects/Code/abc355_c/Python/54926937/faultyVersion.py,data/external/ConDefects/Code/abc355_c/Python/54926937/correctVersion.py,data/external/ConDefects/Test/abc355_c,19,3.14.3,True,,,19,ineligible,loc < 25 (minimum length floor is 25)
55032844,abc355_c,data/external/ConDefects/Code/abc355_c/Python/55032844/faultyVersion.py,data/external/ConDefects/Code/abc355_c/Python/55032844/correctVersion.py,data/external/ConDefects/Test/abc355_c,35,3.14.3,True,,,35,ineligible,multiple independent faults
55136098,abc355_c,data/external/ConDefects/Code/abc355_c/Python/55136098/faultyVersion.py,data/external/ConDefects/Code/abc355_c/Python/55136098/correctVersion.py,data/external/ConDefects/Test/abc355_c,35,3.14.3,True,,,35,eligible,
54769975,abc355_d,data/external/ConDefects/Code/abc355_d/Python/54769975/faultyVersion.py,data/external/ConDefects/Code/abc355_d/Python/54769975/correctVersion.py,data/external/ConDefects/Test/abc355_d,26,3.14.3,True,,,26,eligible,
54962724,abc355_d,data/external/ConDefects/Code/abc355_d/Python/54962724/faultyVersion.py,data/external/ConDefects/Code/abc355_d/Python/54962724/correctVersion.py,data/external/ConDefects/Test/abc355_d,15,3.14.3,True,,,15,ineligible,loc < 25 (minimum length floor is 25)
54059945,abc355_e,data/external/ConDefects/Code/abc355_e/Python/54059945/faultyVersion.py,data/external/ConDefects/Code/abc355_e/Python/54059945/correctVersion.py,data/external/ConDefects/Test/abc355_e,83,3.14.3,True,,,83,ineligible,multiple independent faults
54238089,abc355_e,data/external/ConDefects/Code/abc355_e/Python/54238089/faultyVersion.py,data/external/ConDefects/Code/abc355_e/Python/54238089/correctVersion.py,data/external/ConDefects/Test/abc355_e,53,3.14.3,True,,,53,ineligible,multiple independent faults
54311444,abc355_e,data/external/ConDefects/Code/abc355_e/Python/54311444/faultyVersion.py,data/external/ConDefects/Code/abc355_e/Python/54311444/correctVersion.py,data/external/ConDefects/Test/abc355_e,164,3.14.3,True,,,164,eligible,
54431130,abc355_e,data/external/ConDefects/Code/abc355_e/Python/54431130/faultyVersion.py,data/external/ConDefects/Code/abc355_e/Python/54431130/correctVersion.py,data/external/ConDefects/Test/abc355_e,81,3.14.3,True,,,81,eligible,
54789032,abc355_e,data/external/ConDefects/Code/abc355_e/Python/54789032/faultyVersion.py,data/external/ConDefects/Code/abc355_e/Python/54789032/correctVersion.py,data/external/ConDefects/Test/abc355_e,59,3.14.3,True,,,59,eligible,
54976789,abc356_a,data/external/ConDefects/Code/abc356_a/Python/54976789/faultyVersion.py,data/external/ConDefects/Code/abc356_a/Python/54976789/correctVersion.py,data/external/ConDefects/Test/abc356_a,10,3.14.3,True,,,10,ineligible,loc < 25 (minimum length floor is 25)
54989904,abc356_a,data/external/ConDefects/Code/abc356_a/Python/54989904/faultyVersion.py,data/external/ConDefects/Code/abc356_a/Python/54989904/correctVersion.py,data/external/ConDefects/Test/abc356_a,9,3.14.3,True,,,9,ineligible,loc < 25 (minimum length floor is 25)
54990500,abc356_a,data/external/ConDefects/Code/abc356_a/Python/54990500/faultyVersion.py,data/external/ConDefects/Code/abc356_a/Python/54990500/correctVersion.py,data/external/ConDefects/Test/abc356_a,12,3.14.3,True,,,12,ineligible,loc < 25 (minimum length floor is 25)
55030560,abc356_a,data/external/ConDefects/Code/abc356_a/Python/55030560/faultyVersion.py,data/external/ConDefects/Code/abc356_a/Python/55030560/correctVersion.py,data/external/ConDefects/Test/abc356_a,10,3.14.3,True,,,10,ineligible,loc < 25 (minimum length floor is 25)
55041853,abc356_a,data/external/ConDefects/Code/abc356_a/Python/55041853/faultyVersion.py,data/external/ConDefects/Code/abc356_a/Python/55041853/correctVersion.py,data/external/ConDefects/Test/abc356_a,9,3.14.3,True,,,9,ineligible,loc < 25 (minimum length floor is 25)
55107232,abc356_a,data/external/ConDefects/Code/abc356_a/Python/55107232/faultyVersion.py,data/external/ConDefects/Code/abc356_a/Python/55107232/correctVersion.py,data/external/ConDefects/Test/abc356_a,12,3.14.3,True,,,12,ineligible,loc < 25 (minimum length floor is 25)
55140373,abc356_a,data/external/ConDefects/Code/abc356_a/Python/55140373/faultyVersion.py,data/external/ConDefects/Code/abc356_a/Python/55140373/correctVersion.py,data/external/ConDefects/Test/abc356_a,7,3.14.3,True,,,7,ineligible,loc < 25 (minimum length floor is 25)
54954884,abc356_b,data/external/ConDefects/Code/abc356_b/Python/54954884/faultyVersion.py,data/external/ConDefects/Code/abc356_b/Python/54954884/correctVersion.py,data/external/ConDefects/Test/abc356_b,20,3.14.3,True,,,20,ineligible,loc < 25 (minimum length floor is 25)
54957150,abc356_b,data/external/ConDefects/Code/abc356_b/Python/54957150/faultyVersion.py,data/external/ConDefects/Code/abc356_b/Python/54957150/correctVersion.py,data/external/ConDefects/Test/abc356_b,39,3.14.3,True,,,39,eligible,
54965405,abc356_b,data/external/ConDefects/Code/abc356_b/Python/54965405/faultyVersion.py,data/external/ConDefects/Code/abc356_b/Python/54965405/correctVersion.py,data/external/ConDefects/Test/abc356_b,134,3.14.3,True,,,134,eligible,
55010067,abc356_b,data/external/ConDefects/Code/abc356_b/Python/55010067/faultyVersion.py,data/external/ConDefects/Code/abc356_b/Python/55010067/correctVersion.py,data/external/ConDefects/Test/abc356_b,24,3.14.3,True,,,24,ineligible,loc < 25 (minimum length floor is 25)
55030637,abc356_b,data/external/ConDefects/Code/abc356_b/Python/55030637/faultyVersion.py,data/external/ConDefects/Code/abc356_b/Python/55030637/correctVersion.py,data/external/ConDefects/Test/abc356_b,18,3.14.3,True,,,18,ineligible,loc < 25 (minimum length floor is 25)
55103344,abc356_b,data/external/ConDefects/Code/abc356_b/Python/55103344/faultyVersion.py,data/external/ConDefects/Code/abc356_b/Python/55103344/correctVersion.py,data/external/ConDefects/Test/abc356_b,11,3.14.3,True,,,11,ineligible,loc < 25 (minimum length floor is 25)
54900882,abc356_c,data/external/ConDefects/Code/abc356_c/Python/54900882/faultyVersion.py,data/external/ConDefects/Code/abc356_c/Python/54900882/correctVersion.py,data/external/ConDefects/Test/abc356_c,29,3.14.3,True,,,29,eligible,
54920982,abc356_c,data/external/ConDefects/Code/abc356_c/Python/54920982/faultyVersion.py,data/external/ConDefects/Code/abc356_c/Python/54920982/correctVersion.py,data/external/ConDefects/Test/abc356_c,29,3.14.3,True,,,29,ineligible,multi-line fault — excluded by v2 single-line filter
54940782,abc356_c,data/external/ConDefects/Code/abc356_c/Python/54940782/faultyVersion.py,data/external/ConDefects/Code/abc356_c/Python/54940782/correctVersion.py,data/external/ConDefects/Test/abc356_c,36,3.14.3,True,,,36,ineligible,multiple independent faults
55144138,abc356_c,data/external/ConDefects/Code/abc356_c/Python/55144138/faultyVersion.py,data/external/ConDefects/Code/abc356_c/Python/55144138/correctVersion.py,data/external/ConDefects/Test/abc356_c,26,3.14.3,True,,,26,eligible,
54706203,abc356_d,data/external/ConDefects/Code/abc356_d/Python/54706203/faultyVersion.py,data/external/ConDefects/Code/abc356_d/Python/54706203/correctVersion.py,data/external/ConDefects/Test/abc356_d,11,3.14.3,True,,,11,ineligible,loc < 25 (minimum length floor is 25)
54727857,abc356_d,data/external/ConDefects/Code/abc356_d/Python/54727857/faultyVersion.py,data/external/ConDefects/Code/abc356_d/Python/54727857/correctVersion.py,data/external/ConDefects/Test/abc356_d,351,3.14.3,True,,,351,ineligible,loc > 300 (maximum length ceiling is 300)
54865160,abc356_d,data/external/ConDefects/Code/abc356_d/Python/54865160/faultyVersion.py,data/external/ConDefects/Code/abc356_d/Python/54865160/correctVersion.py,data/external/ConDefects/Test/abc356_d,38,3.14.3,True,,,38,eligible,
55026737,abc356_d,data/external/ConDefects/Code/abc356_d/Python/55026737/faultyVersion.py,data/external/ConDefects/Code/abc356_d/Python/55026737/correctVersion.py,data/external/ConDefects/Test/abc356_d,12,3.14.3,True,,,12,ineligible,loc < 25 (minimum length floor is 25)
55124661,abc356_d,data/external/ConDefects/Code/abc356_d/Python/55124661/faultyVersion.py,data/external/ConDefects/Code/abc356_d/Python/55124661/correctVersion.py,data/external/ConDefects/Test/abc356_d,8,3.14.3,True,,,8,ineligible,loc < 25 (minimum length floor is 25)
54889247,abc356_e,data/external/ConDefects/Code/abc356_e/Python/54889247/faultyVersion.py,data/external/ConDefects/Code/abc356_e/Python/54889247/correctVersion.py,data/external/ConDefects/Test/abc356_e,66,3.14.3,True,,,66,eligible,
54960213,abc356_e,data/external/ConDefects/Code/abc356_e/Python/54960213/faultyVersion.py,data/external/ConDefects/Code/abc356_e/Python/54960213/correctVersion.py,data/external/ConDefects/Test/abc356_e,21,3.14.3,True,,,21,ineligible,loc < 25 (minimum length floor is 25)
54283471,abc356_f,data/external/ConDefects/Code/abc356_f/Python/54283471/faultyVersion.py,data/external/ConDefects/Code/abc356_f/Python/54283471/correctVersion.py,data/external/ConDefects/Test/abc356_f,138,3.14.3,True,,,138,eligible,
54486041,abc356_f,data/external/ConDefects/Code/abc356_f/Python/54486041/faultyVersion.py,data/external/ConDefects/Code/abc356_f/Python/54486041/correctVersion.py,data/external/ConDefects/Test/abc356_f,279,3.14.3,True,,,279,eligible,
54133842,abc356_g,data/external/ConDefects/Code/abc356_g/Python/54133842/faultyVersion.py,data/external/ConDefects/Code/abc356_g/Python/54133842/correctVersion.py,data/external/ConDefects/Test/abc356_g,105,3.14.3,True,,,105,eligible,
54232515,abc356_g,data/external/ConDefects/Code/abc356_g/Python/54232515/faultyVersion.py,data/external/ConDefects/Code/abc356_g/Python/54232515/correctVersion.py,data/external/ConDefects/Test/abc356_g,48,3.14.3,True,,,48,eligible,
54987751,abc357_a,data/external/ConDefects/Code/abc357_a/Python/54987751/faultyVersion.py,data/external/ConDefects/Code/abc357_a/Python/54987751/correctVersion.py,data/external/ConDefects/Test/abc357_a,15,3.14.3,True,,,15,ineligible,loc < 25 (minimum length floor is 25)
54997913,abc357_a,data/external/ConDefects/Code/abc357_a/Python/54997913/faultyVersion.py,data/external/ConDefects/Code/abc357_a/Python/54997913/correctVersion.py,data/external/ConDefects/Test/abc357_a,11,3.14.3,True,,,11,ineligible,loc < 25 (minimum length floor is 25)
55021619,abc357_a,data/external/ConDefects/Code/abc357_a/Python/55021619/faultyVersion.py,data/external/ConDefects/Code/abc357_a/Python/55021619/correctVersion.py,data/external/ConDefects/Test/abc357_a,18,3.14.3,True,,,18,ineligible,loc < 25 (minimum length floor is 25)
55022235,abc357_a,data/external/ConDefects/Code/abc357_a/Python/55022235/faultyVersion.py,data/external/ConDefects/Code/abc357_a/Python/55022235/correctVersion.py,data/external/ConDefects/Test/abc357_a,10,3.14.3,True,,,10,ineligible,loc < 25 (minimum length floor is 25)
55033452,abc357_a,data/external/ConDefects/Code/abc357_a/Python/55033452/faultyVersion.py,data/external/ConDefects/Code/abc357_a/Python/55033452/correctVersion.py,data/external/ConDefects/Test/abc357_a,11,3.14.3,True,,,11,ineligible,loc < 25 (minimum length floor is 25)
55131574,abc357_a,data/external/ConDefects/Code/abc357_a/Python/55131574/faultyVersion.py,data/external/ConDefects/Code/abc357_a/Python/55131574/correctVersion.py,data/external/ConDefects/Test/abc357_a,14,3.14.3,True,,,14,ineligible,loc < 25 (minimum length floor is 25)
55135395,abc357_a,data/external/ConDefects/Code/abc357_a/Python/55135395/faultyVersion.py,data/external/ConDefects/Code/abc357_a/Python/55135395/correctVersion.py,data/external/ConDefects/Test/abc357_a,9,3.14.3,True,,,9,ineligible,loc < 25 (minimum length floor is 25)
54923363,abc357_b,data/external/ConDefects/Code/abc357_b/Python/54923363/faultyVersion.py,data/external/ConDefects/Code/abc357_b/Python/54923363/correctVersion.py,data/external/ConDefects/Test/abc357_b,10,3.14.3,True,,,10,ineligible,loc < 25 (minimum length floor is 25)
54959918,abc357_b,data/external/ConDefects/Code/abc357_b/Python/54959918/faultyVersion.py,data/external/ConDefects/Code/abc357_b/Python/54959918/correctVersion.py,data/external/ConDefects/Test/abc357_b,15,3.14.3,True,,,15,ineligible,loc < 25 (minimum length floor is 25)
55161071,abc357_b,data/external/ConDefects/Code/abc357_b/Python/55161071/faultyVersion.py,data/external/ConDefects/Code/abc357_b/Python/55161071/correctVersion.py,data/external/ConDefects/Test/abc357_b,13,3.14.3,True,,,13,ineligible,loc < 25 (minimum length floor is 25)
55000126,abc357_c,data/external/ConDefects/Code/abc357_c/Python/55000126/faultyVersion.py,data/external/ConDefects/Code/abc357_c/Python/55000126/correctVersion.py,data/external/ConDefects/Test/abc357_c,58,3.14.3,True,,,58,eligible,
55043182,abc357_c,data/external/ConDefects/Code/abc357_c/Python/55043182/faultyVersion.py,data/external/ConDefects/Code/abc357_c/Python/55043182/correctVersion.py,data/external/ConDefects/Test/abc357_c,21,3.14.3,True,,,21,ineligible,loc < 25 (minimum length floor is 25)
54746473,abc357_d,data/external/ConDefects/Code/abc357_d/Python/54746473/faultyVersion.py,data/external/ConDefects/Code/abc357_d/Python/54746473/correctVersion.py,data/external/ConDefects/Test/abc357_d,577,3.14.3,True,,,577,ineligible,loc > 300 (maximum length ceiling is 300)
54944133,abc357_d,data/external/ConDefects/Code/abc357_d/Python/54944133/faultyVersion.py,data/external/ConDefects/Code/abc357_d/Python/54944133/correctVersion.py,data/external/ConDefects/Test/abc357_d,15,3.14.3,True,,,15,ineligible,loc < 25 (minimum length floor is 25)
54953956,abc357_e,data/external/ConDefects/Code/abc357_e/Python/54953956/faultyVersion.py,data/external/ConDefects/Code/abc357_e/Python/54953956/correctVersion.py,data/external/ConDefects/Test/abc357_e,9,3.14.3,True,,,9,ineligible,loc < 25 (minimum length floor is 25)
54543446,abc357_f,data/external/ConDefects/Code/abc357_f/Python/54543446/faultyVersion.py,data/external/ConDefects/Code/abc357_f/Python/54543446/correctVersion.py,data/external/ConDefects/Test/abc357_f,304,3.14.3,True,,,304,ineligible,loc > 300 (maximum length ceiling is 300)
55029700,abc358_a,data/external/ConDefects/Code/abc358_a/Python/55029700/faultyVersion.py,data/external/ConDefects/Code/abc358_a/Python/55029700/correctVersion.py,data/external/ConDefects/Test/abc358_a,3,3.14.3,True,,,3,ineligible,loc < 25 (minimum length floor is 25)
55031522,abc358_a,data/external/ConDefects/Code/abc358_a/Python/55031522/faultyVersion.py,data/external/ConDefects/Code/abc358_a/Python/55031522/correctVersion.py,data/external/ConDefects/Test/abc358_a,6,3.14.3,True,,,6,ineligible,loc < 25 (minimum length floor is 25)
55110270,abc358_a,data/external/ConDefects/Code/abc358_a/Python/55110270/faultyVersion.py,data/external/ConDefects/Code/abc358_a/Python/55110270/correctVersion.py,data/external/ConDefects/Test/abc358_a,6,3.14.3,True,,,6,ineligible,loc < 25 (minimum length floor is 25)
55126932,abc358_a,data/external/ConDefects/Code/abc358_a/Python/55126932/faultyVersion.py,data/external/ConDefects/Code/abc358_a/Python/55126932/correctVersion.py,data/external/ConDefects/Test/abc358_a,6,3.14.3,True,,,6,ineligible,loc < 25 (minimum length floor is 25)
55146983,abc358_a,data/external/ConDefects/Code/abc358_a/Python/55146983/faultyVersion.py,data/external/ConDefects/Code/abc358_a/Python/55146983/correctVersion.py,data/external/ConDefects/Test/abc358_a,6,3.14.3,True,,,6,ineligible,loc < 25 (minimum length floor is 25)
55148090,abc358_a,data/external/ConDefects/Code/abc358_a/Python/55148090/faultyVersion.py,data/external/ConDefects/Code/abc358_a/Python/55148090/correctVersion.py,data/external/ConDefects/Test/abc358_a,5,3.14.3,True,,,5,ineligible,loc < 25 (minimum length floor is 25)
54987803,abc358_b,data/external/ConDefects/Code/abc358_b/Python/54987803/faultyVersion.py,data/external/ConDefects/Code/abc358_b/Python/54987803/correctVersion.py,data/external/ConDefects/Test/abc358_b,10,3.14.3,True,,,10,ineligible,loc < 25 (minimum length floor is 25)
55111511,abc358_b,data/external/ConDefects/Code/abc358_b/Python/55111511/faultyVersion.py,data/external/ConDefects/Code/abc358_b/Python/55111511/correctVersion.py,data/external/ConDefects/Test/abc358_b,11,3.14.3,True,,,11,ineligible,loc < 25 (minimum length floor is 25)
55163067,abc358_b,data/external/ConDefects/Code/abc358_b/Python/55163067/faultyVersion.py,data/external/ConDefects/Code/abc358_b/Python/55163067/correctVersion.py,data/external/ConDefects/Test/abc358_b,7,3.14.3,True,,,7,ineligible,loc < 25 (minimum length floor is 25)
54942631,abc358_c,data/external/ConDefects/Code/abc358_c/Python/54942631/faultyVersion.py,data/external/ConDefects/Code/abc358_c/Python/54942631/correctVersion.py,data/external/ConDefects/Test/abc358_c,23,3.14.3,True,,,23,ineligible,loc < 25 (minimum length floor is 25)
54954465,abc358_c,data/external/ConDefects/Code/abc358_c/Python/54954465/faultyVersion.py,data/external/ConDefects/Code/abc358_c/Python/54954465/correctVersion.py,data/external/ConDefects/Test/abc358_c,17,3.14.3,True,,,17,ineligible,loc < 25 (minimum length floor is 25)
54990754,abc358_c,data/external/ConDefects/Code/abc358_c/Python/54990754/faultyVersion.py,data/external/ConDefects/Code/abc358_c/Python/54990754/correctVersion.py,data/external/ConDefects/Test/abc358_c,22,3.14.3,True,,,22,ineligible,loc < 25 (minimum length floor is 25)
54977408,abc358_d,data/external/ConDefects/Code/abc358_d/Python/54977408/faultyVersion.py,data/external/ConDefects/Code/abc358_d/Python/54977408/correctVersion.py,data/external/ConDefects/Test/abc358_d,486,3.14.3,True,,,486,ineligible,loc > 300 (maximum length ceiling is 300)
55035534,abc358_d,data/external/ConDefects/Code/abc358_d/Python/55035534/faultyVersion.py,data/external/ConDefects/Code/abc358_d/Python/55035534/correctVersion.py,data/external/ConDefects/Test/abc358_d,24,3.14.3,True,,,24,ineligible,loc < 25 (minimum length floor is 25)
54691582,abc358_f,data/external/ConDefects/Code/abc358_f/Python/54691582/faultyVersion.py,data/external/ConDefects/Code/abc358_f/Python/54691582/correctVersion.py,data/external/ConDefects/Test/abc358_f,107,3.14.3,True,,,107,ineligible,multi-line fault — excluded by v2 single-line filter
54701655,abc358_f,data/external/ConDefects/Code/abc358_f/Python/54701655/faultyVersion.py,data/external/ConDefects/Code/abc358_f/Python/54701655/correctVersion.py,data/external/ConDefects/Test/abc358_f,80,3.14.3,True,,,80,ineligible,multi-line fault — excluded by v2 single-line filter
54747596,abc358_g,data/external/ConDefects/Code/abc358_g/Python/54747596/faultyVersion.py,data/external/ConDefects/Code/abc358_g/Python/54747596/correctVersion.py,data/external/ConDefects/Test/abc358_g,18,3.14.3,True,,,18,ineligible,loc < 25 (minimum length floor is 25)
54786782,abc358_g,data/external/ConDefects/Code/abc358_g/Python/54786782/faultyVersion.py,data/external/ConDefects/Code/abc358_g/Python/54786782/correctVersion.py,data/external/ConDefects/Test/abc358_g,37,3.14.3,True,,,37,eligible,
54786893,abc358_g,data/external/ConDefects/Code/abc358_g/Python/54786893/faultyVersion.py,data/external/ConDefects/Code/abc358_g/Python/54786893/correctVersion.py,data/external/ConDefects/Test/abc358_g,28,3.14.3,True,,,28,eligible,
54855434,abc358_g,data/external/ConDefects/Code/abc358_g/Python/54855434/faultyVersion.py,data/external/ConDefects/Code/abc358_g/Python/54855434/correctVersion.py,data/external/ConDefects/Test/abc358_g,34,3.14.3,True,,,34,ineligible,multi-line fault — excluded by v2 single-line filter
54886527,abc358_g,data/external/ConDefects/Code/abc358_g/Python/54886527/faultyVersion.py,data/external/ConDefects/Code/abc358_g/Python/54886527/correctVersion.py,data/external/ConDefects/Test/abc358_g,59,3.14.3,True,,,59,eligible,
55032387,abc359_b,data/external/ConDefects/Code/abc359_b/Python/55032387/faultyVersion.py,data/external/ConDefects/Code/abc359_b/Python/55032387/correctVersion.py,data/external/ConDefects/Test/abc359_b,7,3.14.3,True,,,7,ineligible,loc < 25 (minimum length floor is 25)
55035410,abc359_b,data/external/ConDefects/Code/abc359_b/Python/55035410/faultyVersion.py,data/external/ConDefects/Code/abc359_b/Python/55035410/correctVersion.py,data/external/ConDefects/Test/abc359_b,11,3.14.3,True,,,11,ineligible,loc < 25 (minimum length floor is 25)
55042277,abc359_b,data/external/ConDefects/Code/abc359_b/Python/55042277/faultyVersion.py,data/external/ConDefects/Code/abc359_b/Python/55042277/correctVersion.py,data/external/ConDefects/Test/abc359_b,9,3.14.3,True,,,9,ineligible,loc < 25 (minimum length floor is 25)
55038783,abc359_c,data/external/ConDefects/Code/abc359_c/Python/55038783/faultyVersion.py,data/external/ConDefects/Code/abc359_c/Python/55038783/correctVersion.py,data/external/ConDefects/Test/abc359_c,12,3.14.3,True,,,12,ineligible,loc < 25 (minimum length floor is 25)
55043442,abc359_c,data/external/ConDefects/Code/abc359_c/Python/55043442/faultyVersion.py,data/external/ConDefects/Code/abc359_c/Python/55043442/correctVersion.py,data/external/ConDefects/Test/abc359_c,19,3.14.3,True,,,19,ineligible,loc < 25 (minimum length floor is 25)
55101823,abc359_c,data/external/ConDefects/Code/abc359_c/Python/55101823/faultyVersion.py,data/external/ConDefects/Code/abc359_c/Python/55101823/correctVersion.py,data/external/ConDefects/Test/abc359_c,17,3.14.3,True,,,17,ineligible,loc < 25 (minimum length floor is 25)
55129367,abc359_c,data/external/ConDefects/Code/abc359_c/Python/55129367/faultyVersion.py,data/external/ConDefects/Code/abc359_c/Python/55129367/correctVersion.py,data/external/ConDefects/Test/abc359_c,15,3.14.3,True,,,15,ineligible,loc < 25 (minimum length floor is 25)
55124422,abc359_e,data/external/ConDefects/Code/abc359_e/Python/55124422/faultyVersion.py,data/external/ConDefects/Code/abc359_e/Python/55124422/correctVersion.py,data/external/ConDefects/Test/abc359_e,72,3.14.3,True,,,72,eligible,
54954031,abc359_f,data/external/ConDefects/Code/abc359_f/Python/54954031/faultyVersion.py,data/external/ConDefects/Code/abc359_f/Python/54954031/correctVersion.py,data/external/ConDefects/Test/abc359_f,29,3.14.3,True,,,29,eligible,
54889351,abc359_g,data/external/ConDefects/Code/abc359_g/Python/54889351/faultyVersion.py,data/external/ConDefects/Code/abc359_g/Python/54889351/correctVersion.py,data/external/ConDefects/Test/abc359_g,62,3.14.3,True,,,62,eligible,
55149517,abc360_a,data/external/ConDefects/Code/abc360_a/Python/55149517/faultyVersion.py,data/external/ConDefects/Code/abc360_a/Python/55149517/correctVersion.py,data/external/ConDefects/Test/abc360_a,11,3.14.3,True,,,11,ineligible,loc < 25 (minimum length floor is 25)
55149797,abc360_a,data/external/ConDefects/Code/abc360_a/Python/55149797/faultyVersion.py,data/external/ConDefects/Code/abc360_a/Python/55149797/correctVersion.py,data/external/ConDefects/Test/abc360_a,10,3.14.3,True,,,10,ineligible,loc < 25 (minimum length floor is 25)
55156972,abc360_a,data/external/ConDefects/Code/abc360_a/Python/55156972/faultyVersion.py,data/external/ConDefects/Code/abc360_a/Python/55156972/correctVersion.py,data/external/ConDefects/Test/abc360_a,8,3.14.3,True,,,8,ineligible,loc < 25 (minimum length floor is 25)
55163956,abc360_a,data/external/ConDefects/Code/abc360_a/Python/55163956/faultyVersion.py,data/external/ConDefects/Code/abc360_a/Python/55163956/correctVersion.py,data/external/ConDefects/Test/abc360_a,7,3.14.3,True,,,7,ineligible,loc < 25 (minimum length floor is 25)
55164870,abc360_a,data/external/ConDefects/Code/abc360_a/Python/55164870/faultyVersion.py,data/external/ConDefects/Code/abc360_a/Python/55164870/correctVersion.py,data/external/ConDefects/Test/abc360_a,5,3.14.3,True,,,5,ineligible,loc < 25 (minimum length floor is 25)
55141723,abc360_b,data/external/ConDefects/Code/abc360_b/Python/55141723/faultyVersion.py,data/external/ConDefects/Code/abc360_b/Python/55141723/correctVersion.py,data/external/ConDefects/Test/abc360_b,20,3.14.3,True,,,20,ineligible,loc < 25 (minimum length floor is 25)
55142362,abc360_b,data/external/ConDefects/Code/abc360_b/Python/55142362/faultyVersion.py,data/external/ConDefects/Code/abc360_b/Python/55142362/correctVersion.py,data/external/ConDefects/Test/abc360_b,14,3.14.3,True,,,14,ineligible,loc < 25 (minimum length floor is 25)
55149622,abc360_c,data/external/ConDefects/Code/abc360_c/Python/55149622/faultyVersion.py,data/external/ConDefects/Code/abc360_c/Python/55149622/correctVersion.py,data/external/ConDefects/Test/abc360_c,12,3.14.3,True,,,12,ineligible,loc < 25 (minimum length floor is 25)
55130899,abc360_d,data/external/ConDefects/Code/abc360_d/Python/55130899/faultyVersion.py,data/external/ConDefects/Code/abc360_d/Python/55130899/correctVersion.py,data/external/ConDefects/Test/abc360_d,57,3.14.3,True,,,57,eligible,
55135895,abc360_d,data/external/ConDefects/Code/abc360_d/Python/55135895/faultyVersion.py,data/external/ConDefects/Code/abc360_d/Python/55135895/correctVersion.py,data/external/ConDefects/Test/abc360_d,35,3.14.3,True,,,35,ineligible,multi-line fault — excluded by v2 single-line filter
55144134,abc360_d,data/external/ConDefects/Code/abc360_d/Python/55144134/faultyVersion.py,data/external/ConDefects/Code/abc360_d/Python/55144134/correctVersion.py,data/external/ConDefects/Test/abc360_d,27,3.14.3,True,,,27,ineligible,multi-line fault — excluded by v2 single-line filter
55158034,abc360_d,data/external/ConDefects/Code/abc360_d/Python/55158034/faultyVersion.py,data/external/ConDefects/Code/abc360_d/Python/55158034/correctVersion.py,data/external/ConDefects/Test/abc360_d,15,3.14.3,True,,,15,ineligible,loc < 25 (minimum length floor is 25)
55161015,abc360_d,data/external/ConDefects/Code/abc360_d/Python/55161015/faultyVersion.py,data/external/ConDefects/Code/abc360_d/Python/55161015/correctVersion.py,data/external/ConDefects/Test/abc360_d,29,3.14.3,True,,,29,ineligible,multi-line fault — excluded by v2 single-line filter
55163205,abc360_d,data/external/ConDefects/Code/abc360_d/Python/55163205/faultyVersion.py,data/external/ConDefects/Code/abc360_d/Python/55163205/correctVersion.py,data/external/ConDefects/Test/abc360_d,19,3.14.3,True,,,19,ineligible,loc < 25 (minimum length floor is 25)
55129894,abc360_e,data/external/ConDefects/Code/abc360_e/Python/55129894/faultyVersion.py,data/external/ConDefects/Code/abc360_e/Python/55129894/correctVersion.py,data/external/ConDefects/Test/abc360_e,16,3.14.3,True,,,16,ineligible,loc < 25 (minimum length floor is 25)
55140371,abc360_e,data/external/ConDefects/Code/abc360_e/Python/55140371/faultyVersion.py,data/external/ConDefects/Code/abc360_e/Python/55140371/correctVersion.py,data/external/ConDefects/Test/abc360_e,64,3.14.3,True,,,64,eligible,
55104098,abc360_f,data/external/ConDefects/Code/abc360_f/Python/55104098/faultyVersion.py,data/external/ConDefects/Code/abc360_f/Python/55104098/correctVersion.py,data/external/ConDefects/Test/abc360_f,221,3.14.3,True,,,221,eligible,
55104262,abc360_f,data/external/ConDefects/Code/abc360_f/Python/55104262/faultyVersion.py,data/external/ConDefects/Code/abc360_f/Python/55104262/correctVersion.py,data/external/ConDefects/Test/abc360_f,24,3.14.3,True,,,24,ineligible,loc < 25 (minimum length floor is 25)
55105382,abc360_f,data/external/ConDefects/Code/abc360_f/Python/55105382/faultyVersion.py,data/external/ConDefects/Code/abc360_f/Python/55105382/correctVersion.py,data/external/ConDefects/Test/abc360_f,71,3.14.3,True,,,71,eligible,
55118906,abc360_f,data/external/ConDefects/Code/abc360_f/Python/55118906/faultyVersion.py,data/external/ConDefects/Code/abc360_f/Python/55118906/correctVersion.py,data/external/ConDefects/Test/abc360_f,1203,3.14.3,True,,,1203,ineligible,loc > 300 (maximum length ceiling is 300)
55163164,abc360_f,data/external/ConDefects/Code/abc360_f/Python/55163164/faultyVersion.py,data/external/ConDefects/Code/abc360_f/Python/55163164/correctVersion.py,data/external/ConDefects/Test/abc360_f,245,3.14.3,True,,,245,eligible,
55104573,abc360_g,data/external/ConDefects/Code/abc360_g/Python/55104573/faultyVersion.py,data/external/ConDefects/Code/abc360_g/Python/55104573/correctVersion.py,data/external/ConDefects/Test/abc360_g,60,3.14.3,True,,,60,eligible,
55112153,abc360_g,data/external/ConDefects/Code/abc360_g/Python/55112153/faultyVersion.py,data/external/ConDefects/Code/abc360_g/Python/55112153/correctVersion.py,data/external/ConDefects/Test/abc360_g,53,3.14.3,True,,,53,eligible,
55136355,abc360_g,data/external/ConDefects/Code/abc360_g/Python/55136355/faultyVersion.py,data/external/ConDefects/Code/abc360_g/Python/55136355/correctVersion.py,data/external/ConDefects/Test/abc360_g,11,3.14.3,True,,,11,ineligible,loc < 25 (minimum length floor is 25)
37010633,agc055_a,data/external/ConDefects/Code/agc055_a/Python/37010633/faultyVersion.py,data/external/ConDefects/Code/agc055_a/Python/37010633/correctVersion.py,data/external/ConDefects/Test/agc055_a,27,3.14.3,True,,,27,ineligible,multiple independent faults
44002402,agc055_a,data/external/ConDefects/Code/agc055_a/Python/44002402/faultyVersion.py,data/external/ConDefects/Code/agc055_a/Python/44002402/correctVersion.py,data/external/ConDefects/Test/agc055_a,56,3.14.3,True,,,56,eligible,
27693193,agc056_c,data/external/ConDefects/Code/agc056_c/Python/27693193/faultyVersion.py,data/external/ConDefects/Code/agc056_c/Python/27693193/correctVersion.py,data/external/ConDefects/Test/agc056_c,40,3.14.3,True,,,40,eligible,
35335100,agc057_a,data/external/ConDefects/Code/agc057_a/Python/35335100/faultyVersion.py,data/external/ConDefects/Code/agc057_a/Python/35335100/correctVersion.py,data/external/ConDefects/Test/agc057_a,18,3.14.3,True,,,18,ineligible,loc < 25 (minimum length floor is 25)
36403213,agc057_a,data/external/ConDefects/Code/agc057_a/Python/36403213/faultyVersion.py,data/external/ConDefects/Code/agc057_a/Python/36403213/correctVersion.py,data/external/ConDefects/Test/agc057_a,15,3.14.3,True,,,15,ineligible,loc < 25 (minimum length floor is 25)
39108897,agc057_a,data/external/ConDefects/Code/agc057_a/Python/39108897/faultyVersion.py,data/external/ConDefects/Code/agc057_a/Python/39108897/correctVersion.py,data/external/ConDefects/Test/agc057_a,26,3.14.3,True,,,26,eligible,
41587952,agc057_a,data/external/ConDefects/Code/agc057_a/Python/41587952/faultyVersion.py,data/external/ConDefects/Code/agc057_a/Python/41587952/correctVersion.py,data/external/ConDefects/Test/agc057_a,35,3.14.3,True,,,35,eligible,
43754109,agc057_a,data/external/ConDefects/Code/agc057_a/Python/43754109/faultyVersion.py,data/external/ConDefects/Code/agc057_a/Python/43754109/correctVersion.py,data/external/ConDefects/Test/agc057_a,29,3.14.3,True,,,29,ineligible,multiple independent faults
31499069,agc057_b,data/external/ConDefects/Code/agc057_b/Python/31499069/faultyVersion.py,data/external/ConDefects/Code/agc057_b/Python/31499069/correctVersion.py,data/external/ConDefects/Test/agc057_b,154,3.14.3,True,,,154,eligible,
31505448,agc057_b,data/external/ConDefects/Code/agc057_b/Python/31505448/faultyVersion.py,data/external/ConDefects/Code/agc057_b/Python/31505448/correctVersion.py,data/external/ConDefects/Test/agc057_b,27,3.14.3,True,,,27,eligible,
41271287,agc057_b,data/external/ConDefects/Code/agc057_b/Python/41271287/faultyVersion.py,data/external/ConDefects/Code/agc057_b/Python/41271287/correctVersion.py,data/external/ConDefects/Test/agc057_b,34,3.14.3,True,,,34,eligible,
43275130,agc058_a,data/external/ConDefects/Code/agc058_a/Python/43275130/faultyVersion.py,data/external/ConDefects/Code/agc058_a/Python/43275130/correctVersion.py,data/external/ConDefects/Test/agc058_a,42,3.14.3,True,,,42,ineligible,multiple independent faults
43781605,agc058_a,data/external/ConDefects/Code/agc058_a/Python/43781605/faultyVersion.py,data/external/ConDefects/Code/agc058_a/Python/43781605/correctVersion.py,data/external/ConDefects/Test/agc058_a,17,3.14.3,True,,,17,ineligible,loc < 25 (minimum length floor is 25)
44643713,agc058_a,data/external/ConDefects/Code/agc058_a/Python/44643713/faultyVersion.py,data/external/ConDefects/Code/agc058_a/Python/44643713/correctVersion.py,data/external/ConDefects/Test/agc058_a,24,3.14.3,True,,,24,ineligible,loc < 25 (minimum length floor is 25)
46230782,agc058_a,data/external/ConDefects/Code/agc058_a/Python/46230782/faultyVersion.py,data/external/ConDefects/Code/agc058_a/Python/46230782/correctVersion.py,data/external/ConDefects/Test/agc058_a,33,3.14.3,True,,,33,ineligible,multiple independent faults
34045717,agc058_b,data/external/ConDefects/Code/agc058_b/Python/34045717/faultyVersion.py,data/external/ConDefects/Code/agc058_b/Python/34045717/correctVersion.py,data/external/ConDefects/Test/agc058_b,31,3.14.3,True,,,31,ineligible,multiple independent faults
34047806,agc058_b,data/external/ConDefects/Code/agc058_b/Python/34047806/faultyVersion.py,data/external/ConDefects/Code/agc058_b/Python/34047806/correctVersion.py,data/external/ConDefects/Test/agc058_b,231,3.14.3,True,,,231,ineligible,multiple independent faults
34050152,agc058_b,data/external/ConDefects/Code/agc058_b/Python/34050152/faultyVersion.py,data/external/ConDefects/Code/agc058_b/Python/34050152/correctVersion.py,data/external/ConDefects/Test/agc058_b,31,3.14.3,True,,,31,eligible,
34054427,agc058_b,data/external/ConDefects/Code/agc058_b/Python/34054427/faultyVersion.py,data/external/ConDefects/Code/agc058_b/Python/34054427/correctVersion.py,data/external/ConDefects/Test/agc058_b,71,3.14.3,True,,,71,eligible,
34059476,agc058_b,data/external/ConDefects/Code/agc058_b/Python/34059476/faultyVersion.py,data/external/ConDefects/Code/agc058_b/Python/34059476/correctVersion.py,data/external/ConDefects/Test/agc058_b,17,3.14.3,True,,,17,ineligible,loc < 25 (minimum length floor is 25)
34060327,agc058_b,data/external/ConDefects/Code/agc058_b/Python/34060327/faultyVersion.py,data/external/ConDefects/Code/agc058_b/Python/34060327/correctVersion.py,data/external/ConDefects/Test/agc058_b,84,3.14.3,True,,,84,ineligible,multiple independent faults
34067395,agc058_b,data/external/ConDefects/Code/agc058_b/Python/34067395/faultyVersion.py,data/external/ConDefects/Code/agc058_b/Python/34067395/correctVersion.py,data/external/ConDefects/Test/agc058_b,27,3.14.3,True,,,27,ineligible,multiple independent faults
37052492,agc059_a,data/external/ConDefects/Code/agc059_a/Python/37052492/faultyVersion.py,data/external/ConDefects/Code/agc059_a/Python/37052492/correctVersion.py,data/external/ConDefects/Test/agc059_a,30,3.14.3,True,,,30,ineligible,multi-line fault — excluded by v2 single-line filter
37116120,agc059_a,data/external/ConDefects/Code/agc059_a/Python/37116120/faultyVersion.py,data/external/ConDefects/Code/agc059_a/Python/37116120/correctVersion.py,data/external/ConDefects/Test/agc059_a,132,3.14.3,True,,,132,eligible,
37117986,agc059_a,data/external/ConDefects/Code/agc059_a/Python/37117986/faultyVersion.py,data/external/ConDefects/Code/agc059_a/Python/37117986/correctVersion.py,data/external/ConDefects/Test/agc059_a,115,3.14.3,True,,,115,ineligible,multi-line fault — excluded by v2 single-line filter
37644565,agc059_a,data/external/ConDefects/Code/agc059_a/Python/37644565/faultyVersion.py,data/external/ConDefects/Code/agc059_a/Python/37644565/correctVersion.py,data/external/ConDefects/Test/agc059_a,12,3.14.3,True,,,12,ineligible,loc < 25 (minimum length floor is 25)
38137266,agc059_a,data/external/ConDefects/Code/agc059_a/Python/38137266/faultyVersion.py,data/external/ConDefects/Code/agc059_a/Python/38137266/correctVersion.py,data/external/ConDefects/Test/agc059_a,50,3.14.3,True,,,50,ineligible,multi-line fault — excluded by v2 single-line filter
38508739,agc059_a,data/external/ConDefects/Code/agc059_a/Python/38508739/faultyVersion.py,data/external/ConDefects/Code/agc059_a/Python/38508739/correctVersion.py,data/external/ConDefects/Test/agc059_a,19,3.14.3,True,,,19,ineligible,loc < 25 (minimum length floor is 25)
37027269,agc059_b,data/external/ConDefects/Code/agc059_b/Python/37027269/faultyVersion.py,data/external/ConDefects/Code/agc059_b/Python/37027269/correctVersion.py,data/external/ConDefects/Test/agc059_b,52,3.14.3,True,,,52,eligible,
37028649,agc059_b,data/external/ConDefects/Code/agc059_b/Python/37028649/faultyVersion.py,data/external/ConDefects/Code/agc059_b/Python/37028649/correctVersion.py,data/external/ConDefects/Test/agc059_b,64,3.14.3,True,,,64,eligible,
37047746,agc059_b,data/external/ConDefects/Code/agc059_b/Python/37047746/faultyVersion.py,data/external/ConDefects/Code/agc059_b/Python/37047746/correctVersion.py,data/external/ConDefects/Test/agc059_b,84,3.14.3,True,,,84,ineligible,multi-line fault — excluded by v2 single-line filter
37682454,agc060_a,data/external/ConDefects/Code/agc060_a/Python/37682454/faultyVersion.py,data/external/ConDefects/Code/agc060_a/Python/37682454/correctVersion.py,data/external/ConDefects/Test/agc060_a,50,3.14.3,True,,,50,ineligible,multi-line fault — excluded by v2 single-line filter
37547592,agc060_b,data/external/ConDefects/Code/agc060_b/Python/37547592/faultyVersion.py,data/external/ConDefects/Code/agc060_b/Python/37547592/correctVersion.py,data/external/ConDefects/Test/agc060_b,28,3.14.3,True,,,28,eligible,
41598368,agc060_b,data/external/ConDefects/Code/agc060_b/Python/41598368/faultyVersion.py,data/external/ConDefects/Code/agc060_b/Python/41598368/correctVersion.py,data/external/ConDefects/Test/agc060_b,18,3.14.3,True,,,18,ineligible,loc < 25 (minimum length floor is 25)
38852158,agc061_a,data/external/ConDefects/Code/agc061_a/Python/38852158/faultyVersion.py,data/external/ConDefects/Code/agc061_a/Python/38852158/correctVersion.py,data/external/ConDefects/Test/agc061_a,51,3.14.3,True,,,51,eligible,
38853475,agc061_a,data/external/ConDefects/Code/agc061_a/Python/38853475/faultyVersion.py,data/external/ConDefects/Code/agc061_a/Python/38853475/correctVersion.py,data/external/ConDefects/Test/agc061_a,51,3.14.3,True,,,51,eligible,
38921956,agc061_a,data/external/ConDefects/Code/agc061_a/Python/38921956/faultyVersion.py,data/external/ConDefects/Code/agc061_a/Python/38921956/correctVersion.py,data/external/ConDefects/Test/agc061_a,20,3.14.3,True,,,20,ineligible,loc < 25 (minimum length floor is 25)
42875065,agc062_a,data/external/ConDefects/Code/agc062_a/Python/42875065/faultyVersion.py,data/external/ConDefects/Code/agc062_a/Python/42875065/correctVersion.py,data/external/ConDefects/Test/agc062_a,14,3.14.3,True,,,14,ineligible,loc < 25 (minimum length floor is 25)
43015792,agc062_a,data/external/ConDefects/Code/agc062_a/Python/43015792/faultyVersion.py,data/external/ConDefects/Code/agc062_a/Python/43015792/correctVersion.py,data/external/ConDefects/Test/agc062_a,22,3.14.3,True,,,22,ineligible,loc < 25 (minimum length floor is 25)
43035982,agc062_a,data/external/ConDefects/Code/agc062_a/Python/43035982/faultyVersion.py,data/external/ConDefects/Code/agc062_a/Python/43035982/correctVersion.py,data/external/ConDefects/Test/agc062_a,14,3.14.3,True,,,14,ineligible,loc < 25 (minimum length floor is 25)
43213602,agc062_a,data/external/ConDefects/Code/agc062_a/Python/43213602/faultyVersion.py,data/external/ConDefects/Code/agc062_a/Python/43213602/correctVersion.py,data/external/ConDefects/Test/agc062_a,19,3.14.3,True,,,19,ineligible,loc < 25 (minimum length floor is 25)
44110722,agc062_a,data/external/ConDefects/Code/agc062_a/Python/44110722/faultyVersion.py,data/external/ConDefects/Code/agc062_a/Python/44110722/correctVersion.py,data/external/ConDefects/Test/agc062_a,14,3.14.3,True,,,14,ineligible,loc < 25 (minimum length floor is 25)
44358952,agc062_a,data/external/ConDefects/Code/agc062_a/Python/44358952/faultyVersion.py,data/external/ConDefects/Code/agc062_a/Python/44358952/correctVersion.py,data/external/ConDefects/Test/agc062_a,15,3.14.3,True,,,15,ineligible,loc < 25 (minimum length floor is 25)
44927989,agc062_a,data/external/ConDefects/Code/agc062_a/Python/44927989/faultyVersion.py,data/external/ConDefects/Code/agc062_a/Python/44927989/correctVersion.py,data/external/ConDefects/Test/agc062_a,9,3.14.3,True,,,9,ineligible,loc < 25 (minimum length floor is 25)
41610915,agc062_c,data/external/ConDefects/Code/agc062_c/Python/41610915/faultyVersion.py,data/external/ConDefects/Code/agc062_c/Python/41610915/correctVersion.py,data/external/ConDefects/Test/agc062_c,51,3.14.3,True,,,51,eligible,
41651640,agc062_c,data/external/ConDefects/Code/agc062_c/Python/41651640/faultyVersion.py,data/external/ConDefects/Code/agc062_c/Python/41651640/correctVersion.py,data/external/ConDefects/Test/agc062_c,214,3.14.3,True,,,214,eligible,
44148214,agc063_a,data/external/ConDefects/Code/agc063_a/Python/44148214/faultyVersion.py,data/external/ConDefects/Code/agc063_a/Python/44148214/correctVersion.py,data/external/ConDefects/Test/agc063_a,20,3.14.3,True,,,20,ineligible,loc < 25 (minimum length floor is 25)
44136745,agc063_b,data/external/ConDefects/Code/agc063_b/Python/44136745/faultyVersion.py,data/external/ConDefects/Code/agc063_b/Python/44136745/correctVersion.py,data/external/ConDefects/Test/agc063_b,268,3.14.3,True,,,268,ineligible,multi-line fault — excluded by v2 single-line filter
44118621,agc063_c,data/external/ConDefects/Code/agc063_c/Python/44118621/faultyVersion.py,data/external/ConDefects/Code/agc063_c/Python/44118621/correctVersion.py,data/external/ConDefects/Test/agc063_c,171,3.14.3,True,,,171,eligible,
44640326,agc064_a,data/external/ConDefects/Code/agc064_a/Python/44640326/faultyVersion.py,data/external/ConDefects/Code/agc064_a/Python/44640326/correctVersion.py,data/external/ConDefects/Test/agc064_a,34,3.14.3,True,,,34,eligible,
46045029,agc064_a,data/external/ConDefects/Code/agc064_a/Python/46045029/faultyVersion.py,data/external/ConDefects/Code/agc064_a/Python/46045029/correctVersion.py,data/external/ConDefects/Test/agc064_a,23,3.14.3,True,,,23,ineligible,loc < 25 (minimum length floor is 25)
49045953,agc065_a,data/external/ConDefects/Code/agc065_a/Python/49045953/faultyVersion.py,data/external/ConDefects/Code/agc065_a/Python/49045953/correctVersion.py,data/external/ConDefects/Test/agc065_a,22,3.14.3,True,,,22,ineligible,loc < 25 (minimum length floor is 25)
48625236,agc065_c,data/external/ConDefects/Code/agc065_c/Python/48625236/faultyVersion.py,data/external/ConDefects/Code/agc065_c/Python/48625236/correctVersion.py,data/external/ConDefects/Test/agc065_c,22,3.14.3,True,,,22,ineligible,loc < 25 (minimum length floor is 25)
48625380,agc065_c,data/external/ConDefects/Code/agc065_c/Python/48625380/faultyVersion.py,data/external/ConDefects/Code/agc065_c/Python/48625380/correctVersion.py,data/external/ConDefects/Test/agc065_c,46,3.14.3,True,,,46,eligible,
49687882,agc065_c,data/external/ConDefects/Code/agc065_c/Python/49687882/faultyVersion.py,data/external/ConDefects/Code/agc065_c/Python/49687882/correctVersion.py,data/external/ConDefects/Test/agc065_c,23,3.14.3,True,,,23,ineligible,loc < 25 (minimum length floor is 25)
49687962,agc065_c,data/external/ConDefects/Code/agc065_c/Python/49687962/faultyVersion.py,data/external/ConDefects/Code/agc065_c/Python/49687962/correctVersion.py,data/external/ConDefects/Test/agc065_c,28,3.14.3,True,,,28,ineligible,multiple independent faults
51924137,agc066_a,data/external/ConDefects/Code/agc066_a/Python/51924137/faultyVersion.py,data/external/ConDefects/Code/agc066_a/Python/51924137/correctVersion.py,data/external/ConDefects/Test/agc066_a,84,3.14.3,True,,,84,eligible,
53570827,agc066_a,data/external/ConDefects/Code/agc066_a/Python/53570827/faultyVersion.py,data/external/ConDefects/Code/agc066_a/Python/53570827/correctVersion.py,data/external/ConDefects/Test/agc066_a,26,3.14.3,True,,,26,ineligible,multiple independent faults
52816712,agc066_b,data/external/ConDefects/Code/agc066_b/Python/52816712/faultyVersion.py,data/external/ConDefects/Code/agc066_b/Python/52816712/correctVersion.py,data/external/ConDefects/Test/agc066_b,22,3.14.3,True,,,22,ineligible,loc < 25 (minimum length floor is 25)
52817133,agc066_b,data/external/ConDefects/Code/agc066_b/Python/52817133/faultyVersion.py,data/external/ConDefects/Code/agc066_b/Python/52817133/correctVersion.py,data/external/ConDefects/Test/agc066_b,1,3.14.3,True,,,1,ineligible,loc < 25 (minimum length floor is 25)
53429642,agc066_b,data/external/ConDefects/Code/agc066_b/Python/53429642/faultyVersion.py,data/external/ConDefects/Code/agc066_b/Python/53429642/correctVersion.py,data/external/ConDefects/Test/agc066_b,1,3.14.3,True,,,1,ineligible,loc < 25 (minimum length floor is 25)
53808375,agc066_b,data/external/ConDefects/Code/agc066_b/Python/53808375/faultyVersion.py,data/external/ConDefects/Code/agc066_b/Python/53808375/correctVersion.py,data/external/ConDefects/Test/agc066_b,3,3.14.3,True,,,3,ineligible,loc < 25 (minimum length floor is 25)
54623268,agc066_b,data/external/ConDefects/Code/agc066_b/Python/54623268/faultyVersion.py,data/external/ConDefects/Code/agc066_b/Python/54623268/correctVersion.py,data/external/ConDefects/Test/agc066_b,6,3.14.3,True,,,6,ineligible,loc < 25 (minimum length floor is 25)
52162543,agc066_c,data/external/ConDefects/Code/agc066_c/Python/52162543/faultyVersion.py,data/external/ConDefects/Code/agc066_c/Python/52162543/correctVersion.py,data/external/ConDefects/Test/agc066_c,39,3.14.3,True,,,39,eligible,
37620333,arc128_b,data/external/ConDefects/Code/arc128_b/Python/37620333/faultyVersion.py,data/external/ConDefects/Code/arc128_b/Python/37620333/correctVersion.py,data/external/ConDefects/Test/arc128_b,24,3.14.3,True,,,24,ineligible,loc < 25 (minimum length floor is 25)
38862798,arc128_b,data/external/ConDefects/Code/arc128_b/Python/38862798/faultyVersion.py,data/external/ConDefects/Code/arc128_b/Python/38862798/correctVersion.py,data/external/ConDefects/Test/arc128_b,21,3.14.3,True,,,21,ineligible,loc < 25 (minimum length floor is 25)
40552495,arc128_b,data/external/ConDefects/Code/arc128_b/Python/40552495/faultyVersion.py,data/external/ConDefects/Code/arc128_b/Python/40552495/correctVersion.py,data/external/ConDefects/Test/arc128_b,27,3.14.3,True,,,27,ineligible,multi-line fault — excluded by v2 single-line filter
40706832,arc128_b,data/external/ConDefects/Code/arc128_b/Python/40706832/faultyVersion.py,data/external/ConDefects/Code/arc128_b/Python/40706832/correctVersion.py,data/external/ConDefects/Test/arc128_b,29,3.14.3,True,,,29,eligible,
42302488,arc128_b,data/external/ConDefects/Code/arc128_b/Python/42302488/faultyVersion.py,data/external/ConDefects/Code/arc128_b/Python/42302488/correctVersion.py,data/external/ConDefects/Test/arc128_b,22,3.14.3,True,,,22,ineligible,loc < 25 (minimum length floor is 25)
28766899,arc128_c,data/external/ConDefects/Code/arc128_c/Python/28766899/faultyVersion.py,data/external/ConDefects/Code/arc128_c/Python/28766899/correctVersion.py,data/external/ConDefects/Test/arc128_c,21,3.14.3,True,,,21,ineligible,loc < 25 (minimum length floor is 25)
29987786,arc128_c,data/external/ConDefects/Code/arc128_c/Python/29987786/faultyVersion.py,data/external/ConDefects/Code/arc128_c/Python/29987786/correctVersion.py,data/external/ConDefects/Test/arc128_c,28,3.14.3,True,,,28,eligible,
33842964,arc128_c,data/external/ConDefects/Code/arc128_c/Python/33842964/faultyVersion.py,data/external/ConDefects/Code/arc128_c/Python/33842964/correctVersion.py,data/external/ConDefects/Test/arc128_c,25,3.14.3,True,,,25,ineligible,multi-line fault — excluded by v2 single-line filter
41096330,arc128_c,data/external/ConDefects/Code/arc128_c/Python/41096330/faultyVersion.py,data/external/ConDefects/Code/arc128_c/Python/41096330/correctVersion.py,data/external/ConDefects/Test/arc128_c,21,3.14.3,True,,,21,ineligible,loc < 25 (minimum length floor is 25)
26604143,arc128_d,data/external/ConDefects/Code/arc128_d/Python/26604143/faultyVersion.py,data/external/ConDefects/Code/arc128_d/Python/26604143/correctVersion.py,data/external/ConDefects/Test/arc128_d,63,3.14.3,True,,,63,ineligible,multiple independent faults
26708943,arc128_d,data/external/ConDefects/Code/arc128_d/Python/26708943/faultyVersion.py,data/external/ConDefects/Code/arc128_d/Python/26708943/correctVersion.py,data/external/ConDefects/Test/arc128_d,33,3.14.3,True,,,33,eligible,
27510550,arc128_e,data/external/ConDefects/Code/arc128_e/Python/27510550/faultyVersion.py,data/external/ConDefects/Code/arc128_e/Python/27510550/correctVersion.py,data/external/ConDefects/Test/arc128_e,66,3.14.3,True,,,66,eligible,
37037100,arc129_a,data/external/ConDefects/Code/arc129_a/Python/37037100/faultyVersion.py,data/external/ConDefects/Code/arc129_a/Python/37037100/correctVersion.py,data/external/ConDefects/Test/arc129_a,15,3.14.3,True,,,15,ineligible,loc < 25 (minimum length floor is 25)
37413709,arc129_a,data/external/ConDefects/Code/arc129_a/Python/37413709/faultyVersion.py,data/external/ConDefects/Code/arc129_a/Python/37413709/correctVersion.py,data/external/ConDefects/Test/arc129_a,6,3.14.3,True,,,6,ineligible,loc < 25 (minimum length floor is 25)
38487358,arc129_a,data/external/ConDefects/Code/arc129_a/Python/38487358/faultyVersion.py,data/external/ConDefects/Code/arc129_a/Python/38487358/correctVersion.py,data/external/ConDefects/Test/arc129_a,10,3.14.3,True,,,10,ineligible,loc < 25 (minimum length floor is 25)
38752586,arc129_a,data/external/ConDefects/Code/arc129_a/Python/38752586/faultyVersion.py,data/external/ConDefects/Code/arc129_a/Python/38752586/correctVersion.py,data/external/ConDefects/Test/arc129_a,26,3.14.3,True,,,26,eligible,
38833629,arc129_a,data/external/ConDefects/Code/arc129_a/Python/38833629/faultyVersion.py,data/external/ConDefects/Code/arc129_a/Python/38833629/correctVersion.py,data/external/ConDefects/Test/arc129_a,20,3.14.3,True,,,20,ineligible,loc < 25 (minimum length floor is 25)
39058948,arc129_a,data/external/ConDefects/Code/arc129_a/Python/39058948/faultyVersion.py,data/external/ConDefects/Code/arc129_a/Python/39058948/correctVersion.py,data/external/ConDefects/Test/arc129_a,13,3.14.3,True,,,13,ineligible,loc < 25 (minimum length floor is 25)
43963825,arc129_a,data/external/ConDefects/Code/arc129_a/Python/43963825/faultyVersion.py,data/external/ConDefects/Code/arc129_a/Python/43963825/correctVersion.py,data/external/ConDefects/Test/arc129_a,18,3.14.3,True,,,18,ineligible,loc < 25 (minimum length floor is 25)
44795955,arc129_a,data/external/ConDefects/Code/arc129_a/Python/44795955/faultyVersion.py,data/external/ConDefects/Code/arc129_a/Python/44795955/correctVersion.py,data/external/ConDefects/Test/arc129_a,17,3.14.3,True,,,17,ineligible,loc < 25 (minimum length floor is 25)
36921100,arc129_b,data/external/ConDefects/Code/arc129_b/Python/36921100/faultyVersion.py,data/external/ConDefects/Code/arc129_b/Python/36921100/correctVersion.py,data/external/ConDefects/Test/arc129_b,8,3.14.3,True,,,8,ineligible,loc < 25 (minimum length floor is 25)
38744633,arc129_b,data/external/ConDefects/Code/arc129_b/Python/38744633/faultyVersion.py,data/external/ConDefects/Code/arc129_b/Python/38744633/correctVersion.py,data/external/ConDefects/Test/arc129_b,16,3.14.3,True,,,16,ineligible,loc < 25 (minimum length floor is 25)
44921969,arc129_b,data/external/ConDefects/Code/arc129_b/Python/44921969/faultyVersion.py,data/external/ConDefects/Code/arc129_b/Python/44921969/correctVersion.py,data/external/ConDefects/Test/arc129_b,11,3.14.3,True,,,11,ineligible,loc < 25 (minimum length floor is 25)
34289751,arc129_c,data/external/ConDefects/Code/arc129_c/Python/34289751/faultyVersion.py,data/external/ConDefects/Code/arc129_c/Python/34289751/correctVersion.py,data/external/ConDefects/Test/arc129_c,32,3.14.3,True,,,32,eligible,
35701293,arc129_c,data/external/ConDefects/Code/arc129_c/Python/35701293/faultyVersion.py,data/external/ConDefects/Code/arc129_c/Python/35701293/correctVersion.py,data/external/ConDefects/Test/arc129_c,21,3.14.3,True,,,21,ineligible,loc < 25 (minimum length floor is 25)
39744798,arc129_c,data/external/ConDefects/Code/arc129_c/Python/39744798/faultyVersion.py,data/external/ConDefects/Code/arc129_c/Python/39744798/correctVersion.py,data/external/ConDefects/Test/arc129_c,15,3.14.3,True,,,15,ineligible,loc < 25 (minimum length floor is 25)
43964198,arc129_c,data/external/ConDefects/Code/arc129_c/Python/43964198/faultyVersion.py,data/external/ConDefects/Code/arc129_c/Python/43964198/correctVersion.py,data/external/ConDefects/Test/arc129_c,36,3.14.3,True,,,36,eligible,
27435812,arc129_d,data/external/ConDefects/Code/arc129_d/Python/27435812/faultyVersion.py,data/external/ConDefects/Code/arc129_d/Python/27435812/correctVersion.py,data/external/ConDefects/Test/arc129_d,70,3.14.3,True,,,70,eligible,
27452332,arc129_d,data/external/ConDefects/Code/arc129_d/Python/27452332/faultyVersion.py,data/external/ConDefects/Code/arc129_d/Python/27452332/correctVersion.py,data/external/ConDefects/Test/arc129_d,92,3.14.3,True,,,92,eligible,
27941784,arc129_d,data/external/ConDefects/Code/arc129_d/Python/27941784/faultyVersion.py,data/external/ConDefects/Code/arc129_d/Python/27941784/correctVersion.py,data/external/ConDefects/Test/arc129_d,53,3.14.3,True,,,53,eligible,
37079672,arc130_b,data/external/ConDefects/Code/arc130_b/Python/37079672/faultyVersion.py,data/external/ConDefects/Code/arc130_b/Python/37079672/correctVersion.py,data/external/ConDefects/Test/arc130_b,6,3.14.3,True,,,6,ineligible,loc < 25 (minimum length floor is 25)
40982417,arc130_b,data/external/ConDefects/Code/arc130_b/Python/40982417/faultyVersion.py,data/external/ConDefects/Code/arc130_b/Python/40982417/correctVersion.py,data/external/ConDefects/Test/arc130_b,15,3.14.3,True,,,15,ineligible,loc < 25 (minimum length floor is 25)
27576444,arc130_f,data/external/ConDefects/Code/arc130_f/Python/27576444/faultyVersion.py,data/external/ConDefects/Code/arc130_f/Python/27576444/correctVersion.py,data/external/ConDefects/Test/arc130_f,103,3.14.3,True,,,103,eligible,
27582246,arc130_f,data/external/ConDefects/Code/arc130_f/Python/27582246/faultyVersion.py,data/external/ConDefects/Code/arc130_f/Python/27582246/correctVersion.py,data/external/ConDefects/Test/arc130_f,50,3.14.3,True,,,50,eligible,
42234750,arc131_a,data/external/ConDefects/Code/arc131_a/Python/42234750/faultyVersion.py,data/external/ConDefects/Code/arc131_a/Python/42234750/correctVersion.py,data/external/ConDefects/Test/arc131_a,10,3.14.3,True,,,10,ineligible,loc < 25 (minimum length floor is 25)
42235783,arc131_a,data/external/ConDefects/Code/arc131_a/Python/42235783/faultyVersion.py,data/external/ConDefects/Code/arc131_a/Python/42235783/correctVersion.py,data/external/ConDefects/Test/arc131_a,10,3.14.3,True,,,10,ineligible,loc < 25 (minimum length floor is 25)
43033195,arc131_a,data/external/ConDefects/Code/arc131_a/Python/43033195/faultyVersion.py,data/external/ConDefects/Code/arc131_a/Python/43033195/correctVersion.py,data/external/ConDefects/Test/arc131_a,3,3.14.3,True,,,3,ineligible,loc < 25 (minimum length floor is 25)
44093333,arc131_a,data/external/ConDefects/Code/arc131_a/Python/44093333/faultyVersion.py,data/external/ConDefects/Code/arc131_a/Python/44093333/correctVersion.py,data/external/ConDefects/Test/arc131_a,4,3.14.3,True,,,4,ineligible,loc < 25 (minimum length floor is 25)
45086721,arc131_a,data/external/ConDefects/Code/arc131_a/Python/45086721/faultyVersion.py,data/external/ConDefects/Code/arc131_a/Python/45086721/correctVersion.py,data/external/ConDefects/Test/arc131_a,3,3.14.3,True,,,3,ineligible,loc < 25 (minimum length floor is 25)
45453669,arc131_a,data/external/ConDefects/Code/arc131_a/Python/45453669/faultyVersion.py,data/external/ConDefects/Code/arc131_a/Python/45453669/correctVersion.py,data/external/ConDefects/Test/arc131_a,4,3.14.3,True,,,4,ineligible,loc < 25 (minimum length floor is 25)
38447849,arc131_b,data/external/ConDefects/Code/arc131_b/Python/38447849/faultyVersion.py,data/external/ConDefects/Code/arc131_b/Python/38447849/correctVersion.py,data/external/ConDefects/Test/arc131_b,19,3.14.3,True,,,19,ineligible,loc < 25 (minimum length floor is 25)
40380616,arc131_c,data/external/ConDefects/Code/arc131_c/Python/40380616/faultyVersion.py,data/external/ConDefects/Code/arc131_c/Python/40380616/correctVersion.py,data/external/ConDefects/Test/arc131_c,20,3.14.3,True,,,20,ineligible,loc < 25 (minimum length floor is 25)
41901450,arc131_c,data/external/ConDefects/Code/arc131_c/Python/41901450/faultyVersion.py,data/external/ConDefects/Code/arc131_c/Python/41901450/correctVersion.py,data/external/ConDefects/Test/arc131_c,14,3.14.3,True,,,14,ineligible,loc < 25 (minimum length floor is 25)
27741393,arc131_d,data/external/ConDefects/Code/arc131_d/Python/27741393/faultyVersion.py,data/external/ConDefects/Code/arc131_d/Python/27741393/correctVersion.py,data/external/ConDefects/Test/arc131_d,26,3.14.3,True,,,26,ineligible,multiple independent faults
27742025,arc131_d,data/external/ConDefects/Code/arc131_d/Python/27742025/faultyVersion.py,data/external/ConDefects/Code/arc131_d/Python/27742025/correctVersion.py,data/external/ConDefects/Test/arc131_d,30,3.14.3,True,,,30,eligible,
27771010,arc131_d,data/external/ConDefects/Code/arc131_d/Python/27771010/faultyVersion.py,data/external/ConDefects/Code/arc131_d/Python/27771010/correctVersion.py,data/external/ConDefects/Test/arc131_d,89,3.14.3,True,,,89,eligible,
33558182,arc131_d,data/external/ConDefects/Code/arc131_d/Python/33558182/faultyVersion.py,data/external/ConDefects/Code/arc131_d/Python/33558182/correctVersion.py,data/external/ConDefects/Test/arc131_d,58,3.14.3,True,,,58,eligible,
27727642,arc131_e,data/external/ConDefects/Code/arc131_e/Python/27727642/faultyVersion.py,data/external/ConDefects/Code/arc131_e/Python/27727642/correctVersion.py,data/external/ConDefects/Test/arc131_e,57,3.14.3,True,,,57,eligible,
27729425,arc131_e,data/external/ConDefects/Code/arc131_e/Python/27729425/faultyVersion.py,data/external/ConDefects/Code/arc131_e/Python/27729425/correctVersion.py,data/external/ConDefects/Test/arc131_e,95,3.14.3,True,,,95,eligible,
27740591,arc131_e,data/external/ConDefects/Code/arc131_e/Python/27740591/faultyVersion.py,data/external/ConDefects/Code/arc131_e/Python/27740591/correctVersion.py,data/external/ConDefects/Test/arc131_e,56,3.14.3,True,,,56,eligible,
27742492,arc131_e,data/external/ConDefects/Code/arc131_e/Python/27742492/faultyVersion.py,data/external/ConDefects/Code/arc131_e/Python/27742492/correctVersion.py,data/external/ConDefects/Test/arc131_e,19,3.14.3,True,,,19,ineligible,loc < 25 (minimum length floor is 25)
27742677,arc131_e,data/external/ConDefects/Code/arc131_e/Python/27742677/faultyVersion.py,data/external/ConDefects/Code/arc131_e/Python/27742677/correctVersion.py,data/external/ConDefects/Test/arc131_e,6,3.14.3,True,,,6,ineligible,loc < 25 (minimum length floor is 25)
27746730,arc131_e,data/external/ConDefects/Code/arc131_e/Python/27746730/faultyVersion.py,data/external/ConDefects/Code/arc131_e/Python/27746730/correctVersion.py,data/external/ConDefects/Test/arc131_e,103,3.14.3,True,,,103,eligible,
32651833,arc131_e,data/external/ConDefects/Code/arc131_e/Python/32651833/faultyVersion.py,data/external/ConDefects/Code/arc131_e/Python/32651833/correctVersion.py,data/external/ConDefects/Test/arc131_e,45,3.14.3,True,,,45,eligible,
38955195,arc131_e,data/external/ConDefects/Code/arc131_e/Python/38955195/faultyVersion.py,data/external/ConDefects/Code/arc131_e/Python/38955195/correctVersion.py,data/external/ConDefects/Test/arc131_e,239,3.14.3,True,,,239,eligible,
42742272,arc131_e,data/external/ConDefects/Code/arc131_e/Python/42742272/faultyVersion.py,data/external/ConDefects/Code/arc131_e/Python/42742272/correctVersion.py,data/external/ConDefects/Test/arc131_e,40,3.14.3,True,,,40,eligible,
37932148,arc132_a,data/external/ConDefects/Code/arc132_a/Python/37932148/faultyVersion.py,data/external/ConDefects/Code/arc132_a/Python/37932148/correctVersion.py,data/external/ConDefects/Test/arc132_a,12,3.14.3,True,,,12,ineligible,loc < 25 (minimum length floor is 25)
38864069,arc132_a,data/external/ConDefects/Code/arc132_a/Python/38864069/faultyVersion.py,data/external/ConDefects/Code/arc132_a/Python/38864069/correctVersion.py,data/external/ConDefects/Test/arc132_a,20,3.14.3,True,,,20,ineligible,loc < 25 (minimum length floor is 25)
39808227,arc132_a,data/external/ConDefects/Code/arc132_a/Python/39808227/faultyVersion.py,data/external/ConDefects/Code/arc132_a/Python/39808227/correctVersion.py,data/external/ConDefects/Test/arc132_a,22,3.14.3,True,,,22,ineligible,loc < 25 (minimum length floor is 25)
43293149,arc132_a,data/external/ConDefects/Code/arc132_a/Python/43293149/faultyVersion.py,data/external/ConDefects/Code/arc132_a/Python/43293149/correctVersion.py,data/external/ConDefects/Test/arc132_a,33,3.14.3,True,,,33,eligible,
44360542,arc132_a,data/external/ConDefects/Code/arc132_a/Python/44360542/faultyVersion.py,data/external/ConDefects/Code/arc132_a/Python/44360542/correctVersion.py,data/external/ConDefects/Test/arc132_a,16,3.14.3,True,,,16,ineligible,loc < 25 (minimum length floor is 25)
45439715,arc132_a,data/external/ConDefects/Code/arc132_a/Python/45439715/faultyVersion.py,data/external/ConDefects/Code/arc132_a/Python/45439715/correctVersion.py,data/external/ConDefects/Test/arc132_a,9,3.14.3,True,,,9,ineligible,loc < 25 (minimum length floor is 25)
37384305,arc132_b,data/external/ConDefects/Code/arc132_b/Python/37384305/faultyVersion.py,data/external/ConDefects/Code/arc132_b/Python/37384305/correctVersion.py,data/external/ConDefects/Test/arc132_b,18,3.14.3,True,,,18,ineligible,loc < 25 (minimum length floor is 25)
38109909,arc132_b,data/external/ConDefects/Code/arc132_b/Python/38109909/faultyVersion.py,data/external/ConDefects/Code/arc132_b/Python/38109909/correctVersion.py,data/external/ConDefects/Test/arc132_b,25,3.14.3,True,,,25,eligible,
40278857,arc132_b,data/external/ConDefects/Code/arc132_b/Python/40278857/faultyVersion.py,data/external/ConDefects/Code/arc132_b/Python/40278857/correctVersion.py,data/external/ConDefects/Test/arc132_b,31,3.14.3,True,,,31,eligible,
40304207,arc132_b,data/external/ConDefects/Code/arc132_b/Python/40304207/faultyVersion.py,data/external/ConDefects/Code/arc132_b/Python/40304207/correctVersion.py,data/external/ConDefects/Test/arc132_b,35,3.14.3,True,,,35,eligible,
40631011,arc132_b,data/external/ConDefects/Code/arc132_b/Python/40631011/faultyVersion.py,data/external/ConDefects/Code/arc132_b/Python/40631011/correctVersion.py,data/external/ConDefects/Test/arc132_b,37,3.14.3,True,,,37,eligible,
40788624,arc132_b,data/external/ConDefects/Code/arc132_b/Python/40788624/faultyVersion.py,data/external/ConDefects/Code/arc132_b/Python/40788624/correctVersion.py,data/external/ConDefects/Test/arc132_b,10,3.14.3,True,,,10,ineligible,loc < 25 (minimum length floor is 25)
41870393,arc132_b,data/external/ConDefects/Code/arc132_b/Python/41870393/faultyVersion.py,data/external/ConDefects/Code/arc132_b/Python/41870393/correctVersion.py,data/external/ConDefects/Test/arc132_b,20,3.14.3,True,,,20,ineligible,loc < 25 (minimum length floor is 25)
44219174,arc132_b,data/external/ConDefects/Code/arc132_b/Python/44219174/faultyVersion.py,data/external/ConDefects/Code/arc132_b/Python/44219174/correctVersion.py,data/external/ConDefects/Test/arc132_b,35,3.14.3,True,,,35,eligible,
31137799,arc132_c,data/external/ConDefects/Code/arc132_c/Python/31137799/faultyVersion.py,data/external/ConDefects/Code/arc132_c/Python/31137799/correctVersion.py,data/external/ConDefects/Test/arc132_c,154,3.14.3,True,,,154,eligible,
31270911,arc132_c,data/external/ConDefects/Code/arc132_c/Python/31270911/faultyVersion.py,data/external/ConDefects/Code/arc132_c/Python/31270911/correctVersion.py,data/external/ConDefects/Test/arc132_c,31,3.14.3,True,,,31,ineligible,multiple independent faults
35435888,arc132_c,data/external/ConDefects/Code/arc132_c/Python/35435888/faultyVersion.py,data/external/ConDefects/Code/arc132_c/Python/35435888/correctVersion.py,data/external/ConDefects/Test/arc132_c,24,3.14.3,True,,,24,ineligible,loc < 25 (minimum length floor is 25)
28174907,arc132_d,data/external/ConDefects/Code/arc132_d/Python/28174907/faultyVersion.py,data/external/ConDefects/Code/arc132_d/Python/28174907/correctVersion.py,data/external/ConDefects/Test/arc132_d,43,3.14.3,True,,,43,eligible,
28175955,arc132_d,data/external/ConDefects/Code/arc132_d/Python/28175955/faultyVersion.py,data/external/ConDefects/Code/arc132_d/Python/28175955/correctVersion.py,data/external/ConDefects/Test/arc132_d,52,3.14.3,True,,,52,eligible,
41861434,arc133_a,data/external/ConDefects/Code/arc133_a/Python/41861434/faultyVersion.py,data/external/ConDefects/Code/arc133_a/Python/41861434/correctVersion.py,data/external/ConDefects/Test/arc133_a,32,3.14.3,True,,,32,eligible,
42236836,arc133_a,data/external/ConDefects/Code/arc133_a/Python/42236836/faultyVersion.py,data/external/ConDefects/Code/arc133_a/Python/42236836/correctVersion.py,data/external/ConDefects/Test/arc133_a,13,3.14.3,True,,,13,ineligible,loc < 25 (minimum length floor is 25)
42717104,arc133_a,data/external/ConDefects/Code/arc133_a/Python/42717104/faultyVersion.py,data/external/ConDefects/Code/arc133_a/Python/42717104/correctVersion.py,data/external/ConDefects/Test/arc133_a,23,3.14.3,True,,,23,ineligible,loc < 25 (minimum length floor is 25)
46026088,arc133_a,data/external/ConDefects/Code/arc133_a/Python/46026088/faultyVersion.py,data/external/ConDefects/Code/arc133_a/Python/46026088/correctVersion.py,data/external/ConDefects/Test/arc133_a,14,3.14.3,True,,,14,ineligible,loc < 25 (minimum length floor is 25)
34093512,arc133_b,data/external/ConDefects/Code/arc133_b/Python/34093512/faultyVersion.py,data/external/ConDefects/Code/arc133_b/Python/34093512/correctVersion.py,data/external/ConDefects/Test/arc133_b,26,3.14.3,True,,,26,eligible,
41864112,arc133_b,data/external/ConDefects/Code/arc133_b/Python/41864112/faultyVersion.py,data/external/ConDefects/Code/arc133_b/Python/41864112/correctVersion.py,data/external/ConDefects/Test/arc133_b,33,3.14.3,True,,,33,eligible,
28699416,arc133_d,data/external/ConDefects/Code/arc133_d/Python/28699416/faultyVersion.py,data/external/ConDefects/Code/arc133_d/Python/28699416/correctVersion.py,data/external/ConDefects/Test/arc133_d,176,3.14.3,True,,,176,ineligible,multiple independent faults
28699500,arc133_d,data/external/ConDefects/Code/arc133_d/Python/28699500/faultyVersion.py,data/external/ConDefects/Code/arc133_d/Python/28699500/correctVersion.py,data/external/ConDefects/Test/arc133_d,103,3.14.3,True,,,103,eligible,
28706821,arc133_d,data/external/ConDefects/Code/arc133_d/Python/28706821/faultyVersion.py,data/external/ConDefects/Code/arc133_d/Python/28706821/correctVersion.py,data/external/ConDefects/Test/arc133_d,153,3.14.3,True,,,153,ineligible,multi-line fault — excluded by v2 single-line filter
44249322,arc133_d,data/external/ConDefects/Code/arc133_d/Python/44249322/faultyVersion.py,data/external/ConDefects/Code/arc133_d/Python/44249322/correctVersion.py,data/external/ConDefects/Test/arc133_d,67,3.14.3,True,,,67,eligible,
43954461,arc134_a,data/external/ConDefects/Code/arc134_a/Python/43954461/faultyVersion.py,data/external/ConDefects/Code/arc134_a/Python/43954461/correctVersion.py,data/external/ConDefects/Test/arc134_a,24,3.14.3,True,,,24,ineligible,loc < 25 (minimum length floor is 25)
45282634,arc134_a,data/external/ConDefects/Code/arc134_a/Python/45282634/faultyVersion.py,data/external/ConDefects/Code/arc134_a/Python/45282634/correctVersion.py,data/external/ConDefects/Test/arc134_a,9,3.14.3,True,,,9,ineligible,loc < 25 (minimum length floor is 25)
45479683,arc134_a,data/external/ConDefects/Code/arc134_a/Python/45479683/faultyVersion.py,data/external/ConDefects/Code/arc134_a/Python/45479683/correctVersion.py,data/external/ConDefects/Test/arc134_a,158,3.14.3,True,,,158,eligible,
40879387,arc134_b,data/external/ConDefects/Code/arc134_b/Python/40879387/faultyVersion.py,data/external/ConDefects/Code/arc134_b/Python/40879387/correctVersion.py,data/external/ConDefects/Test/arc134_b,25,3.14.3,True,,,25,eligible,
42294633,arc134_b,data/external/ConDefects/Code/arc134_b/Python/42294633/faultyVersion.py,data/external/ConDefects/Code/arc134_b/Python/42294633/correctVersion.py,data/external/ConDefects/Test/arc134_b,483,3.14.3,True,,,483,ineligible,loc > 300 (maximum length ceiling is 300)
42982979,arc134_b,data/external/ConDefects/Code/arc134_b/Python/42982979/faultyVersion.py,data/external/ConDefects/Code/arc134_b/Python/42982979/correctVersion.py,data/external/ConDefects/Test/arc134_b,39,3.14.3,True,,,39,ineligible,multiple independent faults
45004334,arc134_b,data/external/ConDefects/Code/arc134_b/Python/45004334/faultyVersion.py,data/external/ConDefects/Code/arc134_b/Python/45004334/correctVersion.py,data/external/ConDefects/Test/arc134_b,30,3.14.3,True,,,30,eligible,
32125806,arc134_d,data/external/ConDefects/Code/arc134_d/Python/32125806/faultyVersion.py,data/external/ConDefects/Code/arc134_d/Python/32125806/correctVersion.py,data/external/ConDefects/Test/arc134_d,70,3.14.3,True,,,70,ineligible,multiple independent faults
33208299,arc134_d,data/external/ConDefects/Code/arc134_d/Python/33208299/faultyVersion.py,data/external/ConDefects/Code/arc134_d/Python/33208299/correctVersion.py,data/external/ConDefects/Test/arc134_d,62,3.14.3,True,,,62,ineligible,multiple independent faults
36030496,arc134_d,data/external/ConDefects/Code/arc134_d/Python/36030496/faultyVersion.py,data/external/ConDefects/Code/arc134_d/Python/36030496/correctVersion.py,data/external/ConDefects/Test/arc134_d,47,3.14.3,True,,,47,eligible,
39521763,arc134_d,data/external/ConDefects/Code/arc134_d/Python/39521763/faultyVersion.py,data/external/ConDefects/Code/arc134_d/Python/39521763/correctVersion.py,data/external/ConDefects/Test/arc134_d,43,3.14.3,True,,,43,ineligible,multi-line fault — excluded by v2 single-line filter
43694743,arc135_a,data/external/ConDefects/Code/arc135_a/Python/43694743/faultyVersion.py,data/external/ConDefects/Code/arc135_a/Python/43694743/correctVersion.py,data/external/ConDefects/Test/arc135_a,33,3.14.3,True,,,33,eligible,
39932705,arc135_b,data/external/ConDefects/Code/arc135_b/Python/39932705/faultyVersion.py,data/external/ConDefects/Code/arc135_b/Python/39932705/correctVersion.py,data/external/ConDefects/Test/arc135_b,104,3.14.3,True,,,104,eligible,
40764615,arc135_b,data/external/ConDefects/Code/arc135_b/Python/40764615/faultyVersion.py,data/external/ConDefects/Code/arc135_b/Python/40764615/correctVersion.py,data/external/ConDefects/Test/arc135_b,40,3.14.3,True,,,40,eligible,
41266489,arc135_b,data/external/ConDefects/Code/arc135_b/Python/41266489/faultyVersion.py,data/external/ConDefects/Code/arc135_b/Python/41266489/correctVersion.py,data/external/ConDefects/Test/arc135_b,31,3.14.3,True,,,31,eligible,
43508289,arc135_b,data/external/ConDefects/Code/arc135_b/Python/43508289/faultyVersion.py,data/external/ConDefects/Code/arc135_b/Python/43508289/correctVersion.py,data/external/ConDefects/Test/arc135_b,16,3.14.3,True,,,16,ineligible,loc < 25 (minimum length floor is 25)
45786471,arc135_b,data/external/ConDefects/Code/arc135_b/Python/45786471/faultyVersion.py,data/external/ConDefects/Code/arc135_b/Python/45786471/correctVersion.py,data/external/ConDefects/Test/arc135_b,32,3.14.3,True,,,32,eligible,
33027382,arc135_c,data/external/ConDefects/Code/arc135_c/Python/33027382/faultyVersion.py,data/external/ConDefects/Code/arc135_c/Python/33027382/correctVersion.py,data/external/ConDefects/Test/arc135_c,44,3.14.3,True,,,44,ineligible,multi-line fault — excluded by v2 single-line filter
41836593,arc135_c,data/external/ConDefects/Code/arc135_c/Python/41836593/faultyVersion.py,data/external/ConDefects/Code/arc135_c/Python/41836593/correctVersion.py,data/external/ConDefects/Test/arc135_c,19,3.14.3,True,,,19,ineligible,loc < 25 (minimum length floor is 25)
29313863,arc135_d,data/external/ConDefects/Code/arc135_d/Python/29313863/faultyVersion.py,data/external/ConDefects/Code/arc135_d/Python/29313863/correctVersion.py,data/external/ConDefects/Test/arc135_d,43,3.14.3,True,,,43,eligible,
29316406,arc135_d,data/external/ConDefects/Code/arc135_d/Python/29316406/faultyVersion.py,data/external/ConDefects/Code/arc135_d/Python/29316406/correctVersion.py,data/external/ConDefects/Test/arc135_d,81,3.14.3,True,,,81,eligible,
29324173,arc135_d,data/external/ConDefects/Code/arc135_d/Python/29324173/faultyVersion.py,data/external/ConDefects/Code/arc135_d/Python/29324173/correctVersion.py,data/external/ConDefects/Test/arc135_d,58,3.14.3,True,,,58,eligible,
41408142,arc135_d,data/external/ConDefects/Code/arc135_d/Python/41408142/faultyVersion.py,data/external/ConDefects/Code/arc135_d/Python/41408142/correctVersion.py,data/external/ConDefects/Test/arc135_d,116,3.14.3,True,,,116,ineligible,multiple independent faults
43450838,arc136_a,data/external/ConDefects/Code/arc136_a/Python/43450838/faultyVersion.py,data/external/ConDefects/Code/arc136_a/Python/43450838/correctVersion.py,data/external/ConDefects/Test/arc136_a,5,3.14.3,True,,,5,ineligible,loc < 25 (minimum length floor is 25)
43956932,arc136_a,data/external/ConDefects/Code/arc136_a/Python/43956932/faultyVersion.py,data/external/ConDefects/Code/arc136_a/Python/43956932/correctVersion.py,data/external/ConDefects/Test/arc136_a,2,3.14.3,True,,,2,ineligible,loc < 25 (minimum length floor is 25)
44851620,arc136_a,data/external/ConDefects/Code/arc136_a/Python/44851620/faultyVersion.py,data/external/ConDefects/Code/arc136_a/Python/44851620/correctVersion.py,data/external/ConDefects/Test/arc136_a,20,3.14.3,True,,,20,ineligible,loc < 25 (minimum length floor is 25)
45786138,arc136_a,data/external/ConDefects/Code/arc136_a/Python/45786138/faultyVersion.py,data/external/ConDefects/Code/arc136_a/Python/45786138/correctVersion.py,data/external/ConDefects/Test/arc136_a,8,3.14.3,True,,,8,ineligible,loc < 25 (minimum length floor is 25)
35227817,arc136_b,data/external/ConDefects/Code/arc136_b/Python/35227817/faultyVersion.py,data/external/ConDefects/Code/arc136_b/Python/35227817/correctVersion.py,data/external/ConDefects/Test/arc136_b,23,3.14.3,True,,,23,ineligible,loc < 25 (minimum length floor is 25)
36890038,arc136_b,data/external/ConDefects/Code/arc136_b/Python/36890038/faultyVersion.py,data/external/ConDefects/Code/arc136_b/Python/36890038/correctVersion.py,data/external/ConDefects/Test/arc136_b,38,3.14.3,True,,,38,eligible,
37078962,arc136_b,data/external/ConDefects/Code/arc136_b/Python/37078962/faultyVersion.py,data/external/ConDefects/Code/arc136_b/Python/37078962/correctVersion.py,data/external/ConDefects/Test/arc136_b,57,3.14.3,True,,,57,eligible,
29773426,arc136_c,data/external/ConDefects/Code/arc136_c/Python/29773426/faultyVersion.py,data/external/ConDefects/Code/arc136_c/Python/29773426/correctVersion.py,data/external/ConDefects/Test/arc136_c,10,3.14.3,True,,,10,ineligible,loc < 25 (minimum length floor is 25)
29821665,arc136_c,data/external/ConDefects/Code/arc136_c/Python/29821665/faultyVersion.py,data/external/ConDefects/Code/arc136_c/Python/29821665/correctVersion.py,data/external/ConDefects/Test/arc136_c,5,3.14.3,True,,,5,ineligible,loc < 25 (minimum length floor is 25)
31067656,arc136_d,data/external/ConDefects/Code/arc136_d/Python/31067656/faultyVersion.py,data/external/ConDefects/Code/arc136_d/Python/31067656/correctVersion.py,data/external/ConDefects/Test/arc136_d,25,3.14.3,True,,,25,eligible,
33407252,arc136_d,data/external/ConDefects/Code/arc136_d/Python/33407252/faultyVersion.py,data/external/ConDefects/Code/arc136_d/Python/33407252/correctVersion.py,data/external/ConDefects/Test/arc136_d,17,3.14.3,True,,,17,ineligible,loc < 25 (minimum length floor is 25)
42996075,arc136_d,data/external/ConDefects/Code/arc136_d/Python/42996075/faultyVersion.py,data/external/ConDefects/Code/arc136_d/Python/42996075/correctVersion.py,data/external/ConDefects/Test/arc136_d,65,3.14.3,True,,,65,ineligible,multiple independent faults
44383228,arc137_a,data/external/ConDefects/Code/arc137_a/Python/44383228/faultyVersion.py,data/external/ConDefects/Code/arc137_a/Python/44383228/correctVersion.py,data/external/ConDefects/Test/arc137_a,6,3.14.3,True,,,6,ineligible,loc < 25 (minimum length floor is 25)
45348542,arc137_a,data/external/ConDefects/Code/arc137_a/Python/45348542/faultyVersion.py,data/external/ConDefects/Code/arc137_a/Python/45348542/correctVersion.py,data/external/ConDefects/Test/arc137_a,14,3.14.3,True,,,14,ineligible,loc < 25 (minimum length floor is 25)
44650081,arc137_b,data/external/ConDefects/Code/arc137_b/Python/44650081/faultyVersion.py,data/external/ConDefects/Code/arc137_b/Python/44650081/correctVersion.py,data/external/ConDefects/Test/arc137_b,26,3.14.3,True,,,26,eligible,
30259633,arc137_c,data/external/ConDefects/Code/arc137_c/Python/30259633/faultyVersion.py,data/external/ConDefects/Code/arc137_c/Python/30259633/correctVersion.py,data/external/ConDefects/Test/arc137_c,9,3.14.3,True,,,9,ineligible,loc < 25 (minimum length floor is 25)
30317706,arc137_c,data/external/ConDefects/Code/arc137_c/Python/30317706/faultyVersion.py,data/external/ConDefects/Code/arc137_c/Python/30317706/correctVersion.py,data/external/ConDefects/Test/arc137_c,10,3.14.3,True,,,10,ineligible,loc < 25 (minimum length floor is 25)
30509885,arc137_c,data/external/ConDefects/Code/arc137_c/Python/30509885/faultyVersion.py,data/external/ConDefects/Code/arc137_c/Python/30509885/correctVersion.py,data/external/ConDefects/Test/arc137_c,9,3.14.3,True,,,9,ineligible,loc < 25 (minimum length floor is 25)
30750383,arc137_c,data/external/ConDefects/Code/arc137_c/Python/30750383/faultyVersion.py,data/external/ConDefects/Code/arc137_c/Python/30750383/correctVersion.py,data/external/ConDefects/Test/arc137_c,4,3.14.3,True,,,4,ineligible,loc < 25 (minimum length floor is 25)
32337261,arc137_c,data/external/ConDefects/Code/arc137_c/Python/32337261/faultyVersion.py,data/external/ConDefects/Code/arc137_c/Python/32337261/correctVersion.py,data/external/ConDefects/Test/arc137_c,25,3.14.3,True,,,25,eligible,
33142482,arc137_c,data/external/ConDefects/Code/arc137_c/Python/33142482/faultyVersion.py,data/external/ConDefects/Code/arc137_c/Python/33142482/correctVersion.py,data/external/ConDefects/Test/arc137_c,8,3.14.3,True,,,8,ineligible,loc < 25 (minimum length floor is 25)
33252696,arc137_c,data/external/ConDefects/Code/arc137_c/Python/33252696/faultyVersion.py,data/external/ConDefects/Code/arc137_c/Python/33252696/correctVersion.py,data/external/ConDefects/Test/arc137_c,18,3.14.3,True,,,18,ineligible,loc < 25 (minimum length floor is 25)
44903394,arc137_c,data/external/ConDefects/Code/arc137_c/Python/44903394/faultyVersion.py,data/external/ConDefects/Code/arc137_c/Python/44903394/correctVersion.py,data/external/ConDefects/Test/arc137_c,8,3.14.3,True,,,8,ineligible,loc < 25 (minimum length floor is 25)
30239419,arc137_d,data/external/ConDefects/Code/arc137_d/Python/30239419/faultyVersion.py,data/external/ConDefects/Code/arc137_d/Python/30239419/correctVersion.py,data/external/ConDefects/Test/arc137_d,38,3.14.3,True,,,38,eligible,
36174552,arc137_d,data/external/ConDefects/Code/arc137_d/Python/36174552/faultyVersion.py,data/external/ConDefects/Code/arc137_d/Python/36174552/correctVersion.py,data/external/ConDefects/Test/arc137_d,83,3.14.3,True,,,83,eligible,
41328369,arc138_a,data/external/ConDefects/Code/arc138_a/Python/41328369/faultyVersion.py,data/external/ConDefects/Code/arc138_a/Python/41328369/correctVersion.py,data/external/ConDefects/Test/arc138_a,22,3.14.3,True,,,22,ineligible,loc < 25 (minimum length floor is 25)
43171788,arc138_a,data/external/ConDefects/Code/arc138_a/Python/43171788/faultyVersion.py,data/external/ConDefects/Code/arc138_a/Python/43171788/correctVersion.py,data/external/ConDefects/Test/arc138_a,25,3.14.3,True,,,25,eligible,
43653769,arc138_a,data/external/ConDefects/Code/arc138_a/Python/43653769/faultyVersion.py,data/external/ConDefects/Code/arc138_a/Python/43653769/correctVersion.py,data/external/ConDefects/Test/arc138_a,20,3.14.3,True,,,20,ineligible,loc < 25 (minimum length floor is 25)
45103354,arc138_a,data/external/ConDefects/Code/arc138_a/Python/45103354/faultyVersion.py,data/external/ConDefects/Code/arc138_a/Python/45103354/correctVersion.py,data/external/ConDefects/Test/arc138_a,18,3.14.3,True,,,18,ineligible,loc < 25 (minimum length floor is 25)
45121816,arc138_a,data/external/ConDefects/Code/arc138_a/Python/45121816/faultyVersion.py,data/external/ConDefects/Code/arc138_a/Python/45121816/correctVersion.py,data/external/ConDefects/Test/arc138_a,19,3.14.3,True,,,19,ineligible,loc < 25 (minimum length floor is 25)
45260317,arc138_a,data/external/ConDefects/Code/arc138_a/Python/45260317/faultyVersion.py,data/external/ConDefects/Code/arc138_a/Python/45260317/correctVersion.py,data/external/ConDefects/Test/arc138_a,39,3.14.3,True,,,39,eligible,
39687485,arc138_b,data/external/ConDefects/Code/arc138_b/Python/39687485/faultyVersion.py,data/external/ConDefects/Code/arc138_b/Python/39687485/correctVersion.py,data/external/ConDefects/Test/arc138_b,50,3.14.3,True,,,50,eligible,
39937104,arc138_b,data/external/ConDefects/Code/arc138_b/Python/39937104/faultyVersion.py,data/external/ConDefects/Code/arc138_b/Python/39937104/correctVersion.py,data/external/ConDefects/Test/arc138_b,15,3.14.3,True,,,15,ineligible,loc < 25 (minimum length floor is 25)
45602873,arc138_b,data/external/ConDefects/Code/arc138_b/Python/45602873/faultyVersion.py,data/external/ConDefects/Code/arc138_b/Python/45602873/correctVersion.py,data/external/ConDefects/Test/arc138_b,13,3.14.3,True,,,13,ineligible,loc < 25 (minimum length floor is 25)
30923012,arc138_c,data/external/ConDefects/Code/arc138_c/Python/30923012/faultyVersion.py,data/external/ConDefects/Code/arc138_c/Python/30923012/correctVersion.py,data/external/ConDefects/Test/arc138_c,41,3.14.3,True,,,41,eligible,
31278965,arc138_c,data/external/ConDefects/Code/arc138_c/Python/31278965/faultyVersion.py,data/external/ConDefects/Code/arc138_c/Python/31278965/correctVersion.py,data/external/ConDefects/Test/arc138_c,18,3.14.3,True,,,18,ineligible,loc < 25 (minimum length floor is 25)
31560360,arc138_c,data/external/ConDefects/Code/arc138_c/Python/31560360/faultyVersion.py,data/external/ConDefects/Code/arc138_c/Python/31560360/correctVersion.py,data/external/ConDefects/Test/arc138_c,23,3.14.3,True,,,23,ineligible,loc < 25 (minimum length floor is 25)
31643804,arc138_c,data/external/ConDefects/Code/arc138_c/Python/31643804/faultyVersion.py,data/external/ConDefects/Code/arc138_c/Python/31643804/correctVersion.py,data/external/ConDefects/Test/arc138_c,38,3.14.3,True,,,38,eligible,
30827068,arc138_d,data/external/ConDefects/Code/arc138_d/Python/30827068/faultyVersion.py,data/external/ConDefects/Code/arc138_d/Python/30827068/correctVersion.py,data/external/ConDefects/Test/arc138_d,137,3.14.3,True,,,137,eligible,
30830027,arc138_d,data/external/ConDefects/Code/arc138_d/Python/30830027/faultyVersion.py,data/external/ConDefects/Code/arc138_d/Python/30830027/correctVersion.py,data/external/ConDefects/Test/arc138_d,38,3.14.3,True,,,38,eligible,
30833301,arc138_d,data/external/ConDefects/Code/arc138_d/Python/30833301/faultyVersion.py,data/external/ConDefects/Code/arc138_d/Python/30833301/correctVersion.py,data/external/ConDefects/Test/arc138_d,51,3.14.3,True,,,51,eligible,
30842365,arc138_d,data/external/ConDefects/Code/arc138_d/Python/30842365/faultyVersion.py,data/external/ConDefects/Code/arc138_d/Python/30842365/correctVersion.py,data/external/ConDefects/Test/arc138_d,71,3.14.3,True,,,71,ineligible,multiple independent faults
30896644,arc138_d,data/external/ConDefects/Code/arc138_d/Python/30896644/faultyVersion.py,data/external/ConDefects/Code/arc138_d/Python/30896644/correctVersion.py,data/external/ConDefects/Test/arc138_d,87,3.14.3,True,,,87,eligible,
31052535,arc138_d,data/external/ConDefects/Code/arc138_d/Python/31052535/faultyVersion.py,data/external/ConDefects/Code/arc138_d/Python/31052535/correctVersion.py,data/external/ConDefects/Test/arc138_d,18,3.14.3,True,,,18,ineligible,loc < 25 (minimum length floor is 25)
31059522,arc138_d,data/external/ConDefects/Code/arc138_d/Python/31059522/faultyVersion.py,data/external/ConDefects/Code/arc138_d/Python/31059522/correctVersion.py,data/external/ConDefects/Test/arc138_d,27,3.14.3,True,,,27,eligible,
31152215,arc138_d,data/external/ConDefects/Code/arc138_d/Python/31152215/faultyVersion.py,data/external/ConDefects/Code/arc138_d/Python/31152215/correctVersion.py,data/external/ConDefects/Test/arc138_d,31,3.14.3,True,,,31,ineligible,multi-line fault — excluded by v2 single-line filter
33049315,arc138_d,data/external/ConDefects/Code/arc138_d/Python/33049315/faultyVersion.py,data/external/ConDefects/Code/arc138_d/Python/33049315/correctVersion.py,data/external/ConDefects/Test/arc138_d,30,3.14.3,True,,,30,ineligible,multi-line fault — excluded by v2 single-line filter
34316813,arc138_d,data/external/ConDefects/Code/arc138_d/Python/34316813/faultyVersion.py,data/external/ConDefects/Code/arc138_d/Python/34316813/correctVersion.py,data/external/ConDefects/Test/arc138_d,49,3.14.3,True,,,49,eligible,
38710598,arc138_d,data/external/ConDefects/Code/arc138_d/Python/38710598/faultyVersion.py,data/external/ConDefects/Code/arc138_d/Python/38710598/correctVersion.py,data/external/ConDefects/Test/arc138_d,47,3.14.3,True,,,47,ineligible,multiple independent faults
41107434,arc139_a,data/external/ConDefects/Code/arc139_a/Python/41107434/faultyVersion.py,data/external/ConDefects/Code/arc139_a/Python/41107434/correctVersion.py,data/external/ConDefects/Test/arc139_a,17,3.14.3,True,,,17,ineligible,loc < 25 (minimum length floor is 25)
43325170,arc139_a,data/external/ConDefects/Code/arc139_a/Python/43325170/faultyVersion.py,data/external/ConDefects/Code/arc139_a/Python/43325170/correctVersion.py,data/external/ConDefects/Test/arc139_a,14,3.14.3,True,,,14,ineligible,loc < 25 (minimum length floor is 25)
45429015,arc139_a,data/external/ConDefects/Code/arc139_a/Python/45429015/faultyVersion.py,data/external/ConDefects/Code/arc139_a/Python/45429015/correctVersion.py,data/external/ConDefects/Test/arc139_a,8,3.14.3,True,,,8,ineligible,loc < 25 (minimum length floor is 25)
35647235,arc139_b,data/external/ConDefects/Code/arc139_b/Python/35647235/faultyVersion.py,data/external/ConDefects/Code/arc139_b/Python/35647235/correctVersion.py,data/external/ConDefects/Test/arc139_b,19,3.14.3,True,,,19,ineligible,loc < 25 (minimum length floor is 25)
38643909,arc139_b,data/external/ConDefects/Code/arc139_b/Python/38643909/faultyVersion.py,data/external/ConDefects/Code/arc139_b/Python/38643909/correctVersion.py,data/external/ConDefects/Test/arc139_b,55,3.14.3,True,,,55,eligible,
39342455,arc139_b,data/external/ConDefects/Code/arc139_b/Python/39342455/faultyVersion.py,data/external/ConDefects/Code/arc139_b/Python/39342455/correctVersion.py,data/external/ConDefects/Test/arc139_b,41,3.14.3,True,,,41,eligible,
44587414,arc139_b,data/external/ConDefects/Code/arc139_b/Python/44587414/faultyVersion.py,data/external/ConDefects/Code/arc139_b/Python/44587414/correctVersion.py,data/external/ConDefects/Test/arc139_b,28,3.14.3,True,,,28,eligible,
31246555,arc139_c,data/external/ConDefects/Code/arc139_c/Python/31246555/faultyVersion.py,data/external/ConDefects/Code/arc139_c/Python/31246555/correctVersion.py,data/external/ConDefects/Test/arc139_c,54,3.14.3,True,,,54,eligible,
31247940,arc139_c,data/external/ConDefects/Code/arc139_c/Python/31247940/faultyVersion.py,data/external/ConDefects/Code/arc139_c/Python/31247940/correctVersion.py,data/external/ConDefects/Test/arc139_c,48,3.14.3,True,,,48,eligible,
31248584,arc139_c,data/external/ConDefects/Code/arc139_c/Python/31248584/faultyVersion.py,data/external/ConDefects/Code/arc139_c/Python/31248584/correctVersion.py,data/external/ConDefects/Test/arc139_c,33,3.14.3,True,,,33,eligible,
31249723,arc139_c,data/external/ConDefects/Code/arc139_c/Python/31249723/faultyVersion.py,data/external/ConDefects/Code/arc139_c/Python/31249723/correctVersion.py,data/external/ConDefects/Test/arc139_c,19,3.14.3,True,,,19,ineligible,loc < 25 (minimum length floor is 25)
31269738,arc139_c,data/external/ConDefects/Code/arc139_c/Python/31269738/faultyVersion.py,data/external/ConDefects/Code/arc139_c/Python/31269738/correctVersion.py,data/external/ConDefects/Test/arc139_c,1877,3.14.3,True,,,1877,ineligible,loc > 300 (maximum length ceiling is 300)
31456138,arc139_c,data/external/ConDefects/Code/arc139_c/Python/31456138/faultyVersion.py,data/external/ConDefects/Code/arc139_c/Python/31456138/correctVersion.py,data/external/ConDefects/Test/arc139_c,43,3.14.3,True,,,43,eligible,
31251082,arc139_d,data/external/ConDefects/Code/arc139_d/Python/31251082/faultyVersion.py,data/external/ConDefects/Code/arc139_d/Python/31251082/correctVersion.py,data/external/ConDefects/Test/arc139_d,43,3.14.3,True,,,43,eligible,
43702088,arc140_a,data/external/ConDefects/Code/arc140_a/Python/43702088/faultyVersion.py,data/external/ConDefects/Code/arc140_a/Python/43702088/correctVersion.py,data/external/ConDefects/Test/arc140_a,20,3.14.3,True,,,20,ineligible,loc < 25 (minimum length floor is 25)
45466035,arc140_a,data/external/ConDefects/Code/arc140_a/Python/45466035/faultyVersion.py,data/external/ConDefects/Code/arc140_a/Python/45466035/correctVersion.py,data/external/ConDefects/Test/arc140_a,29,3.14.3,True,,,29,ineligible,multi-line fault — excluded by v2 single-line filter
40407040,arc140_b,data/external/ConDefects/Code/arc140_b/Python/40407040/faultyVersion.py,data/external/ConDefects/Code/arc140_b/Python/40407040/correctVersion.py,data/external/ConDefects/Test/arc140_b,70,3.14.3,True,,,70,eligible,
43246102,arc140_b,data/external/ConDefects/Code/arc140_b/Python/43246102/faultyVersion.py,data/external/ConDefects/Code/arc140_b/Python/43246102/correctVersion.py,data/external/ConDefects/Test/arc140_b,39,3.14.3,True,,,39,eligible,
44778158,arc140_b,data/external/ConDefects/Code/arc140_b/Python/44778158/faultyVersion.py,data/external/ConDefects/Code/arc140_b/Python/44778158/correctVersion.py,data/external/ConDefects/Test/arc140_b,163,3.14.3,True,,,163,ineligible,multiple independent faults
45256391,arc140_b,data/external/ConDefects/Code/arc140_b/Python/45256391/faultyVersion.py,data/external/ConDefects/Code/arc140_b/Python/45256391/correctVersion.py,data/external/ConDefects/Test/arc140_b,293,3.14.3,True,,,293,eligible,
45660608,arc140_b,data/external/ConDefects/Code/arc140_b/Python/45660608/faultyVersion.py,data/external/ConDefects/Code/arc140_b/Python/45660608/correctVersion.py,data/external/ConDefects/Test/arc140_b,29,3.14.3,True,,,29,eligible,
37080781,arc140_c,data/external/ConDefects/Code/arc140_c/Python/37080781/faultyVersion.py,data/external/ConDefects/Code/arc140_c/Python/37080781/correctVersion.py,data/external/ConDefects/Test/arc140_c,102,3.14.3,True,,,102,eligible,
38250831,arc140_c,data/external/ConDefects/Code/arc140_c/Python/38250831/faultyVersion.py,data/external/ConDefects/Code/arc140_c/Python/38250831/correctVersion.py,data/external/ConDefects/Test/arc140_c,18,3.14.3,True,,,18,ineligible,loc < 25 (minimum length floor is 25)
39550972,arc140_c,data/external/ConDefects/Code/arc140_c/Python/39550972/faultyVersion.py,data/external/ConDefects/Code/arc140_c/Python/39550972/correctVersion.py,data/external/ConDefects/Test/arc140_c,80,3.14.3,True,,,80,eligible,
31726462,arc140_d,data/external/ConDefects/Code/arc140_d/Python/31726462/faultyVersion.py,data/external/ConDefects/Code/arc140_d/Python/31726462/correctVersion.py,data/external/ConDefects/Test/arc140_d,83,3.14.3,True,,,83,eligible,
31727307,arc140_d,data/external/ConDefects/Code/arc140_d/Python/31727307/faultyVersion.py,data/external/ConDefects/Code/arc140_d/Python/31727307/correctVersion.py,data/external/ConDefects/Test/arc140_d,143,3.14.3,True,,,143,eligible,
31731857,arc140_d,data/external/ConDefects/Code/arc140_d/Python/31731857/faultyVersion.py,data/external/ConDefects/Code/arc140_d/Python/31731857/correctVersion.py,data/external/ConDefects/Test/arc140_d,109,3.14.3,True,,,109,eligible,
31743854,arc140_d,data/external/ConDefects/Code/arc140_d/Python/31743854/faultyVersion.py,data/external/ConDefects/Code/arc140_d/Python/31743854/correctVersion.py,data/external/ConDefects/Test/arc140_d,110,3.14.3,True,,,110,ineligible,multi-line fault — excluded by v2 single-line filter
31727392,arc140_e,data/external/ConDefects/Code/arc140_e/Python/31727392/faultyVersion.py,data/external/ConDefects/Code/arc140_e/Python/31727392/correctVersion.py,data/external/ConDefects/Test/arc140_e,11,3.14.3,True,,,11,ineligible,loc < 25 (minimum length floor is 25)
31730234,arc140_e,data/external/ConDefects/Code/arc140_e/Python/31730234/faultyVersion.py,data/external/ConDefects/Code/arc140_e/Python/31730234/correctVersion.py,data/external/ConDefects/Test/arc140_e,12,3.14.3,True,,,12,ineligible,loc < 25 (minimum length floor is 25)
31744615,arc140_e,data/external/ConDefects/Code/arc140_e/Python/31744615/faultyVersion.py,data/external/ConDefects/Code/arc140_e/Python/31744615/correctVersion.py,data/external/ConDefects/Test/arc140_e,60,3.14.3,True,,,60,eligible,
32291548,arc140_e,data/external/ConDefects/Code/arc140_e/Python/32291548/faultyVersion.py,data/external/ConDefects/Code/arc140_e/Python/32291548/correctVersion.py,data/external/ConDefects/Test/arc140_e,19,3.14.3,True,,,19,ineligible,loc < 25 (minimum length floor is 25)
41469868,arc141_a,data/external/ConDefects/Code/arc141_a/Python/41469868/faultyVersion.py,data/external/ConDefects/Code/arc141_a/Python/41469868/correctVersion.py,data/external/ConDefects/Test/arc141_a,25,3.14.3,True,,,25,eligible,
42776036,arc141_a,data/external/ConDefects/Code/arc141_a/Python/42776036/faultyVersion.py,data/external/ConDefects/Code/arc141_a/Python/42776036/correctVersion.py,data/external/ConDefects/Test/arc141_a,38,3.14.3,True,,,38,ineligible,multiple independent faults
43307420,arc141_a,data/external/ConDefects/Code/arc141_a/Python/43307420/faultyVersion.py,data/external/ConDefects/Code/arc141_a/Python/43307420/correctVersion.py,data/external/ConDefects/Test/arc141_a,26,3.14.3,True,,,26,eligible,
43463915,arc141_a,data/external/ConDefects/Code/arc141_a/Python/43463915/faultyVersion.py,data/external/ConDefects/Code/arc141_a/Python/43463915/correctVersion.py,data/external/ConDefects/Test/arc141_a,48,3.14.3,True,,,48,eligible,
44207258,arc141_a,data/external/ConDefects/Code/arc141_a/Python/44207258/faultyVersion.py,data/external/ConDefects/Code/arc141_a/Python/44207258/correctVersion.py,data/external/ConDefects/Test/arc141_a,16,3.14.3,True,,,16,ineligible,loc < 25 (minimum length floor is 25)
44321950,arc141_a,data/external/ConDefects/Code/arc141_a/Python/44321950/faultyVersion.py,data/external/ConDefects/Code/arc141_a/Python/44321950/correctVersion.py,data/external/ConDefects/Test/arc141_a,11,3.14.3,True,,,11,ineligible,loc < 25 (minimum length floor is 25)
44827544,arc141_a,data/external/ConDefects/Code/arc141_a/Python/44827544/faultyVersion.py,data/external/ConDefects/Code/arc141_a/Python/44827544/correctVersion.py,data/external/ConDefects/Test/arc141_a,16,3.14.3,True,,,16,ineligible,loc < 25 (minimum length floor is 25)
36162097,arc141_b,data/external/ConDefects/Code/arc141_b/Python/36162097/faultyVersion.py,data/external/ConDefects/Code/arc141_b/Python/36162097/correctVersion.py,data/external/ConDefects/Test/arc141_b,45,3.14.3,True,,,45,eligible,
38039113,arc141_b,data/external/ConDefects/Code/arc141_b/Python/38039113/faultyVersion.py,data/external/ConDefects/Code/arc141_b/Python/38039113/correctVersion.py,data/external/ConDefects/Test/arc141_b,29,3.14.3,True,,,29,eligible,
39358112,arc141_b,data/external/ConDefects/Code/arc141_b/Python/39358112/faultyVersion.py,data/external/ConDefects/Code/arc141_b/Python/39358112/correctVersion.py,data/external/ConDefects/Test/arc141_b,24,3.14.3,True,,,24,ineligible,loc < 25 (minimum length floor is 25)
40574832,arc141_b,data/external/ConDefects/Code/arc141_b/Python/40574832/faultyVersion.py,data/external/ConDefects/Code/arc141_b/Python/40574832/correctVersion.py,data/external/ConDefects/Test/arc141_b,17,3.14.3,True,,,17,ineligible,loc < 25 (minimum length floor is 25)
44178563,arc141_b,data/external/ConDefects/Code/arc141_b/Python/44178563/faultyVersion.py,data/external/ConDefects/Code/arc141_b/Python/44178563/correctVersion.py,data/external/ConDefects/Test/arc141_b,29,3.14.3,True,,,29,eligible,
33055837,arc141_c,data/external/ConDefects/Code/arc141_c/Python/33055837/faultyVersion.py,data/external/ConDefects/Code/arc141_c/Python/33055837/correctVersion.py,data/external/ConDefects/Test/arc141_c,12,3.14.3,True,,,12,ineligible,loc < 25 (minimum length floor is 25)
34662508,arc141_c,data/external/ConDefects/Code/arc141_c/Python/34662508/faultyVersion.py,data/external/ConDefects/Code/arc141_c/Python/34662508/correctVersion.py,data/external/ConDefects/Test/arc141_c,83,3.14.3,True,,,83,eligible,
40547162,arc141_c,data/external/ConDefects/Code/arc141_c/Python/40547162/faultyVersion.py,data/external/ConDefects/Code/arc141_c/Python/40547162/correctVersion.py,data/external/ConDefects/Test/arc141_c,140,3.14.3,True,,,140,eligible,
32093401,arc141_e,data/external/ConDefects/Code/arc141_e/Python/32093401/faultyVersion.py,data/external/ConDefects/Code/arc141_e/Python/32093401/correctVersion.py,data/external/ConDefects/Test/arc141_e,72,3.14.3,True,,,72,eligible,
43246085,arc142_a,data/external/ConDefects/Code/arc142_a/Python/43246085/faultyVersion.py,data/external/ConDefects/Code/arc142_a/Python/43246085/correctVersion.py,data/external/ConDefects/Test/arc142_a,17,3.14.3,True,,,17,ineligible,loc < 25 (minimum length floor is 25)
44613596,arc142_a,data/external/ConDefects/Code/arc142_a/Python/44613596/faultyVersion.py,data/external/ConDefects/Code/arc142_a/Python/44613596/correctVersion.py,data/external/ConDefects/Test/arc142_a,22,3.14.3,True,,,22,ineligible,loc < 25 (minimum length floor is 25)
44825978,arc142_a,data/external/ConDefects/Code/arc142_a/Python/44825978/faultyVersion.py,data/external/ConDefects/Code/arc142_a/Python/44825978/correctVersion.py,data/external/ConDefects/Test/arc142_a,33,3.14.3,True,,,33,eligible,
44935143,arc142_a,data/external/ConDefects/Code/arc142_a/Python/44935143/faultyVersion.py,data/external/ConDefects/Code/arc142_a/Python/44935143/correctVersion.py,data/external/ConDefects/Test/arc142_a,12,3.14.3,True,,,12,ineligible,loc < 25 (minimum length floor is 25)
36923533,arc142_b,data/external/ConDefects/Code/arc142_b/Python/36923533/faultyVersion.py,data/external/ConDefects/Code/arc142_b/Python/36923533/correctVersion.py,data/external/ConDefects/Test/arc142_b,14,3.14.3,True,,,14,ineligible,loc < 25 (minimum length floor is 25)
43208367,arc142_b,data/external/ConDefects/Code/arc142_b/Python/43208367/faultyVersion.py,data/external/ConDefects/Code/arc142_b/Python/43208367/correctVersion.py,data/external/ConDefects/Test/arc142_b,11,3.14.3,True,,,11,ineligible,loc < 25 (minimum length floor is 25)
43257604,arc142_b,data/external/ConDefects/Code/arc142_b/Python/43257604/faultyVersion.py,data/external/ConDefects/Code/arc142_b/Python/43257604/correctVersion.py,data/external/ConDefects/Test/arc142_b,18,3.14.3,True,,,18,ineligible,loc < 25 (minimum length floor is 25)
43401988,arc142_b,data/external/ConDefects/Code/arc142_b/Python/43401988/faultyVersion.py,data/external/ConDefects/Code/arc142_b/Python/43401988/correctVersion.py,data/external/ConDefects/Test/arc142_b,8,3.14.3,True,,,8,ineligible,loc < 25 (minimum length floor is 25)
43475268,arc142_b,data/external/ConDefects/Code/arc142_b/Python/43475268/faultyVersion.py,data/external/ConDefects/Code/arc142_b/Python/43475268/correctVersion.py,data/external/ConDefects/Test/arc142_b,7,3.14.3,True,,,7,ineligible,loc < 25 (minimum length floor is 25)
44212876,arc142_b,data/external/ConDefects/Code/arc142_b/Python/44212876/faultyVersion.py,data/external/ConDefects/Code/arc142_b/Python/44212876/correctVersion.py,data/external/ConDefects/Test/arc142_b,12,3.14.3,True,,,12,ineligible,loc < 25 (minimum length floor is 25)
40122562,arc142_c,data/external/ConDefects/Code/arc142_c/Python/40122562/faultyVersion.py,data/external/ConDefects/Code/arc142_c/Python/40122562/correctVersion.py,data/external/ConDefects/Test/arc142_c,28,3.14.3,True,,,28,ineligible,multi-line fault — excluded by v2 single-line filter
40185010,arc142_c,data/external/ConDefects/Code/arc142_c/Python/40185010/faultyVersion.py,data/external/ConDefects/Code/arc142_c/Python/40185010/correctVersion.py,data/external/ConDefects/Test/arc142_c,39,3.14.3,True,,,39,eligible,
43030313,arc142_c,data/external/ConDefects/Code/arc142_c/Python/43030313/faultyVersion.py,data/external/ConDefects/Code/arc142_c/Python/43030313/correctVersion.py,data/external/ConDefects/Test/arc142_c,36,3.14.3,True,,,36,eligible,
43034425,arc142_c,data/external/ConDefects/Code/arc142_c/Python/43034425/faultyVersion.py,data/external/ConDefects/Code/arc142_c/Python/43034425/correctVersion.py,data/external/ConDefects/Test/arc142_c,35,3.14.3,True,,,35,eligible,
44895895,arc142_c,data/external/ConDefects/Code/arc142_c/Python/44895895/faultyVersion.py,data/external/ConDefects/Code/arc142_c/Python/44895895/correctVersion.py,data/external/ConDefects/Test/arc142_c,27,3.14.3,True,,,27,ineligible,multiple independent faults
43296021,arc143_a,data/external/ConDefects/Code/arc143_a/Python/43296021/faultyVersion.py,data/external/ConDefects/Code/arc143_a/Python/43296021/correctVersion.py,data/external/ConDefects/Test/arc143_a,15,3.14.3,True,,,15,ineligible,loc < 25 (minimum length floor is 25)
43789022,arc143_a,data/external/ConDefects/Code/arc143_a/Python/43789022/faultyVersion.py,data/external/ConDefects/Code/arc143_a/Python/43789022/correctVersion.py,data/external/ConDefects/Test/arc143_a,8,3.14.3,True,,,8,ineligible,loc < 25 (minimum length floor is 25)
43960988,arc143_a,data/external/ConDefects/Code/arc143_a/Python/43960988/faultyVersion.py,data/external/ConDefects/Code/arc143_a/Python/43960988/correctVersion.py,data/external/ConDefects/Test/arc143_a,4,3.14.3,True,,,4,ineligible,loc < 25 (minimum length floor is 25)
44409934,arc143_a,data/external/ConDefects/Code/arc143_a/Python/44409934/faultyVersion.py,data/external/ConDefects/Code/arc143_a/Python/44409934/correctVersion.py,data/external/ConDefects/Test/arc143_a,18,3.14.3,True,,,18,ineligible,loc < 25 (minimum length floor is 25)
44847102,arc143_a,data/external/ConDefects/Code/arc143_a/Python/44847102/faultyVersion.py,data/external/ConDefects/Code/arc143_a/Python/44847102/correctVersion.py,data/external/ConDefects/Test/arc143_a,7,3.14.3,True,,,7,ineligible,loc < 25 (minimum length floor is 25)
45042880,arc143_a,data/external/ConDefects/Code/arc143_a/Python/45042880/faultyVersion.py,data/external/ConDefects/Code/arc143_a/Python/45042880/correctVersion.py,data/external/ConDefects/Test/arc143_a,6,3.14.3,True,,,6,ineligible,loc < 25 (minimum length floor is 25)
45053784,arc143_a,data/external/ConDefects/Code/arc143_a/Python/45053784/faultyVersion.py,data/external/ConDefects/Code/arc143_a/Python/45053784/correctVersion.py,data/external/ConDefects/Test/arc143_a,2,3.14.3,True,,,2,ineligible,loc < 25 (minimum length floor is 25)
45280588,arc143_a,data/external/ConDefects/Code/arc143_a/Python/45280588/faultyVersion.py,data/external/ConDefects/Code/arc143_a/Python/45280588/correctVersion.py,data/external/ConDefects/Test/arc143_a,7,3.14.3,True,,,7,ineligible,loc < 25 (minimum length floor is 25)
33642213,arc143_c,data/external/ConDefects/Code/arc143_c/Python/33642213/faultyVersion.py,data/external/ConDefects/Code/arc143_c/Python/33642213/correctVersion.py,data/external/ConDefects/Test/arc143_c,5,3.14.3,True,,,5,ineligible,loc < 25 (minimum length floor is 25)
37392747,arc143_c,data/external/ConDefects/Code/arc143_c/Python/37392747/faultyVersion.py,data/external/ConDefects/Code/arc143_c/Python/37392747/correctVersion.py,data/external/ConDefects/Test/arc143_c,21,3.14.3,True,,,21,ineligible,loc < 25 (minimum length floor is 25)
32778317,arc143_d,data/external/ConDefects/Code/arc143_d/Python/32778317/faultyVersion.py,data/external/ConDefects/Code/arc143_d/Python/32778317/correctVersion.py,data/external/ConDefects/Test/arc143_d,112,3.14.3,True,,,112,eligible,
32779304,arc143_d,data/external/ConDefects/Code/arc143_d/Python/32779304/faultyVersion.py,data/external/ConDefects/Code/arc143_d/Python/32779304/correctVersion.py,data/external/ConDefects/Test/arc143_d,1571,3.14.3,True,,,1571,ineligible,loc > 300 (maximum length ceiling is 300)
32782351,arc143_d,data/external/ConDefects/Code/arc143_d/Python/32782351/faultyVersion.py,data/external/ConDefects/Code/arc143_d/Python/32782351/correctVersion.py,data/external/ConDefects/Test/arc143_d,54,3.14.3,True,,,54,eligible,
32782502,arc143_d,data/external/ConDefects/Code/arc143_d/Python/32782502/faultyVersion.py,data/external/ConDefects/Code/arc143_d/Python/32782502/correctVersion.py,data/external/ConDefects/Test/arc143_d,76,3.14.3,True,,,76,ineligible,multiple independent faults
32833945,arc143_d,data/external/ConDefects/Code/arc143_d/Python/32833945/faultyVersion.py,data/external/ConDefects/Code/arc143_d/Python/32833945/correctVersion.py,data/external/ConDefects/Test/arc143_d,41,3.14.3,True,,,41,eligible,
34822438,arc143_d,data/external/ConDefects/Code/arc143_d/Python/34822438/faultyVersion.py,data/external/ConDefects/Code/arc143_d/Python/34822438/correctVersion.py,data/external/ConDefects/Test/arc143_d,34,3.14.3,True,,,34,eligible,
39069759,arc144_a,data/external/ConDefects/Code/arc144_a/Python/39069759/faultyVersion.py,data/external/ConDefects/Code/arc144_a/Python/39069759/correctVersion.py,data/external/ConDefects/Test/arc144_a,20,3.14.3,True,,,20,ineligible,loc < 25 (minimum length floor is 25)
39176273,arc144_a,data/external/ConDefects/Code/arc144_a/Python/39176273/faultyVersion.py,data/external/ConDefects/Code/arc144_a/Python/39176273/correctVersion.py,data/external/ConDefects/Test/arc144_a,28,3.14.3,True,,,28,eligible,
41487232,arc144_a,data/external/ConDefects/Code/arc144_a/Python/41487232/faultyVersion.py,data/external/ConDefects/Code/arc144_a/Python/41487232/correctVersion.py,data/external/ConDefects/Test/arc144_a,3,3.14.3,True,,,3,ineligible,loc < 25 (minimum length floor is 25)
42090105,arc144_a,data/external/ConDefects/Code/arc144_a/Python/42090105/faultyVersion.py,data/external/ConDefects/Code/arc144_a/Python/42090105/correctVersion.py,data/external/ConDefects/Test/arc144_a,22,3.14.3,True,,,22,ineligible,loc < 25 (minimum length floor is 25)
37994644,arc144_b,data/external/ConDefects/Code/arc144_b/Python/37994644/faultyVersion.py,data/external/ConDefects/Code/arc144_b/Python/37994644/correctVersion.py,data/external/ConDefects/Test/arc144_b,38,3.14.3,True,,,38,eligible,
41927392,arc144_b,data/external/ConDefects/Code/arc144_b/Python/41927392/faultyVersion.py,data/external/ConDefects/Code/arc144_b/Python/41927392/correctVersion.py,data/external/ConDefects/Test/arc144_b,35,3.14.3,True,,,35,eligible,
42258051,arc144_b,data/external/ConDefects/Code/arc144_b/Python/42258051/faultyVersion.py,data/external/ConDefects/Code/arc144_b/Python/42258051/correctVersion.py,data/external/ConDefects/Test/arc144_b,22,3.14.3,True,,,22,ineligible,loc < 25 (minimum length floor is 25)
42736417,arc145_a,data/external/ConDefects/Code/arc145_a/Python/42736417/faultyVersion.py,data/external/ConDefects/Code/arc145_a/Python/42736417/correctVersion.py,data/external/ConDefects/Test/arc145_a,12,3.14.3,True,,,12,ineligible,loc < 25 (minimum length floor is 25)
42763842,arc145_a,data/external/ConDefects/Code/arc145_a/Python/42763842/faultyVersion.py,data/external/ConDefects/Code/arc145_a/Python/42763842/correctVersion.py,data/external/ConDefects/Test/arc145_a,14,3.14.3,True,,,14,ineligible,loc < 25 (minimum length floor is 25)
43086658,arc145_a,data/external/ConDefects/Code/arc145_a/Python/43086658/faultyVersion.py,data/external/ConDefects/Code/arc145_a/Python/43086658/correctVersion.py,data/external/ConDefects/Test/arc145_a,30,3.14.3,True,,,30,ineligible,multi-line fault — excluded by v2 single-line filter
43402663,arc145_a,data/external/ConDefects/Code/arc145_a/Python/43402663/faultyVersion.py,data/external/ConDefects/Code/arc145_a/Python/43402663/correctVersion.py,data/external/ConDefects/Test/arc145_a,11,3.14.3,True,,,11,ineligible,loc < 25 (minimum length floor is 25)
45268312,arc145_a,data/external/ConDefects/Code/arc145_a/Python/45268312/faultyVersion.py,data/external/ConDefects/Code/arc145_a/Python/45268312/correctVersion.py,data/external/ConDefects/Test/arc145_a,17,3.14.3,True,,,17,ineligible,loc < 25 (minimum length floor is 25)
45291396,arc145_a,data/external/ConDefects/Code/arc145_a/Python/45291396/faultyVersion.py,data/external/ConDefects/Code/arc145_a/Python/45291396/correctVersion.py,data/external/ConDefects/Test/arc145_a,7,3.14.3,True,,,7,ineligible,loc < 25 (minimum length floor is 25)
45555747,arc145_a,data/external/ConDefects/Code/arc145_a/Python/45555747/faultyVersion.py,data/external/ConDefects/Code/arc145_a/Python/45555747/correctVersion.py,data/external/ConDefects/Test/arc145_a,9,3.14.3,True,,,9,ineligible,loc < 25 (minimum length floor is 25)
46163303,arc145_a,data/external/ConDefects/Code/arc145_a/Python/46163303/faultyVersion.py,data/external/ConDefects/Code/arc145_a/Python/46163303/correctVersion.py,data/external/ConDefects/Test/arc145_a,3,3.14.3,True,,,3,ineligible,loc < 25 (minimum length floor is 25)
41219575,arc145_b,data/external/ConDefects/Code/arc145_b/Python/41219575/faultyVersion.py,data/external/ConDefects/Code/arc145_b/Python/41219575/correctVersion.py,data/external/ConDefects/Test/arc145_b,10,3.14.3,True,,,10,ineligible,loc < 25 (minimum length floor is 25)
41639432,arc145_b,data/external/ConDefects/Code/arc145_b/Python/41639432/faultyVersion.py,data/external/ConDefects/Code/arc145_b/Python/41639432/correctVersion.py,data/external/ConDefects/Test/arc145_b,45,3.14.3,True,,,45,eligible,
41925394,arc145_b,data/external/ConDefects/Code/arc145_b/Python/41925394/faultyVersion.py,data/external/ConDefects/Code/arc145_b/Python/41925394/correctVersion.py,data/external/ConDefects/Test/arc145_b,8,3.14.3,True,,,8,ineligible,loc < 25 (minimum length floor is 25)
43068920,arc145_b,data/external/ConDefects/Code/arc145_b/Python/43068920/faultyVersion.py,data/external/ConDefects/Code/arc145_b/Python/43068920/correctVersion.py,data/external/ConDefects/Test/arc145_b,13,3.14.3,True,,,13,ineligible,loc < 25 (minimum length floor is 25)
44115404,arc145_b,data/external/ConDefects/Code/arc145_b/Python/44115404/faultyVersion.py,data/external/ConDefects/Code/arc145_b/Python/44115404/correctVersion.py,data/external/ConDefects/Test/arc145_b,8,3.14.3,True,,,8,ineligible,loc < 25 (minimum length floor is 25)
44404835,arc145_b,data/external/ConDefects/Code/arc145_b/Python/44404835/faultyVersion.py,data/external/ConDefects/Code/arc145_b/Python/44404835/correctVersion.py,data/external/ConDefects/Test/arc145_b,9,3.14.3,True,,,9,ineligible,loc < 25 (minimum length floor is 25)
44999492,arc145_b,data/external/ConDefects/Code/arc145_b/Python/44999492/faultyVersion.py,data/external/ConDefects/Code/arc145_b/Python/44999492/correctVersion.py,data/external/ConDefects/Test/arc145_b,9,3.14.3,True,,,9,ineligible,loc < 25 (minimum length floor is 25)
34717448,arc145_c,data/external/ConDefects/Code/arc145_c/Python/34717448/faultyVersion.py,data/external/ConDefects/Code/arc145_c/Python/34717448/correctVersion.py,data/external/ConDefects/Test/arc145_c,82,3.14.3,True,,,82,eligible,
40098177,arc145_c,data/external/ConDefects/Code/arc145_c/Python/40098177/faultyVersion.py,data/external/ConDefects/Code/arc145_c/Python/40098177/correctVersion.py,data/external/ConDefects/Test/arc145_c,7,3.14.3,True,,,7,ineligible,loc < 25 (minimum length floor is 25)
33635092,arc145_d,data/external/ConDefects/Code/arc145_d/Python/33635092/faultyVersion.py,data/external/ConDefects/Code/arc145_d/Python/33635092/correctVersion.py,data/external/ConDefects/Test/arc145_d,62,3.14.3,True,,,62,ineligible,multiple independent faults
33636883,arc145_d,data/external/ConDefects/Code/arc145_d/Python/33636883/faultyVersion.py,data/external/ConDefects/Code/arc145_d/Python/33636883/correctVersion.py,data/external/ConDefects/Test/arc145_d,48,3.14.3,True,,,48,eligible,
33637469,arc145_d,data/external/ConDefects/Code/arc145_d/Python/33637469/faultyVersion.py,data/external/ConDefects/Code/arc145_d/Python/33637469/correctVersion.py,data/external/ConDefects/Test/arc145_d,15,3.14.3,True,,,15,ineligible,loc < 25 (minimum length floor is 25)
34667900,arc145_d,data/external/ConDefects/Code/arc145_d/Python/34667900/faultyVersion.py,data/external/ConDefects/Code/arc145_d/Python/34667900/correctVersion.py,data/external/ConDefects/Test/arc145_d,31,3.14.3,True,,,31,eligible,
34720181,arc145_d,data/external/ConDefects/Code/arc145_d/Python/34720181/faultyVersion.py,data/external/ConDefects/Code/arc145_d/Python/34720181/correctVersion.py,data/external/ConDefects/Test/arc145_d,60,3.14.3,True,,,60,eligible,
35361966,arc145_d,data/external/ConDefects/Code/arc145_d/Python/35361966/faultyVersion.py,data/external/ConDefects/Code/arc145_d/Python/35361966/correctVersion.py,data/external/ConDefects/Test/arc145_d,13,3.14.3,True,,,13,ineligible,loc < 25 (minimum length floor is 25)
39783538,arc145_d,data/external/ConDefects/Code/arc145_d/Python/39783538/faultyVersion.py,data/external/ConDefects/Code/arc145_d/Python/39783538/correctVersion.py,data/external/ConDefects/Test/arc145_d,14,3.14.3,True,,,14,ineligible,loc < 25 (minimum length floor is 25)
33700497,arc145_e,data/external/ConDefects/Code/arc145_e/Python/33700497/faultyVersion.py,data/external/ConDefects/Code/arc145_e/Python/33700497/correctVersion.py,data/external/ConDefects/Test/arc145_e,131,3.14.3,True,,,131,ineligible,multiple independent faults
33700944,arc145_e,data/external/ConDefects/Code/arc145_e/Python/33700944/faultyVersion.py,data/external/ConDefects/Code/arc145_e/Python/33700944/correctVersion.py,data/external/ConDefects/Test/arc145_e,137,3.14.3,True,,,137,ineligible,non-algorithmic fault
40409761,arc146_a,data/external/ConDefects/Code/arc146_a/Python/40409761/faultyVersion.py,data/external/ConDefects/Code/arc146_a/Python/40409761/correctVersion.py,data/external/ConDefects/Test/arc146_a,9,3.14.3,True,,,9,ineligible,loc < 25 (minimum length floor is 25)
44240762,arc146_a,data/external/ConDefects/Code/arc146_a/Python/44240762/faultyVersion.py,data/external/ConDefects/Code/arc146_a/Python/44240762/correctVersion.py,data/external/ConDefects/Test/arc146_a,24,3.14.3,True,,,24,ineligible,loc < 25 (minimum length floor is 25)
40312293,arc146_b,data/external/ConDefects/Code/arc146_b/Python/40312293/faultyVersion.py,data/external/ConDefects/Code/arc146_b/Python/40312293/correctVersion.py,data/external/ConDefects/Test/arc146_b,50,3.14.3,True,,,50,eligible,
41500955,arc146_b,data/external/ConDefects/Code/arc146_b/Python/41500955/faultyVersion.py,data/external/ConDefects/Code/arc146_b/Python/41500955/correctVersion.py,data/external/ConDefects/Test/arc146_b,31,3.14.3,True,,,31,eligible,
42233391,arc146_b,data/external/ConDefects/Code/arc146_b/Python/42233391/faultyVersion.py,data/external/ConDefects/Code/arc146_b/Python/42233391/correctVersion.py,data/external/ConDefects/Test/arc146_b,28,3.14.3,True,,,28,eligible,
43257634,arc146_b,data/external/ConDefects/Code/arc146_b/Python/43257634/faultyVersion.py,data/external/ConDefects/Code/arc146_b/Python/43257634/correctVersion.py,data/external/ConDefects/Test/arc146_b,22,3.14.3,True,,,22,ineligible,loc < 25 (minimum length floor is 25)
34191586,arc146_c,data/external/ConDefects/Code/arc146_c/Python/34191586/faultyVersion.py,data/external/ConDefects/Code/arc146_c/Python/34191586/correctVersion.py,data/external/ConDefects/Test/arc146_c,12,3.14.3,True,,,12,ineligible,loc < 25 (minimum length floor is 25)
34275405,arc146_d,data/external/ConDefects/Code/arc146_d/Python/34275405/faultyVersion.py,data/external/ConDefects/Code/arc146_d/Python/34275405/correctVersion.py,data/external/ConDefects/Test/arc146_d,24,3.14.3,True,,,24,ineligible,loc < 25 (minimum length floor is 25)
39591338,arc147_b,data/external/ConDefects/Code/arc147_b/Python/39591338/faultyVersion.py,data/external/ConDefects/Code/arc147_b/Python/39591338/correctVersion.py,data/external/ConDefects/Test/arc147_b,41,3.14.3,True,,,41,ineligible,multiple independent faults
42082334,arc147_b,data/external/ConDefects/Code/arc147_b/Python/42082334/faultyVersion.py,data/external/ConDefects/Code/arc147_b/Python/42082334/correctVersion.py,data/external/ConDefects/Test/arc147_b,52,3.14.3,True,,,52,eligible,
45545981,arc147_b,data/external/ConDefects/Code/arc147_b/Python/45545981/faultyVersion.py,data/external/ConDefects/Code/arc147_b/Python/45545981/correctVersion.py,data/external/ConDefects/Test/arc147_b,48,3.14.3,True,,,48,eligible,
41820301,arc147_c,data/external/ConDefects/Code/arc147_c/Python/41820301/faultyVersion.py,data/external/ConDefects/Code/arc147_c/Python/41820301/correctVersion.py,data/external/ConDefects/Test/arc147_c,10,3.14.3,True,,,10,ineligible,loc < 25 (minimum length floor is 25)
43399411,arc147_c,data/external/ConDefects/Code/arc147_c/Python/43399411/faultyVersion.py,data/external/ConDefects/Code/arc147_c/Python/43399411/correctVersion.py,data/external/ConDefects/Test/arc147_c,14,3.14.3,True,,,14,ineligible,loc < 25 (minimum length floor is 25)
34616740,arc147_e,data/external/ConDefects/Code/arc147_e/Python/34616740/faultyVersion.py,data/external/ConDefects/Code/arc147_e/Python/34616740/correctVersion.py,data/external/ConDefects/Test/arc147_e,159,3.14.3,True,,,159,eligible,
40546012,arc147_e,data/external/ConDefects/Code/arc147_e/Python/40546012/faultyVersion.py,data/external/ConDefects/Code/arc147_e/Python/40546012/correctVersion.py,data/external/ConDefects/Test/arc147_e,42,3.14.3,True,,,42,eligible,
42795362,arc148_a,data/external/ConDefects/Code/arc148_a/Python/42795362/faultyVersion.py,data/external/ConDefects/Code/arc148_a/Python/42795362/correctVersion.py,data/external/ConDefects/Test/arc148_a,13,3.14.3,True,,,13,ineligible,loc < 25 (minimum length floor is 25)
44544084,arc148_a,data/external/ConDefects/Code/arc148_a/Python/44544084/faultyVersion.py,data/external/ConDefects/Code/arc148_a/Python/44544084/correctVersion.py,data/external/ConDefects/Test/arc148_a,10,3.14.3,True,,,10,ineligible,loc < 25 (minimum length floor is 25)
44660957,arc148_a,data/external/ConDefects/Code/arc148_a/Python/44660957/faultyVersion.py,data/external/ConDefects/Code/arc148_a/Python/44660957/correctVersion.py,data/external/ConDefects/Test/arc148_a,22,3.14.3,True,,,22,ineligible,loc < 25 (minimum length floor is 25)
44882552,arc148_a,data/external/ConDefects/Code/arc148_a/Python/44882552/faultyVersion.py,data/external/ConDefects/Code/arc148_a/Python/44882552/correctVersion.py,data/external/ConDefects/Test/arc148_a,51,3.14.3,True,,,51,eligible,
40105806,arc148_b,data/external/ConDefects/Code/arc148_b/Python/40105806/faultyVersion.py,data/external/ConDefects/Code/arc148_b/Python/40105806/correctVersion.py,data/external/ConDefects/Test/arc148_b,22,3.14.3,True,,,22,ineligible,loc < 25 (minimum length floor is 25)
43029081,arc148_b,data/external/ConDefects/Code/arc148_b/Python/43029081/faultyVersion.py,data/external/ConDefects/Code/arc148_b/Python/43029081/correctVersion.py,data/external/ConDefects/Test/arc148_b,17,3.14.3,True,,,17,ineligible,loc < 25 (minimum length floor is 25)
43079503,arc148_b,data/external/ConDefects/Code/arc148_b/Python/43079503/faultyVersion.py,data/external/ConDefects/Code/arc148_b/Python/43079503/correctVersion.py,data/external/ConDefects/Test/arc148_b,43,3.14.3,True,,,43,ineligible,multi-line fault — excluded by v2 single-line filter
43234248,arc148_b,data/external/ConDefects/Code/arc148_b/Python/43234248/faultyVersion.py,data/external/ConDefects/Code/arc148_b/Python/43234248/correctVersion.py,data/external/ConDefects/Test/arc148_b,40,3.14.3,True,,,40,eligible,
38559514,arc148_c,data/external/ConDefects/Code/arc148_c/Python/38559514/faultyVersion.py,data/external/ConDefects/Code/arc148_c/Python/38559514/correctVersion.py,data/external/ConDefects/Test/arc148_c,88,3.14.3,True,,,88,eligible,
39976054,arc148_c,data/external/ConDefects/Code/arc148_c/Python/39976054/faultyVersion.py,data/external/ConDefects/Code/arc148_c/Python/39976054/correctVersion.py,data/external/ConDefects/Test/arc148_c,71,3.14.3,True,,,71,ineligible,multi-line fault — excluded by v2 single-line filter
34805310,arc148_d,data/external/ConDefects/Code/arc148_d/Python/34805310/faultyVersion.py,data/external/ConDefects/Code/arc148_d/Python/34805310/correctVersion.py,data/external/ConDefects/Test/arc148_d,18,3.14.3,True,,,18,ineligible,loc < 25 (minimum length floor is 25)
34807717,arc148_d,data/external/ConDefects/Code/arc148_d/Python/34807717/faultyVersion.py,data/external/ConDefects/Code/arc148_d/Python/34807717/correctVersion.py,data/external/ConDefects/Test/arc148_d,40,3.14.3,True,,,40,eligible,
34818045,arc148_d,data/external/ConDefects/Code/arc148_d/Python/34818045/faultyVersion.py,data/external/ConDefects/Code/arc148_d/Python/34818045/correctVersion.py,data/external/ConDefects/Test/arc148_d,17,3.14.3,True,,,17,ineligible,loc < 25 (minimum length floor is 25)
35204671,arc148_d,data/external/ConDefects/Code/arc148_d/Python/35204671/faultyVersion.py,data/external/ConDefects/Code/arc148_d/Python/35204671/correctVersion.py,data/external/ConDefects/Test/arc148_d,22,3.14.3,True,,,22,ineligible,loc < 25 (minimum length floor is 25)
38916424,arc148_d,data/external/ConDefects/Code/arc148_d/Python/38916424/faultyVersion.py,data/external/ConDefects/Code/arc148_d/Python/38916424/correctVersion.py,data/external/ConDefects/Test/arc148_d,29,3.14.3,True,,,29,ineligible,multiple independent faults
40705107,arc148_d,data/external/ConDefects/Code/arc148_d/Python/40705107/faultyVersion.py,data/external/ConDefects/Code/arc148_d/Python/40705107/correctVersion.py,data/external/ConDefects/Test/arc148_d,44,3.14.3,True,,,44,eligible,
41790396,arc148_d,data/external/ConDefects/Code/arc148_d/Python/41790396/faultyVersion.py,data/external/ConDefects/Code/arc148_d/Python/41790396/correctVersion.py,data/external/ConDefects/Test/arc148_d,43,3.14.3,True,,,43,eligible,
42270342,arc148_d,data/external/ConDefects/Code/arc148_d/Python/42270342/faultyVersion.py,data/external/ConDefects/Code/arc148_d/Python/42270342/correctVersion.py,data/external/ConDefects/Test/arc148_d,29,3.14.3,True,,,29,eligible,
45234117,arc148_d,data/external/ConDefects/Code/arc148_d/Python/45234117/faultyVersion.py,data/external/ConDefects/Code/arc148_d/Python/45234117/correctVersion.py,data/external/ConDefects/Test/arc148_d,20,3.14.3,True,,,20,ineligible,loc < 25 (minimum length floor is 25)
34801295,arc148_e,data/external/ConDefects/Code/arc148_e/Python/34801295/faultyVersion.py,data/external/ConDefects/Code/arc148_e/Python/34801295/correctVersion.py,data/external/ConDefects/Test/arc148_e,44,3.14.3,True,,,44,ineligible,multiple independent faults
34804387,arc148_e,data/external/ConDefects/Code/arc148_e/Python/34804387/faultyVersion.py,data/external/ConDefects/Code/arc148_e/Python/34804387/correctVersion.py,data/external/ConDefects/Test/arc148_e,32,3.14.3,True,,,32,eligible,
35713028,arc148_e,data/external/ConDefects/Code/arc148_e/Python/35713028/faultyVersion.py,data/external/ConDefects/Code/arc148_e/Python/35713028/correctVersion.py,data/external/ConDefects/Test/arc148_e,29,3.14.3,True,,,29,eligible,
35986831,arc148_e,data/external/ConDefects/Code/arc148_e/Python/35986831/faultyVersion.py,data/external/ConDefects/Code/arc148_e/Python/35986831/correctVersion.py,data/external/ConDefects/Test/arc148_e,34,3.14.3,True,,,34,ineligible,multiple independent faults
39108367,arc148_e,data/external/ConDefects/Code/arc148_e/Python/39108367/faultyVersion.py,data/external/ConDefects/Code/arc148_e/Python/39108367/correctVersion.py,data/external/ConDefects/Test/arc148_e,25,3.14.3,True,,,25,ineligible,multiple independent faults
42835406,arc149_a,data/external/ConDefects/Code/arc149_a/Python/42835406/faultyVersion.py,data/external/ConDefects/Code/arc149_a/Python/42835406/correctVersion.py,data/external/ConDefects/Test/arc149_a,47,3.14.3,True,,,47,eligible,
43012792,arc149_a,data/external/ConDefects/Code/arc149_a/Python/43012792/faultyVersion.py,data/external/ConDefects/Code/arc149_a/Python/43012792/correctVersion.py,data/external/ConDefects/Test/arc149_a,30,3.14.3,True,,,30,eligible,
37254775,arc149_c,data/external/ConDefects/Code/arc149_c/Python/37254775/faultyVersion.py,data/external/ConDefects/Code/arc149_c/Python/37254775/correctVersion.py,data/external/ConDefects/Test/arc149_c,60,3.14.3,True,,,60,ineligible,multiple independent faults
37461602,arc149_c,data/external/ConDefects/Code/arc149_c/Python/37461602/faultyVersion.py,data/external/ConDefects/Code/arc149_c/Python/37461602/correctVersion.py,data/external/ConDefects/Test/arc149_c,39,3.14.3,True,,,39,eligible,
39106363,arc149_c,data/external/ConDefects/Code/arc149_c/Python/39106363/faultyVersion.py,data/external/ConDefects/Code/arc149_c/Python/39106363/correctVersion.py,data/external/ConDefects/Test/arc149_c,30,3.14.3,True,,,30,ineligible,multi-line fault — excluded by v2 single-line filter
45546378,arc149_c,data/external/ConDefects/Code/arc149_c/Python/45546378/faultyVersion.py,data/external/ConDefects/Code/arc149_c/Python/45546378/correctVersion.py,data/external/ConDefects/Test/arc149_c,36,3.14.3,True,,,36,ineligible,multiple independent faults
35355978,arc149_d,data/external/ConDefects/Code/arc149_d/Python/35355978/faultyVersion.py,data/external/ConDefects/Code/arc149_d/Python/35355978/correctVersion.py,data/external/ConDefects/Test/arc149_d,146,3.14.3,True,,,146,eligible,
42081272,arc150_a,data/external/ConDefects/Code/arc150_a/Python/42081272/faultyVersion.py,data/external/ConDefects/Code/arc150_a/Python/42081272/correctVersion.py,data/external/ConDefects/Test/arc150_a,105,3.14.3,True,,,105,ineligible,multi-line fault — excluded by v2 single-line filter
42959730,arc150_a,data/external/ConDefects/Code/arc150_a/Python/42959730/faultyVersion.py,data/external/ConDefects/Code/arc150_a/Python/42959730/correctVersion.py,data/external/ConDefects/Test/arc150_a,447,3.14.3,True,,,447,ineligible,loc > 300 (maximum length ceiling is 300)
42990587,arc150_a,data/external/ConDefects/Code/arc150_a/Python/42990587/faultyVersion.py,data/external/ConDefects/Code/arc150_a/Python/42990587/correctVersion.py,data/external/ConDefects/Test/arc150_a,29,3.14.3,True,,,29,eligible,
46041187,arc150_a,data/external/ConDefects/Code/arc150_a/Python/46041187/faultyVersion.py,data/external/ConDefects/Code/arc150_a/Python/46041187/correctVersion.py,data/external/ConDefects/Test/arc150_a,22,3.14.3,True,,,22,ineligible,loc < 25 (minimum length floor is 25)
40524794,arc150_b,data/external/ConDefects/Code/arc150_b/Python/40524794/faultyVersion.py,data/external/ConDefects/Code/arc150_b/Python/40524794/correctVersion.py,data/external/ConDefects/Test/arc150_b,20,3.14.3,True,,,20,ineligible,loc < 25 (minimum length floor is 25)
40583945,arc150_b,data/external/ConDefects/Code/arc150_b/Python/40583945/faultyVersion.py,data/external/ConDefects/Code/arc150_b/Python/40583945/correctVersion.py,data/external/ConDefects/Test/arc150_b,16,3.14.3,True,,,16,ineligible,loc < 25 (minimum length floor is 25)
40750419,arc150_b,data/external/ConDefects/Code/arc150_b/Python/40750419/faultyVersion.py,data/external/ConDefects/Code/arc150_b/Python/40750419/correctVersion.py,data/external/ConDefects/Test/arc150_b,16,3.14.3,True,,,16,ineligible,loc < 25 (minimum length floor is 25)
42077824,arc150_b,data/external/ConDefects/Code/arc150_b/Python/42077824/faultyVersion.py,data/external/ConDefects/Code/arc150_b/Python/42077824/correctVersion.py,data/external/ConDefects/Test/arc150_b,17,3.14.3,True,,,17,ineligible,loc < 25 (minimum length floor is 25)
43756504,arc150_b,data/external/ConDefects/Code/arc150_b/Python/43756504/faultyVersion.py,data/external/ConDefects/Code/arc150_b/Python/43756504/correctVersion.py,data/external/ConDefects/Test/arc150_b,31,3.14.3,True,,,31,eligible,
37666166,arc150_e,data/external/ConDefects/Code/arc150_e/Python/37666166/faultyVersion.py,data/external/ConDefects/Code/arc150_e/Python/37666166/correctVersion.py,data/external/ConDefects/Test/arc150_e,117,3.14.3,True,,,117,eligible,
42888318,arc151_a,data/external/ConDefects/Code/arc151_a/Python/42888318/faultyVersion.py,data/external/ConDefects/Code/arc151_a/Python/42888318/correctVersion.py,data/external/ConDefects/Test/arc151_a,430,3.14.3,True,,,430,ineligible,loc > 300 (maximum length ceiling is 300)
44645744,arc151_a,data/external/ConDefects/Code/arc151_a/Python/44645744/faultyVersion.py,data/external/ConDefects/Code/arc151_a/Python/44645744/correctVersion.py,data/external/ConDefects/Test/arc151_a,33,3.14.3,True,,,33,eligible,
44901492,arc151_a,data/external/ConDefects/Code/arc151_a/Python/44901492/faultyVersion.py,data/external/ConDefects/Code/arc151_a/Python/44901492/correctVersion.py,data/external/ConDefects/Test/arc151_a,31,3.14.3,True,,,31,eligible,
45098095,arc151_a,data/external/ConDefects/Code/arc151_a/Python/45098095/faultyVersion.py,data/external/ConDefects/Code/arc151_a/Python/45098095/correctVersion.py,data/external/ConDefects/Test/arc151_a,71,3.14.3,True,,,71,eligible,
45669333,arc151_a,data/external/ConDefects/Code/arc151_a/Python/45669333/faultyVersion.py,data/external/ConDefects/Code/arc151_a/Python/45669333/correctVersion.py,data/external/ConDefects/Test/arc151_a,37,3.14.3,True,,,37,eligible,
36899282,arc151_b,data/external/ConDefects/Code/arc151_b/Python/36899282/faultyVersion.py,data/external/ConDefects/Code/arc151_b/Python/36899282/correctVersion.py,data/external/ConDefects/Test/arc151_b,52,3.14.3,True,,,52,eligible,
41325604,arc151_b,data/external/ConDefects/Code/arc151_b/Python/41325604/faultyVersion.py,data/external/ConDefects/Code/arc151_b/Python/41325604/correctVersion.py,data/external/ConDefects/Test/arc151_b,68,3.14.3,True,,,68,eligible,
45494468,arc151_b,data/external/ConDefects/Code/arc151_b/Python/45494468/faultyVersion.py,data/external/ConDefects/Code/arc151_b/Python/45494468/correctVersion.py,data/external/ConDefects/Test/arc151_b,52,3.14.3,True,,,52,eligible,
45906391,arc151_b,data/external/ConDefects/Code/arc151_b/Python/45906391/faultyVersion.py,data/external/ConDefects/Code/arc151_b/Python/45906391/correctVersion.py,data/external/ConDefects/Test/arc151_b,16,3.14.3,True,,,16,ineligible,loc < 25 (minimum length floor is 25)
36321896,arc151_c,data/external/ConDefects/Code/arc151_c/Python/36321896/faultyVersion.py,data/external/ConDefects/Code/arc151_c/Python/36321896/correctVersion.py,data/external/ConDefects/Test/arc151_c,20,3.14.3,True,,,20,ineligible,loc < 25 (minimum length floor is 25)
36785462,arc151_c,data/external/ConDefects/Code/arc151_c/Python/36785462/faultyVersion.py,data/external/ConDefects/Code/arc151_c/Python/36785462/correctVersion.py,data/external/ConDefects/Test/arc151_c,27,3.14.3,True,,,27,eligible,
37458250,arc151_c,data/external/ConDefects/Code/arc151_c/Python/37458250/faultyVersion.py,data/external/ConDefects/Code/arc151_c/Python/37458250/correctVersion.py,data/external/ConDefects/Test/arc151_c,19,3.14.3,True,,,19,ineligible,loc < 25 (minimum length floor is 25)
38433732,arc151_c,data/external/ConDefects/Code/arc151_c/Python/38433732/faultyVersion.py,data/external/ConDefects/Code/arc151_c/Python/38433732/correctVersion.py,data/external/ConDefects/Test/arc151_c,26,3.14.3,True,,,26,ineligible,multi-line fault — excluded by v2 single-line filter
38957887,arc151_c,data/external/ConDefects/Code/arc151_c/Python/38957887/faultyVersion.py,data/external/ConDefects/Code/arc151_c/Python/38957887/correctVersion.py,data/external/ConDefects/Test/arc151_c,16,3.14.3,True,,,16,ineligible,loc < 25 (minimum length floor is 25)
40405027,arc151_c,data/external/ConDefects/Code/arc151_c/Python/40405027/faultyVersion.py,data/external/ConDefects/Code/arc151_c/Python/40405027/correctVersion.py,data/external/ConDefects/Test/arc151_c,9,3.14.3,True,,,9,ineligible,loc < 25 (minimum length floor is 25)
41930310,arc151_c,data/external/ConDefects/Code/arc151_c/Python/41930310/faultyVersion.py,data/external/ConDefects/Code/arc151_c/Python/41930310/correctVersion.py,data/external/ConDefects/Test/arc151_c,29,3.14.3,True,,,29,eligible,
43507594,arc151_c,data/external/ConDefects/Code/arc151_c/Python/43507594/faultyVersion.py,data/external/ConDefects/Code/arc151_c/Python/43507594/correctVersion.py,data/external/ConDefects/Test/arc151_c,25,3.14.3,True,,,25,ineligible,multiple independent faults
35732545,arc151_e,data/external/ConDefects/Code/arc151_e/Python/35732545/faultyVersion.py,data/external/ConDefects/Code/arc151_e/Python/35732545/correctVersion.py,data/external/ConDefects/Test/arc151_e,196,3.14.3,True,,,196,eligible,
42092015,arc152_a,data/external/ConDefects/Code/arc152_a/Python/42092015/faultyVersion.py,data/external/ConDefects/Code/arc152_a/Python/42092015/correctVersion.py,data/external/ConDefects/Test/arc152_a,34,3.14.3,True,,,34,ineligible,multiple independent faults
36754688,arc152_b,data/external/ConDefects/Code/arc152_b/Python/36754688/faultyVersion.py,data/external/ConDefects/Code/arc152_b/Python/36754688/correctVersion.py,data/external/ConDefects/Test/arc152_b,5,3.14.3,True,,,5,ineligible,loc < 25 (minimum length floor is 25)
36775118,arc152_b,data/external/ConDefects/Code/arc152_b/Python/36775118/faultyVersion.py,data/external/ConDefects/Code/arc152_b/Python/36775118/correctVersion.py,data/external/ConDefects/Test/arc152_b,13,3.14.3,True,,,13,ineligible,loc < 25 (minimum length floor is 25)
37047246,arc152_b,data/external/ConDefects/Code/arc152_b/Python/37047246/faultyVersion.py,data/external/ConDefects/Code/arc152_b/Python/37047246/correctVersion.py,data/external/ConDefects/Test/arc152_b,23,3.14.3,True,,,23,ineligible,loc < 25 (minimum length floor is 25)
37067201,arc152_b,data/external/ConDefects/Code/arc152_b/Python/37067201/faultyVersion.py,data/external/ConDefects/Code/arc152_b/Python/37067201/correctVersion.py,data/external/ConDefects/Test/arc152_b,27,3.14.3,True,,,27,eligible,
37447201,arc152_b,data/external/ConDefects/Code/arc152_b/Python/37447201/faultyVersion.py,data/external/ConDefects/Code/arc152_b/Python/37447201/correctVersion.py,data/external/ConDefects/Test/arc152_b,12,3.14.3,True,,,12,ineligible,loc < 25 (minimum length floor is 25)
46130280,arc152_b,data/external/ConDefects/Code/arc152_b/Python/46130280/faultyVersion.py,data/external/ConDefects/Code/arc152_b/Python/46130280/correctVersion.py,data/external/ConDefects/Test/arc152_b,19,3.14.3,True,,,19,ineligible,loc < 25 (minimum length floor is 25)
36943297,arc152_c,data/external/ConDefects/Code/arc152_c/Python/36943297/faultyVersion.py,data/external/ConDefects/Code/arc152_c/Python/36943297/correctVersion.py,data/external/ConDefects/Test/arc152_c,9,3.14.3,True,,,9,ineligible,loc < 25 (minimum length floor is 25)
37735671,arc152_c,data/external/ConDefects/Code/arc152_c/Python/37735671/faultyVersion.py,data/external/ConDefects/Code/arc152_c/Python/37735671/correctVersion.py,data/external/ConDefects/Test/arc152_c,9,3.14.3,True,,,9,ineligible,loc < 25 (minimum length floor is 25)
38915061,arc152_c,data/external/ConDefects/Code/arc152_c/Python/38915061/faultyVersion.py,data/external/ConDefects/Code/arc152_c/Python/38915061/correctVersion.py,data/external/ConDefects/Test/arc152_c,36,3.14.3,True,,,36,eligible,
38915283,arc152_c,data/external/ConDefects/Code/arc152_c/Python/38915283/faultyVersion.py,data/external/ConDefects/Code/arc152_c/Python/38915283/correctVersion.py,data/external/ConDefects/Test/arc152_c,37,3.14.3,True,,,37,ineligible,multiple independent faults
38915312,arc152_c,data/external/ConDefects/Code/arc152_c/Python/38915312/faultyVersion.py,data/external/ConDefects/Code/arc152_c/Python/38915312/correctVersion.py,data/external/ConDefects/Test/arc152_c,37,3.14.3,True,,,37,eligible,
41152980,arc152_c,data/external/ConDefects/Code/arc152_c/Python/41152980/faultyVersion.py,data/external/ConDefects/Code/arc152_c/Python/41152980/correctVersion.py,data/external/ConDefects/Test/arc152_c,13,3.14.3,True,,,13,ineligible,loc < 25 (minimum length floor is 25)
41680516,arc152_c,data/external/ConDefects/Code/arc152_c/Python/41680516/faultyVersion.py,data/external/ConDefects/Code/arc152_c/Python/41680516/correctVersion.py,data/external/ConDefects/Test/arc152_c,9,3.14.3,True,,,9,ineligible,loc < 25 (minimum length floor is 25)
44122587,arc152_c,data/external/ConDefects/Code/arc152_c/Python/44122587/faultyVersion.py,data/external/ConDefects/Code/arc152_c/Python/44122587/correctVersion.py,data/external/ConDefects/Test/arc152_c,34,3.14.3,True,,,34,eligible,
36680742,arc152_d,data/external/ConDefects/Code/arc152_d/Python/36680742/faultyVersion.py,data/external/ConDefects/Code/arc152_d/Python/36680742/correctVersion.py,data/external/ConDefects/Test/arc152_d,30,3.14.3,True,,,30,ineligible,multiple independent faults
36684114,arc152_d,data/external/ConDefects/Code/arc152_d/Python/36684114/faultyVersion.py,data/external/ConDefects/Code/arc152_d/Python/36684114/correctVersion.py,data/external/ConDefects/Test/arc152_d,109,3.14.3,True,,,109,eligible,
40626179,arc153_a,data/external/ConDefects/Code/arc153_a/Python/40626179/faultyVersion.py,data/external/ConDefects/Code/arc153_a/Python/40626179/correctVersion.py,data/external/ConDefects/Test/arc153_a,7,3.14.3,True,,,7,ineligible,loc < 25 (minimum length floor is 25)
41006180,arc153_a,data/external/ConDefects/Code/arc153_a/Python/41006180/faultyVersion.py,data/external/ConDefects/Code/arc153_a/Python/41006180/correctVersion.py,data/external/ConDefects/Test/arc153_a,9,3.14.3,True,,,9,ineligible,loc < 25 (minimum length floor is 25)
44669278,arc153_a,data/external/ConDefects/Code/arc153_a/Python/44669278/faultyVersion.py,data/external/ConDefects/Code/arc153_a/Python/44669278/correctVersion.py,data/external/ConDefects/Test/arc153_a,7,3.14.3,True,,,7,ineligible,loc < 25 (minimum length floor is 25)
45913281,arc153_a,data/external/ConDefects/Code/arc153_a/Python/45913281/faultyVersion.py,data/external/ConDefects/Code/arc153_a/Python/45913281/correctVersion.py,data/external/ConDefects/Test/arc153_a,30,3.14.3,True,,,30,eligible,
43165491,arc153_b,data/external/ConDefects/Code/arc153_b/Python/43165491/faultyVersion.py,data/external/ConDefects/Code/arc153_b/Python/43165491/correctVersion.py,data/external/ConDefects/Test/arc153_b,27,3.14.3,True,,,27,eligible,
44454861,arc153_b,data/external/ConDefects/Code/arc153_b/Python/44454861/faultyVersion.py,data/external/ConDefects/Code/arc153_b/Python/44454861/correctVersion.py,data/external/ConDefects/Test/arc153_b,57,3.14.3,True,,,57,ineligible,multiple independent faults
38524622,arc153_c,data/external/ConDefects/Code/arc153_c/Python/38524622/faultyVersion.py,data/external/ConDefects/Code/arc153_c/Python/38524622/correctVersion.py,data/external/ConDefects/Test/arc153_c,46,3.14.3,True,,,46,eligible,
38644891,arc153_c,data/external/ConDefects/Code/arc153_c/Python/38644891/faultyVersion.py,data/external/ConDefects/Code/arc153_c/Python/38644891/correctVersion.py,data/external/ConDefects/Test/arc153_c,145,3.14.3,True,,,145,eligible,
41497158,arc153_c,data/external/ConDefects/Code/arc153_c/Python/41497158/faultyVersion.py,data/external/ConDefects/Code/arc153_c/Python/41497158/correctVersion.py,data/external/ConDefects/Test/arc153_c,62,3.14.3,True,,,62,eligible,
40787964,arc154_b,data/external/ConDefects/Code/arc154_b/Python/40787964/faultyVersion.py,data/external/ConDefects/Code/arc154_b/Python/40787964/correctVersion.py,data/external/ConDefects/Test/arc154_b,38,3.14.3,True,,,38,eligible,
40904177,arc154_b,data/external/ConDefects/Code/arc154_b/Python/40904177/faultyVersion.py,data/external/ConDefects/Code/arc154_b/Python/40904177/correctVersion.py,data/external/ConDefects/Test/arc154_b,25,3.14.3,True,,,25,eligible,
43180385,arc154_b,data/external/ConDefects/Code/arc154_b/Python/43180385/faultyVersion.py,data/external/ConDefects/Code/arc154_b/Python/43180385/correctVersion.py,data/external/ConDefects/Test/arc154_b,29,3.14.3,True,,,29,eligible,
43315013,arc154_b,data/external/ConDefects/Code/arc154_b/Python/43315013/faultyVersion.py,data/external/ConDefects/Code/arc154_b/Python/43315013/correctVersion.py,data/external/ConDefects/Test/arc154_b,28,3.14.3,True,,,28,eligible,
43445291,arc154_b,data/external/ConDefects/Code/arc154_b/Python/43445291/faultyVersion.py,data/external/ConDefects/Code/arc154_b/Python/43445291/correctVersion.py,data/external/ConDefects/Test/arc154_b,18,3.14.3,True,,,18,ineligible,loc < 25 (minimum length floor is 25)
43504981,arc154_b,data/external/ConDefects/Code/arc154_b/Python/43504981/faultyVersion.py,data/external/ConDefects/Code/arc154_b/Python/43504981/correctVersion.py,data/external/ConDefects/Test/arc154_b,44,3.14.3,True,,,44,eligible,
43795529,arc154_b,data/external/ConDefects/Code/arc154_b/Python/43795529/faultyVersion.py,data/external/ConDefects/Code/arc154_b/Python/43795529/correctVersion.py,data/external/ConDefects/Test/arc154_b,35,3.14.3,True,,,35,eligible,
44381459,arc154_b,data/external/ConDefects/Code/arc154_b/Python/44381459/faultyVersion.py,data/external/ConDefects/Code/arc154_b/Python/44381459/correctVersion.py,data/external/ConDefects/Test/arc154_b,40,3.14.3,True,,,40,ineligible,multiple independent faults
38909905,arc154_c,data/external/ConDefects/Code/arc154_c/Python/38909905/faultyVersion.py,data/external/ConDefects/Code/arc154_c/Python/38909905/correctVersion.py,data/external/ConDefects/Test/arc154_c,58,3.14.3,True,,,58,eligible,
39123866,arc154_c,data/external/ConDefects/Code/arc154_c/Python/39123866/faultyVersion.py,data/external/ConDefects/Code/arc154_c/Python/39123866/correctVersion.py,data/external/ConDefects/Test/arc154_c,56,3.14.3,True,,,56,eligible,
38265701,arc154_d,data/external/ConDefects/Code/arc154_d/Python/38265701/faultyVersion.py,data/external/ConDefects/Code/arc154_d/Python/38265701/correctVersion.py,data/external/ConDefects/Test/arc154_d,24,3.14.3,True,,,24,ineligible,loc < 25 (minimum length floor is 25)
38267983,arc154_d,data/external/ConDefects/Code/arc154_d/Python/38267983/faultyVersion.py,data/external/ConDefects/Code/arc154_d/Python/38267983/correctVersion.py,data/external/ConDefects/Test/arc154_d,37,3.14.3,True,,,37,eligible,
38271304,arc154_d,data/external/ConDefects/Code/arc154_d/Python/38271304/faultyVersion.py,data/external/ConDefects/Code/arc154_d/Python/38271304/correctVersion.py,data/external/ConDefects/Test/arc154_d,87,3.14.3,True,,,87,eligible,
38323187,arc154_d,data/external/ConDefects/Code/arc154_d/Python/38323187/faultyVersion.py,data/external/ConDefects/Code/arc154_d/Python/38323187/correctVersion.py,data/external/ConDefects/Test/arc154_d,79,3.14.3,True,,,79,eligible,
38323705,arc154_d,data/external/ConDefects/Code/arc154_d/Python/38323705/faultyVersion.py,data/external/ConDefects/Code/arc154_d/Python/38323705/correctVersion.py,data/external/ConDefects/Test/arc154_d,51,3.14.3,True,,,51,eligible,
38487427,arc154_d,data/external/ConDefects/Code/arc154_d/Python/38487427/faultyVersion.py,data/external/ConDefects/Code/arc154_d/Python/38487427/correctVersion.py,data/external/ConDefects/Test/arc154_d,56,3.14.3,True,,,56,eligible,
38556628,arc154_d,data/external/ConDefects/Code/arc154_d/Python/38556628/faultyVersion.py,data/external/ConDefects/Code/arc154_d/Python/38556628/correctVersion.py,data/external/ConDefects/Test/arc154_d,15,3.14.3,True,,,15,ineligible,loc < 25 (minimum length floor is 25)
43287084,arc154_d,data/external/ConDefects/Code/arc154_d/Python/43287084/faultyVersion.py,data/external/ConDefects/Code/arc154_d/Python/43287084/correctVersion.py,data/external/ConDefects/Test/arc154_d,22,3.14.3,True,,,22,ineligible,loc < 25 (minimum length floor is 25)
40182881,arc155_a,data/external/ConDefects/Code/arc155_a/Python/40182881/faultyVersion.py,data/external/ConDefects/Code/arc155_a/Python/40182881/correctVersion.py,data/external/ConDefects/Test/arc155_a,60,3.14.3,True,,,60,eligible,
40823834,arc155_a,data/external/ConDefects/Code/arc155_a/Python/40823834/faultyVersion.py,data/external/ConDefects/Code/arc155_a/Python/40823834/correctVersion.py,data/external/ConDefects/Test/arc155_a,9,3.14.3,True,,,9,ineligible,loc < 25 (minimum length floor is 25)
44408199,arc155_a,data/external/ConDefects/Code/arc155_a/Python/44408199/faultyVersion.py,data/external/ConDefects/Code/arc155_a/Python/44408199/correctVersion.py,data/external/ConDefects/Test/arc155_a,40,3.14.3,True,,,40,eligible,
45899321,arc155_a,data/external/ConDefects/Code/arc155_a/Python/45899321/faultyVersion.py,data/external/ConDefects/Code/arc155_a/Python/45899321/correctVersion.py,data/external/ConDefects/Test/arc155_a,18,3.14.3,True,,,18,ineligible,loc < 25 (minimum length floor is 25)
44148523,arc155_b,data/external/ConDefects/Code/arc155_b/Python/44148523/faultyVersion.py,data/external/ConDefects/Code/arc155_b/Python/44148523/correctVersion.py,data/external/ConDefects/Test/arc155_b,177,3.14.3,True,,,177,ineligible,multiple independent faults
38465931,arc155_c,data/external/ConDefects/Code/arc155_c/Python/38465931/faultyVersion.py,data/external/ConDefects/Code/arc155_c/Python/38465931/correctVersion.py,data/external/ConDefects/Test/arc155_c,133,3.14.3,True,,,133,eligible,
38467027,arc155_c,data/external/ConDefects/Code/arc155_c/Python/38467027/faultyVersion.py,data/external/ConDefects/Code/arc155_c/Python/38467027/correctVersion.py,data/external/ConDefects/Test/arc155_c,49,3.14.3,True,,,49,eligible,
38471956,arc155_c,data/external/ConDefects/Code/arc155_c/Python/38471956/faultyVersion.py,data/external/ConDefects/Code/arc155_c/Python/38471956/correctVersion.py,data/external/ConDefects/Test/arc155_c,61,3.14.3,True,,,61,eligible,
38489822,arc155_c,data/external/ConDefects/Code/arc155_c/Python/38489822/faultyVersion.py,data/external/ConDefects/Code/arc155_c/Python/38489822/correctVersion.py,data/external/ConDefects/Test/arc155_c,68,3.14.3,True,,,68,eligible,
40890958,arc155_c,data/external/ConDefects/Code/arc155_c/Python/40890958/faultyVersion.py,data/external/ConDefects/Code/arc155_c/Python/40890958/correctVersion.py,data/external/ConDefects/Test/arc155_c,52,3.14.3,True,,,52,ineligible,multiple independent faults
43775294,arc156_a,data/external/ConDefects/Code/arc156_a/Python/43775294/faultyVersion.py,data/external/ConDefects/Code/arc156_a/Python/43775294/correctVersion.py,data/external/ConDefects/Test/arc156_a,47,3.14.3,True,,,47,eligible,
44009597,arc156_a,data/external/ConDefects/Code/arc156_a/Python/44009597/faultyVersion.py,data/external/ConDefects/Code/arc156_a/Python/44009597/correctVersion.py,data/external/ConDefects/Test/arc156_a,46,3.14.3,True,,,46,eligible,
45004259,arc156_a,data/external/ConDefects/Code/arc156_a/Python/45004259/faultyVersion.py,data/external/ConDefects/Code/arc156_a/Python/45004259/correctVersion.py,data/external/ConDefects/Test/arc156_a,23,3.14.3,True,,,23,ineligible,loc < 25 (minimum length floor is 25)
45086330,arc156_a,data/external/ConDefects/Code/arc156_a/Python/45086330/faultyVersion.py,data/external/ConDefects/Code/arc156_a/Python/45086330/correctVersion.py,data/external/ConDefects/Test/arc156_a,35,3.14.3,True,,,35,ineligible,multi-line fault — excluded by v2 single-line filter
39326078,arc156_b,data/external/ConDefects/Code/arc156_b/Python/39326078/faultyVersion.py,data/external/ConDefects/Code/arc156_b/Python/39326078/correctVersion.py,data/external/ConDefects/Test/arc156_b,42,3.14.3,True,,,42,eligible,
40932797,arc156_b,data/external/ConDefects/Code/arc156_b/Python/40932797/faultyVersion.py,data/external/ConDefects/Code/arc156_b/Python/40932797/correctVersion.py,data/external/ConDefects/Test/arc156_b,37,3.14.3,True,,,37,eligible,
45544495,arc156_b,data/external/ConDefects/Code/arc156_b/Python/45544495/faultyVersion.py,data/external/ConDefects/Code/arc156_b/Python/45544495/correctVersion.py,data/external/ConDefects/Test/arc156_b,29,3.14.3,True,,,29,ineligible,multi-line fault — excluded by v2 single-line filter
38986255,arc156_c,data/external/ConDefects/Code/arc156_c/Python/38986255/faultyVersion.py,data/external/ConDefects/Code/arc156_c/Python/38986255/correctVersion.py,data/external/ConDefects/Test/arc156_c,35,3.14.3,True,,,35,eligible,
41134585,arc156_d,data/external/ConDefects/Code/arc156_d/Python/41134585/faultyVersion.py,data/external/ConDefects/Code/arc156_d/Python/41134585/correctVersion.py,data/external/ConDefects/Test/arc156_d,16,3.14.3,True,,,16,ineligible,loc < 25 (minimum length floor is 25)
42091625,arc157_a,data/external/ConDefects/Code/arc157_a/Python/42091625/faultyVersion.py,data/external/ConDefects/Code/arc157_a/Python/42091625/correctVersion.py,data/external/ConDefects/Test/arc157_a,2,3.14.3,True,,,2,ineligible,loc < 25 (minimum length floor is 25)
42827862,arc157_a,data/external/ConDefects/Code/arc157_a/Python/42827862/faultyVersion.py,data/external/ConDefects/Code/arc157_a/Python/42827862/correctVersion.py,data/external/ConDefects/Test/arc157_a,20,3.14.3,True,,,20,ineligible,loc < 25 (minimum length floor is 25)
42873423,arc157_a,data/external/ConDefects/Code/arc157_a/Python/42873423/faultyVersion.py,data/external/ConDefects/Code/arc157_a/Python/42873423/correctVersion.py,data/external/ConDefects/Test/arc157_a,8,3.14.3,True,,,8,ineligible,loc < 25 (minimum length floor is 25)
42886459,arc157_a,data/external/ConDefects/Code/arc157_a/Python/42886459/faultyVersion.py,data/external/ConDefects/Code/arc157_a/Python/42886459/correctVersion.py,data/external/ConDefects/Test/arc157_a,403,3.14.3,True,,,403,ineligible,loc > 300 (maximum length ceiling is 300)
43019650,arc157_a,data/external/ConDefects/Code/arc157_a/Python/43019650/faultyVersion.py,data/external/ConDefects/Code/arc157_a/Python/43019650/correctVersion.py,data/external/ConDefects/Test/arc157_a,139,3.14.3,True,,,139,eligible,
43268490,arc157_a,data/external/ConDefects/Code/arc157_a/Python/43268490/faultyVersion.py,data/external/ConDefects/Code/arc157_a/Python/43268490/correctVersion.py,data/external/ConDefects/Test/arc157_a,16,3.14.3,True,,,16,ineligible,loc < 25 (minimum length floor is 25)
43792391,arc157_a,data/external/ConDefects/Code/arc157_a/Python/43792391/faultyVersion.py,data/external/ConDefects/Code/arc157_a/Python/43792391/correctVersion.py,data/external/ConDefects/Test/arc157_a,20,3.14.3,True,,,20,ineligible,loc < 25 (minimum length floor is 25)
44416887,arc157_a,data/external/ConDefects/Code/arc157_a/Python/44416887/faultyVersion.py,data/external/ConDefects/Code/arc157_a/Python/44416887/correctVersion.py,data/external/ConDefects/Test/arc157_a,7,3.14.3,True,,,7,ineligible,loc < 25 (minimum length floor is 25)
44691106,arc157_a,data/external/ConDefects/Code/arc157_a/Python/44691106/faultyVersion.py,data/external/ConDefects/Code/arc157_a/Python/44691106/correctVersion.py,data/external/ConDefects/Test/arc157_a,5,3.14.3,True,,,5,ineligible,loc < 25 (minimum length floor is 25)
44812026,arc157_a,data/external/ConDefects/Code/arc157_a/Python/44812026/faultyVersion.py,data/external/ConDefects/Code/arc157_a/Python/44812026/correctVersion.py,data/external/ConDefects/Test/arc157_a,8,3.14.3,True,,,8,ineligible,loc < 25 (minimum length floor is 25)
45521757,arc157_a,data/external/ConDefects/Code/arc157_a/Python/45521757/faultyVersion.py,data/external/ConDefects/Code/arc157_a/Python/45521757/correctVersion.py,data/external/ConDefects/Test/arc157_a,37,3.14.3,True,,,37,eligible,
42828291,arc157_b,data/external/ConDefects/Code/arc157_b/Python/42828291/faultyVersion.py,data/external/ConDefects/Code/arc157_b/Python/42828291/correctVersion.py,data/external/ConDefects/Test/arc157_b,63,3.14.3,True,,,63,eligible,
43050544,arc157_b,data/external/ConDefects/Code/arc157_b/Python/43050544/faultyVersion.py,data/external/ConDefects/Code/arc157_b/Python/43050544/correctVersion.py,data/external/ConDefects/Test/arc157_b,70,3.14.3,True,,,70,eligible,
43416351,arc157_b,data/external/ConDefects/Code/arc157_b/Python/43416351/faultyVersion.py,data/external/ConDefects/Code/arc157_b/Python/43416351/correctVersion.py,data/external/ConDefects/Test/arc157_b,50,3.14.3,True,,,50,eligible,
43913220,arc157_b,data/external/ConDefects/Code/arc157_b/Python/43913220/faultyVersion.py,data/external/ConDefects/Code/arc157_b/Python/43913220/correctVersion.py,data/external/ConDefects/Test/arc157_b,50,3.14.3,True,,,50,eligible,
44930646,arc157_b,data/external/ConDefects/Code/arc157_b/Python/44930646/faultyVersion.py,data/external/ConDefects/Code/arc157_b/Python/44930646/correctVersion.py,data/external/ConDefects/Test/arc157_b,51,3.14.3,True,,,51,ineligible,multi-line fault — excluded by v2 single-line filter
45276579,arc157_b,data/external/ConDefects/Code/arc157_b/Python/45276579/faultyVersion.py,data/external/ConDefects/Code/arc157_b/Python/45276579/correctVersion.py,data/external/ConDefects/Test/arc157_b,42,3.14.3,True,,,42,ineligible,multi-line fault — excluded by v2 single-line filter
39193714,arc157_d,data/external/ConDefects/Code/arc157_d/Python/39193714/faultyVersion.py,data/external/ConDefects/Code/arc157_d/Python/39193714/correctVersion.py,data/external/ConDefects/Test/arc157_d,783,3.14.3,True,,,783,ineligible,loc > 300 (maximum length ceiling is 300)
39194356,arc157_d,data/external/ConDefects/Code/arc157_d/Python/39194356/faultyVersion.py,data/external/ConDefects/Code/arc157_d/Python/39194356/correctVersion.py,data/external/ConDefects/Test/arc157_d,119,3.14.3,True,,,119,eligible,
39199908,arc157_d,data/external/ConDefects/Code/arc157_d/Python/39199908/faultyVersion.py,data/external/ConDefects/Code/arc157_d/Python/39199908/correctVersion.py,data/external/ConDefects/Test/arc157_d,108,3.14.3,True,,,108,ineligible,multiple independent faults
39202960,arc157_d,data/external/ConDefects/Code/arc157_d/Python/39202960/faultyVersion.py,data/external/ConDefects/Code/arc157_d/Python/39202960/correctVersion.py,data/external/ConDefects/Test/arc157_d,113,3.14.3,True,,,113,eligible,
39201856,arc157_e,data/external/ConDefects/Code/arc157_e/Python/39201856/faultyVersion.py,data/external/ConDefects/Code/arc157_e/Python/39201856/correctVersion.py,data/external/ConDefects/Test/arc157_e,93,3.14.3,True,,,93,eligible,
42775332,arc158_a,data/external/ConDefects/Code/arc158_a/Python/42775332/faultyVersion.py,data/external/ConDefects/Code/arc158_a/Python/42775332/correctVersion.py,data/external/ConDefects/Test/arc158_a,28,3.14.3,True,,,28,ineligible,multi-line fault — excluded by v2 single-line filter
43216127,arc158_a,data/external/ConDefects/Code/arc158_a/Python/43216127/faultyVersion.py,data/external/ConDefects/Code/arc158_a/Python/43216127/correctVersion.py,data/external/ConDefects/Test/arc158_a,10,3.14.3,True,,,10,ineligible,loc < 25 (minimum length floor is 25)
43732374,arc158_a,data/external/ConDefects/Code/arc158_a/Python/43732374/faultyVersion.py,data/external/ConDefects/Code/arc158_a/Python/43732374/correctVersion.py,data/external/ConDefects/Test/arc158_a,9,3.14.3,True,,,9,ineligible,loc < 25 (minimum length floor is 25)
45550808,arc158_a,data/external/ConDefects/Code/arc158_a/Python/45550808/faultyVersion.py,data/external/ConDefects/Code/arc158_a/Python/45550808/correctVersion.py,data/external/ConDefects/Test/arc158_a,34,3.14.3,True,,,34,eligible,
42045718,arc158_b,data/external/ConDefects/Code/arc158_b/Python/42045718/faultyVersion.py,data/external/ConDefects/Code/arc158_b/Python/42045718/correctVersion.py,data/external/ConDefects/Test/arc158_b,25,3.14.3,True,,,25,eligible,
43273469,arc158_b,data/external/ConDefects/Code/arc158_b/Python/43273469/faultyVersion.py,data/external/ConDefects/Code/arc158_b/Python/43273469/correctVersion.py,data/external/ConDefects/Test/arc158_b,18,3.14.3,True,,,18,ineligible,loc < 25 (minimum length floor is 25)
45509155,arc158_b,data/external/ConDefects/Code/arc158_b/Python/45509155/faultyVersion.py,data/external/ConDefects/Code/arc158_b/Python/45509155/correctVersion.py,data/external/ConDefects/Test/arc158_b,17,3.14.3,True,,,17,ineligible,loc < 25 (minimum length floor is 25)
45744284,arc158_b,data/external/ConDefects/Code/arc158_b/Python/45744284/faultyVersion.py,data/external/ConDefects/Code/arc158_b/Python/45744284/correctVersion.py,data/external/ConDefects/Test/arc158_b,19,3.14.3,True,,,19,ineligible,loc < 25 (minimum length floor is 25)
45756800,arc158_b,data/external/ConDefects/Code/arc158_b/Python/45756800/faultyVersion.py,data/external/ConDefects/Code/arc158_b/Python/45756800/correctVersion.py,data/external/ConDefects/Test/arc158_b,102,3.14.3,True,,,102,eligible,
40365558,arc158_c,data/external/ConDefects/Code/arc158_c/Python/40365558/faultyVersion.py,data/external/ConDefects/Code/arc158_c/Python/40365558/correctVersion.py,data/external/ConDefects/Test/arc158_c,18,3.14.3,True,,,18,ineligible,loc < 25 (minimum length floor is 25)
39679022,arc158_d,data/external/ConDefects/Code/arc158_d/Python/39679022/faultyVersion.py,data/external/ConDefects/Code/arc158_d/Python/39679022/correctVersion.py,data/external/ConDefects/Test/arc158_d,57,3.14.3,True,,,57,eligible,
41991860,arc159_a,data/external/ConDefects/Code/arc159_a/Python/41991860/faultyVersion.py,data/external/ConDefects/Code/arc159_a/Python/41991860/correctVersion.py,data/external/ConDefects/Test/arc159_a,29,3.14.3,True,,,29,eligible,
43796233,arc159_a,data/external/ConDefects/Code/arc159_a/Python/43796233/faultyVersion.py,data/external/ConDefects/Code/arc159_a/Python/43796233/correctVersion.py,data/external/ConDefects/Test/arc159_a,47,3.14.3,True,,,47,ineligible,multi-line fault — excluded by v2 single-line filter
43997330,arc159_b,data/external/ConDefects/Code/arc159_b/Python/43997330/faultyVersion.py,data/external/ConDefects/Code/arc159_b/Python/43997330/correctVersion.py,data/external/ConDefects/Test/arc159_b,42,3.14.3,True,,,42,eligible,
45431609,arc159_b,data/external/ConDefects/Code/arc159_b/Python/45431609/faultyVersion.py,data/external/ConDefects/Code/arc159_b/Python/45431609/correctVersion.py,data/external/ConDefects/Test/arc159_b,25,3.14.3,True,,,25,eligible,
40556226,arc159_c,data/external/ConDefects/Code/arc159_c/Python/40556226/faultyVersion.py,data/external/ConDefects/Code/arc159_c/Python/40556226/correctVersion.py,data/external/ConDefects/Test/arc159_c,75,3.14.3,True,,,75,eligible,
40430885,arc159_d,data/external/ConDefects/Code/arc159_d/Python/40430885/faultyVersion.py,data/external/ConDefects/Code/arc159_d/Python/40430885/correctVersion.py,data/external/ConDefects/Test/arc159_d,192,3.14.3,True,,,192,ineligible,multi-line fault — excluded by v2 single-line filter
40431476,arc159_d,data/external/ConDefects/Code/arc159_d/Python/40431476/faultyVersion.py,data/external/ConDefects/Code/arc159_d/Python/40431476/correctVersion.py,data/external/ConDefects/Test/arc159_d,285,3.14.3,True,,,285,eligible,
41124657,arc159_d,data/external/ConDefects/Code/arc159_d/Python/41124657/faultyVersion.py,data/external/ConDefects/Code/arc159_d/Python/41124657/correctVersion.py,data/external/ConDefects/Test/arc159_d,77,3.14.3,True,,,77,eligible,
45445288,arc159_d,data/external/ConDefects/Code/arc159_d/Python/45445288/faultyVersion.py,data/external/ConDefects/Code/arc159_d/Python/45445288/correctVersion.py,data/external/ConDefects/Test/arc159_d,103,3.14.3,True,,,103,eligible,
42065409,arc160_a,data/external/ConDefects/Code/arc160_a/Python/42065409/faultyVersion.py,data/external/ConDefects/Code/arc160_a/Python/42065409/correctVersion.py,data/external/ConDefects/Test/arc160_a,27,3.14.3,True,,,27,eligible,
43403535,arc160_a,data/external/ConDefects/Code/arc160_a/Python/43403535/faultyVersion.py,data/external/ConDefects/Code/arc160_a/Python/43403535/correctVersion.py,data/external/ConDefects/Test/arc160_a,34,3.14.3,True,,,34,ineligible,multiple independent faults
43405529,arc160_a,data/external/ConDefects/Code/arc160_a/Python/43405529/faultyVersion.py,data/external/ConDefects/Code/arc160_a/Python/43405529/correctVersion.py,data/external/ConDefects/Test/arc160_a,73,3.14.3,True,,,73,eligible,
45909573,arc160_a,data/external/ConDefects/Code/arc160_a/Python/45909573/faultyVersion.py,data/external/ConDefects/Code/arc160_a/Python/45909573/correctVersion.py,data/external/ConDefects/Test/arc160_a,28,3.14.3,True,,,28,eligible,
41448583,arc160_b,data/external/ConDefects/Code/arc160_b/Python/41448583/faultyVersion.py,data/external/ConDefects/Code/arc160_b/Python/41448583/correctVersion.py,data/external/ConDefects/Test/arc160_b,12,3.14.3,True,,,12,ineligible,loc < 25 (minimum length floor is 25)
44408882,arc160_b,data/external/ConDefects/Code/arc160_b/Python/44408882/faultyVersion.py,data/external/ConDefects/Code/arc160_b/Python/44408882/correctVersion.py,data/external/ConDefects/Test/arc160_b,16,3.14.3,True,,,16,ineligible,loc < 25 (minimum length floor is 25)
45326748,arc160_b,data/external/ConDefects/Code/arc160_b/Python/45326748/faultyVersion.py,data/external/ConDefects/Code/arc160_b/Python/45326748/correctVersion.py,data/external/ConDefects/Test/arc160_b,13,3.14.3,True,,,13,ineligible,loc < 25 (minimum length floor is 25)
41463787,arc160_c,data/external/ConDefects/Code/arc160_c/Python/41463787/faultyVersion.py,data/external/ConDefects/Code/arc160_c/Python/41463787/correctVersion.py,data/external/ConDefects/Test/arc160_c,28,3.14.3,True,,,28,eligible,
41479555,arc160_c,data/external/ConDefects/Code/arc160_c/Python/41479555/faultyVersion.py,data/external/ConDefects/Code/arc160_c/Python/41479555/correctVersion.py,data/external/ConDefects/Test/arc160_c,31,3.14.3,True,,,31,eligible,
41518740,arc160_c,data/external/ConDefects/Code/arc160_c/Python/41518740/faultyVersion.py,data/external/ConDefects/Code/arc160_c/Python/41518740/correctVersion.py,data/external/ConDefects/Test/arc160_c,25,3.14.3,True,,,25,ineligible,multiple independent faults
41526904,arc160_c,data/external/ConDefects/Code/arc160_c/Python/41526904/faultyVersion.py,data/external/ConDefects/Code/arc160_c/Python/41526904/correctVersion.py,data/external/ConDefects/Test/arc160_c,30,3.14.3,True,,,30,ineligible,multiple independent faults
42565675,arc160_c,data/external/ConDefects/Code/arc160_c/Python/42565675/faultyVersion.py,data/external/ConDefects/Code/arc160_c/Python/42565675/correctVersion.py,data/external/ConDefects/Test/arc160_c,34,3.14.3,True,,,34,eligible,
42877627,arc160_c,data/external/ConDefects/Code/arc160_c/Python/42877627/faultyVersion.py,data/external/ConDefects/Code/arc160_c/Python/42877627/correctVersion.py,data/external/ConDefects/Test/arc160_c,40,3.14.3,True,,,40,eligible,
44003371,arc160_c,data/external/ConDefects/Code/arc160_c/Python/44003371/faultyVersion.py,data/external/ConDefects/Code/arc160_c/Python/44003371/correctVersion.py,data/external/ConDefects/Test/arc160_c,26,3.14.3,True,,,26,eligible,
44901264,arc161_a,data/external/ConDefects/Code/arc161_a/Python/44901264/faultyVersion.py,data/external/ConDefects/Code/arc161_a/Python/44901264/correctVersion.py,data/external/ConDefects/Test/arc161_a,16,3.14.3,True,,,16,ineligible,loc < 25 (minimum length floor is 25)
45669630,arc161_a,data/external/ConDefects/Code/arc161_a/Python/45669630/faultyVersion.py,data/external/ConDefects/Code/arc161_a/Python/45669630/correctVersion.py,data/external/ConDefects/Test/arc161_a,22,3.14.3,True,,,22,ineligible,loc < 25 (minimum length floor is 25)
46209025,arc161_a,data/external/ConDefects/Code/arc161_a/Python/46209025/faultyVersion.py,data/external/ConDefects/Code/arc161_a/Python/46209025/correctVersion.py,data/external/ConDefects/Test/arc161_a,20,3.14.3,True,,,20,ineligible,loc < 25 (minimum length floor is 25)
43559540,arc161_b,data/external/ConDefects/Code/arc161_b/Python/43559540/faultyVersion.py,data/external/ConDefects/Code/arc161_b/Python/43559540/correctVersion.py,data/external/ConDefects/Test/arc161_b,20,3.14.3,True,,,20,ineligible,loc < 25 (minimum length floor is 25)
43572863,arc161_b,data/external/ConDefects/Code/arc161_b/Python/43572863/faultyVersion.py,data/external/ConDefects/Code/arc161_b/Python/43572863/correctVersion.py,data/external/ConDefects/Test/arc161_b,37,3.14.3,True,,,37,eligible,
45311674,arc161_b,data/external/ConDefects/Code/arc161_b/Python/45311674/faultyVersion.py,data/external/ConDefects/Code/arc161_b/Python/45311674/correctVersion.py,data/external/ConDefects/Test/arc161_b,26,3.14.3,True,,,26,eligible,
45955580,arc161_b,data/external/ConDefects/Code/arc161_b/Python/45955580/faultyVersion.py,data/external/ConDefects/Code/arc161_b/Python/45955580/correctVersion.py,data/external/ConDefects/Test/arc161_b,40,3.14.3,True,,,40,ineligible,multi-line fault — excluded by v2 single-line filter
41901042,arc161_c,data/external/ConDefects/Code/arc161_c/Python/41901042/faultyVersion.py,data/external/ConDefects/Code/arc161_c/Python/41901042/correctVersion.py,data/external/ConDefects/Test/arc161_c,104,3.14.3,True,,,104,ineligible,multi-line fault — excluded by v2 single-line filter
42020807,arc161_c,data/external/ConDefects/Code/arc161_c/Python/42020807/faultyVersion.py,data/external/ConDefects/Code/arc161_c/Python/42020807/correctVersion.py,data/external/ConDefects/Test/arc161_c,97,3.14.3,True,,,97,eligible,
42743947,arc161_c,data/external/ConDefects/Code/arc161_c/Python/42743947/faultyVersion.py,data/external/ConDefects/Code/arc161_c/Python/42743947/correctVersion.py,data/external/ConDefects/Test/arc161_c,56,3.14.3,True,,,56,eligible,
41819669,arc161_d,data/external/ConDefects/Code/arc161_d/Python/41819669/faultyVersion.py,data/external/ConDefects/Code/arc161_d/Python/41819669/correctVersion.py,data/external/ConDefects/Test/arc161_d,9,3.14.3,True,,,9,ineligible,loc < 25 (minimum length floor is 25)
42021171,arc161_d,data/external/ConDefects/Code/arc161_d/Python/42021171/faultyVersion.py,data/external/ConDefects/Code/arc161_d/Python/42021171/correctVersion.py,data/external/ConDefects/Test/arc161_d,43,3.14.3,True,,,43,eligible,
42297972,arc161_d,data/external/ConDefects/Code/arc161_d/Python/42297972/faultyVersion.py,data/external/ConDefects/Code/arc161_d/Python/42297972/correctVersion.py,data/external/ConDefects/Test/arc161_d,13,3.14.3,True,,,13,ineligible,loc < 25 (minimum length floor is 25)
43182082,arc161_d,data/external/ConDefects/Code/arc161_d/Python/43182082/faultyVersion.py,data/external/ConDefects/Code/arc161_d/Python/43182082/correctVersion.py,data/external/ConDefects/Test/arc161_d,23,3.14.3,True,,,23,ineligible,loc < 25 (minimum length floor is 25)
43311492,arc161_d,data/external/ConDefects/Code/arc161_d/Python/43311492/faultyVersion.py,data/external/ConDefects/Code/arc161_d/Python/43311492/correctVersion.py,data/external/ConDefects/Test/arc161_d,25,3.14.3,True,,,25,eligible,
44101361,arc161_d,data/external/ConDefects/Code/arc161_d/Python/44101361/faultyVersion.py,data/external/ConDefects/Code/arc161_d/Python/44101361/correctVersion.py,data/external/ConDefects/Test/arc161_d,41,3.14.3,True,,,41,eligible,
43537557,arc162_b,data/external/ConDefects/Code/arc162_b/Python/43537557/faultyVersion.py,data/external/ConDefects/Code/arc162_b/Python/43537557/correctVersion.py,data/external/ConDefects/Test/arc162_b,53,3.14.3,True,,,53,eligible,
44215494,arc162_b,data/external/ConDefects/Code/arc162_b/Python/44215494/faultyVersion.py,data/external/ConDefects/Code/arc162_b/Python/44215494/correctVersion.py,data/external/ConDefects/Test/arc162_b,23,3.14.3,True,,,23,ineligible,loc < 25 (minimum length floor is 25)
45211703,arc162_b,data/external/ConDefects/Code/arc162_b/Python/45211703/faultyVersion.py,data/external/ConDefects/Code/arc162_b/Python/45211703/correctVersion.py,data/external/ConDefects/Test/arc162_b,28,3.14.3,True,,,28,eligible,
45429889,arc162_b,data/external/ConDefects/Code/arc162_b/Python/45429889/faultyVersion.py,data/external/ConDefects/Code/arc162_b/Python/45429889/correctVersion.py,data/external/ConDefects/Test/arc162_b,23,3.14.3,True,,,23,ineligible,loc < 25 (minimum length floor is 25)
45772251,arc162_b,data/external/ConDefects/Code/arc162_b/Python/45772251/faultyVersion.py,data/external/ConDefects/Code/arc162_b/Python/45772251/correctVersion.py,data/external/ConDefects/Test/arc162_b,30,3.14.3,True,,,30,eligible,
43008956,arc162_c,data/external/ConDefects/Code/arc162_c/Python/43008956/faultyVersion.py,data/external/ConDefects/Code/arc162_c/Python/43008956/correctVersion.py,data/external/ConDefects/Test/arc162_c,44,3.14.3,True,,,44,ineligible,multi-line fault — excluded by v2 single-line filter
43234436,arc162_c,data/external/ConDefects/Code/arc162_c/Python/43234436/faultyVersion.py,data/external/ConDefects/Code/arc162_c/Python/43234436/correctVersion.py,data/external/ConDefects/Test/arc162_c,93,3.14.3,True,,,93,eligible,
43399874,arc162_c,data/external/ConDefects/Code/arc162_c/Python/43399874/faultyVersion.py,data/external/ConDefects/Code/arc162_c/Python/43399874/correctVersion.py,data/external/ConDefects/Test/arc162_c,61,3.14.3,True,,,61,eligible,
43410315,arc162_c,data/external/ConDefects/Code/arc162_c/Python/43410315/faultyVersion.py,data/external/ConDefects/Code/arc162_c/Python/43410315/correctVersion.py,data/external/ConDefects/Test/arc162_c,36,3.14.3,True,,,36,eligible,
43723091,arc162_c,data/external/ConDefects/Code/arc162_c/Python/43723091/faultyVersion.py,data/external/ConDefects/Code/arc162_c/Python/43723091/correctVersion.py,data/external/ConDefects/Test/arc162_c,108,3.14.3,True,,,108,eligible,
44163778,arc162_c,data/external/ConDefects/Code/arc162_c/Python/44163778/faultyVersion.py,data/external/ConDefects/Code/arc162_c/Python/44163778/correctVersion.py,data/external/ConDefects/Test/arc162_c,83,3.14.3,True,,,83,eligible,
45291562,arc162_c,data/external/ConDefects/Code/arc162_c/Python/45291562/faultyVersion.py,data/external/ConDefects/Code/arc162_c/Python/45291562/correctVersion.py,data/external/ConDefects/Test/arc162_c,44,3.14.3,True,,,44,ineligible,multi-line fault — excluded by v2 single-line filter
45663637,arc162_c,data/external/ConDefects/Code/arc162_c/Python/45663637/faultyVersion.py,data/external/ConDefects/Code/arc162_c/Python/45663637/correctVersion.py,data/external/ConDefects/Test/arc162_c,23,3.14.3,True,,,23,ineligible,loc < 25 (minimum length floor is 25)
45802611,arc162_c,data/external/ConDefects/Code/arc162_c/Python/45802611/faultyVersion.py,data/external/ConDefects/Code/arc162_c/Python/45802611/correctVersion.py,data/external/ConDefects/Test/arc162_c,30,3.14.3,True,,,30,eligible,
45998728,arc162_c,data/external/ConDefects/Code/arc162_c/Python/45998728/faultyVersion.py,data/external/ConDefects/Code/arc162_c/Python/45998728/correctVersion.py,data/external/ConDefects/Test/arc162_c,36,3.14.3,True,,,36,ineligible,multi-line fault — excluded by v2 single-line filter
43020372,arc162_e,data/external/ConDefects/Code/arc162_e/Python/43020372/faultyVersion.py,data/external/ConDefects/Code/arc162_e/Python/43020372/correctVersion.py,data/external/ConDefects/Test/arc162_e,59,3.14.3,True,,,59,eligible,
44094167,arc163_a,data/external/ConDefects/Code/arc163_a/Python/44094167/faultyVersion.py,data/external/ConDefects/Code/arc163_a/Python/44094167/correctVersion.py,data/external/ConDefects/Test/arc163_a,13,3.14.3,True,,,13,ineligible,loc < 25 (minimum length floor is 25)
44208378,arc163_a,data/external/ConDefects/Code/arc163_a/Python/44208378/faultyVersion.py,data/external/ConDefects/Code/arc163_a/Python/44208378/correctVersion.py,data/external/ConDefects/Test/arc163_a,26,3.14.3,True,,,26,ineligible,multiple independent faults
44451011,arc163_a,data/external/ConDefects/Code/arc163_a/Python/44451011/faultyVersion.py,data/external/ConDefects/Code/arc163_a/Python/44451011/correctVersion.py,data/external/ConDefects/Test/arc163_a,10,3.14.3,True,,,10,ineligible,loc < 25 (minimum length floor is 25)
44822043,arc163_a,data/external/ConDefects/Code/arc163_a/Python/44822043/faultyVersion.py,data/external/ConDefects/Code/arc163_a/Python/44822043/correctVersion.py,data/external/ConDefects/Test/arc163_a,26,3.14.3,True,,,26,ineligible,multiple independent faults
45308371,arc163_a,data/external/ConDefects/Code/arc163_a/Python/45308371/faultyVersion.py,data/external/ConDefects/Code/arc163_a/Python/45308371/correctVersion.py,data/external/ConDefects/Test/arc163_a,25,3.14.3,True,,,25,eligible,
45436271,arc163_a,data/external/ConDefects/Code/arc163_a/Python/45436271/faultyVersion.py,data/external/ConDefects/Code/arc163_a/Python/45436271/correctVersion.py,data/external/ConDefects/Test/arc163_a,13,3.14.3,True,,,13,ineligible,loc < 25 (minimum length floor is 25)
45935608,arc163_a,data/external/ConDefects/Code/arc163_a/Python/45935608/faultyVersion.py,data/external/ConDefects/Code/arc163_a/Python/45935608/correctVersion.py,data/external/ConDefects/Test/arc163_a,23,3.14.3,True,,,23,ineligible,loc < 25 (minimum length floor is 25)
45954819,arc163_a,data/external/ConDefects/Code/arc163_a/Python/45954819/faultyVersion.py,data/external/ConDefects/Code/arc163_a/Python/45954819/correctVersion.py,data/external/ConDefects/Test/arc163_a,27,3.14.3,True,,,27,eligible,
46203182,arc163_a,data/external/ConDefects/Code/arc163_a/Python/46203182/faultyVersion.py,data/external/ConDefects/Code/arc163_a/Python/46203182/correctVersion.py,data/external/ConDefects/Test/arc163_a,44,3.14.3,True,,,44,eligible,
43716281,arc163_b,data/external/ConDefects/Code/arc163_b/Python/43716281/faultyVersion.py,data/external/ConDefects/Code/arc163_b/Python/43716281/correctVersion.py,data/external/ConDefects/Test/arc163_b,26,3.14.3,True,,,26,eligible,
43944210,arc163_b,data/external/ConDefects/Code/arc163_b/Python/43944210/faultyVersion.py,data/external/ConDefects/Code/arc163_b/Python/43944210/correctVersion.py,data/external/ConDefects/Test/arc163_b,34,3.14.3,True,,,34,eligible,
44451318,arc163_b,data/external/ConDefects/Code/arc163_b/Python/44451318/faultyVersion.py,data/external/ConDefects/Code/arc163_b/Python/44451318/correctVersion.py,data/external/ConDefects/Test/arc163_b,7,3.14.3,True,,,7,ineligible,loc < 25 (minimum length floor is 25)
45704677,arc163_b,data/external/ConDefects/Code/arc163_b/Python/45704677/faultyVersion.py,data/external/ConDefects/Code/arc163_b/Python/45704677/correctVersion.py,data/external/ConDefects/Test/arc163_b,17,3.14.3,True,,,17,ineligible,loc < 25 (minimum length floor is 25)
43286713,arc163_c,data/external/ConDefects/Code/arc163_c/Python/43286713/faultyVersion.py,data/external/ConDefects/Code/arc163_c/Python/43286713/correctVersion.py,data/external/ConDefects/Test/arc163_c,33,3.14.3,True,,,33,ineligible,multiple independent faults
45533123,arc163_c,data/external/ConDefects/Code/arc163_c/Python/45533123/faultyVersion.py,data/external/ConDefects/Code/arc163_c/Python/45533123/correctVersion.py,data/external/ConDefects/Test/arc163_c,32,3.14.3,True,,,32,eligible,
45000515,arc164_a,data/external/ConDefects/Code/arc164_a/Python/45000515/faultyVersion.py,data/external/ConDefects/Code/arc164_a/Python/45000515/correctVersion.py,data/external/ConDefects/Test/arc164_a,10,3.14.3,True,,,10,ineligible,loc < 25 (minimum length floor is 25)
45247627,arc164_a,data/external/ConDefects/Code/arc164_a/Python/45247627/faultyVersion.py,data/external/ConDefects/Code/arc164_a/Python/45247627/correctVersion.py,data/external/ConDefects/Test/arc164_a,18,3.14.3,True,,,18,ineligible,loc < 25 (minimum length floor is 25)
45492377,arc164_a,data/external/ConDefects/Code/arc164_a/Python/45492377/faultyVersion.py,data/external/ConDefects/Code/arc164_a/Python/45492377/correctVersion.py,data/external/ConDefects/Test/arc164_a,16,3.14.3,True,,,16,ineligible,loc < 25 (minimum length floor is 25)
45517397,arc164_a,data/external/ConDefects/Code/arc164_a/Python/45517397/faultyVersion.py,data/external/ConDefects/Code/arc164_a/Python/45517397/correctVersion.py,data/external/ConDefects/Test/arc164_a,42,3.14.3,True,,,42,eligible,
45533632,arc164_a,data/external/ConDefects/Code/arc164_a/Python/45533632/faultyVersion.py,data/external/ConDefects/Code/arc164_a/Python/45533632/correctVersion.py,data/external/ConDefects/Test/arc164_a,31,3.14.3,True,,,31,ineligible,multiple independent faults
45556032,arc164_a,data/external/ConDefects/Code/arc164_a/Python/45556032/faultyVersion.py,data/external/ConDefects/Code/arc164_a/Python/45556032/correctVersion.py,data/external/ConDefects/Test/arc164_a,40,3.14.3,True,,,40,eligible,
45658155,arc164_a,data/external/ConDefects/Code/arc164_a/Python/45658155/faultyVersion.py,data/external/ConDefects/Code/arc164_a/Python/45658155/correctVersion.py,data/external/ConDefects/Test/arc164_a,23,3.14.3,True,,,23,ineligible,loc < 25 (minimum length floor is 25)
45705547,arc164_a,data/external/ConDefects/Code/arc164_a/Python/45705547/faultyVersion.py,data/external/ConDefects/Code/arc164_a/Python/45705547/correctVersion.py,data/external/ConDefects/Test/arc164_a,23,3.14.3,True,,,23,ineligible,loc < 25 (minimum length floor is 25)
46191198,arc164_a,data/external/ConDefects/Code/arc164_a/Python/46191198/faultyVersion.py,data/external/ConDefects/Code/arc164_a/Python/46191198/correctVersion.py,data/external/ConDefects/Test/arc164_a,10,3.14.3,True,,,10,ineligible,loc < 25 (minimum length floor is 25)
45053848,arc164_c,data/external/ConDefects/Code/arc164_c/Python/45053848/faultyVersion.py,data/external/ConDefects/Code/arc164_c/Python/45053848/correctVersion.py,data/external/ConDefects/Test/arc164_c,13,3.14.3,True,,,13,ineligible,loc < 25 (minimum length floor is 25)
43435953,arc164_d,data/external/ConDefects/Code/arc164_d/Python/43435953/faultyVersion.py,data/external/ConDefects/Code/arc164_d/Python/43435953/correctVersion.py,data/external/ConDefects/Test/arc164_d,347,3.14.3,True,,,347,ineligible,loc > 300 (maximum length ceiling is 300)
43433582,arc164_e,data/external/ConDefects/Code/arc164_e/Python/43433582/faultyVersion.py,data/external/ConDefects/Code/arc164_e/Python/43433582/correctVersion.py,data/external/ConDefects/Test/arc164_e,81,3.14.3,True,,,81,ineligible,multiple independent faults
43438224,arc164_e,data/external/ConDefects/Code/arc164_e/Python/43438224/faultyVersion.py,data/external/ConDefects/Code/arc164_e/Python/43438224/correctVersion.py,data/external/ConDefects/Test/arc164_e,49,3.14.3,True,,,49,eligible,
43525175,arc164_e,data/external/ConDefects/Code/arc164_e/Python/43525175/faultyVersion.py,data/external/ConDefects/Code/arc164_e/Python/43525175/correctVersion.py,data/external/ConDefects/Test/arc164_e,47,3.14.3,True,,,47,eligible,
45736644,arc165_a,data/external/ConDefects/Code/arc165_a/Python/45736644/faultyVersion.py,data/external/ConDefects/Code/arc165_a/Python/45736644/correctVersion.py,data/external/ConDefects/Test/arc165_a,28,3.14.3,True,,,28,ineligible,multiple independent faults
45995987,arc165_b,data/external/ConDefects/Code/arc165_b/Python/45995987/faultyVersion.py,data/external/ConDefects/Code/arc165_b/Python/45995987/correctVersion.py,data/external/ConDefects/Test/arc165_b,78,3.14.3,True,,,78,eligible,
45716699,arc165_c,data/external/ConDefects/Code/arc165_c/Python/45716699/faultyVersion.py,data/external/ConDefects/Code/arc165_c/Python/45716699/correctVersion.py,data/external/ConDefects/Test/arc165_c,77,3.14.3,True,,,77,ineligible,non-algorithmic fault
45733476,arc165_c,data/external/ConDefects/Code/arc165_c/Python/45733476/faultyVersion.py,data/external/ConDefects/Code/arc165_c/Python/45733476/correctVersion.py,data/external/ConDefects/Test/arc165_c,81,3.14.3,True,,,81,eligible,
45734816,arc165_c,data/external/ConDefects/Code/arc165_c/Python/45734816/faultyVersion.py,data/external/ConDefects/Code/arc165_c/Python/45734816/correctVersion.py,data/external/ConDefects/Test/arc165_c,101,3.14.3,True,,,101,ineligible,multi-line fault — excluded by v2 single-line filter
45675161,arc165_d,data/external/ConDefects/Code/arc165_d/Python/45675161/faultyVersion.py,data/external/ConDefects/Code/arc165_d/Python/45675161/correctVersion.py,data/external/ConDefects/Test/arc165_d,164,3.14.3,True,,,164,eligible,
45683063,arc165_d,data/external/ConDefects/Code/arc165_d/Python/45683063/faultyVersion.py,data/external/ConDefects/Code/arc165_d/Python/45683063/correctVersion.py,data/external/ConDefects/Test/arc165_d,138,3.14.3,True,,,138,eligible,
45791883,arc165_d,data/external/ConDefects/Code/arc165_d/Python/45791883/faultyVersion.py,data/external/ConDefects/Code/arc165_d/Python/45791883/correctVersion.py,data/external/ConDefects/Test/arc165_d,153,3.14.3,True,,,153,eligible,
48970771,arc166_a,data/external/ConDefects/Code/arc166_a/Python/48970771/faultyVersion.py,data/external/ConDefects/Code/arc166_a/Python/48970771/correctVersion.py,data/external/ConDefects/Test/arc166_a,111,3.14.3,True,,,111,eligible,
50268055,arc166_a,data/external/ConDefects/Code/arc166_a/Python/50268055/faultyVersion.py,data/external/ConDefects/Code/arc166_a/Python/50268055/correctVersion.py,data/external/ConDefects/Test/arc166_a,51,3.14.3,True,,,51,eligible,
49426497,arc166_b,data/external/ConDefects/Code/arc166_b/Python/49426497/faultyVersion.py,data/external/ConDefects/Code/arc166_b/Python/49426497/correctVersion.py,data/external/ConDefects/Test/arc166_b,48,3.14.3,True,,,48,eligible,
51949905,arc166_b,data/external/ConDefects/Code/arc166_b/Python/51949905/faultyVersion.py,data/external/ConDefects/Code/arc166_b/Python/51949905/correctVersion.py,data/external/ConDefects/Test/arc166_b,110,3.14.3,True,,,110,eligible,
49538058,arc166_c,data/external/ConDefects/Code/arc166_c/Python/49538058/faultyVersion.py,data/external/ConDefects/Code/arc166_c/Python/49538058/correctVersion.py,data/external/ConDefects/Test/arc166_c,4,3.14.3,True,,,4,ineligible,loc < 25 (minimum length floor is 25)
46393620,arc166_d,data/external/ConDefects/Code/arc166_d/Python/46393620/faultyVersion.py,data/external/ConDefects/Code/arc166_d/Python/46393620/correctVersion.py,data/external/ConDefects/Test/arc166_d,31,3.14.3,True,,,31,ineligible,multiple independent faults
51403165,arc167_a,data/external/ConDefects/Code/arc167_a/Python/51403165/faultyVersion.py,data/external/ConDefects/Code/arc167_a/Python/51403165/correctVersion.py,data/external/ConDefects/Test/arc167_a,17,3.14.3,True,,,17,ineligible,loc < 25 (minimum length floor is 25)
52183660,arc167_a,data/external/ConDefects/Code/arc167_a/Python/52183660/faultyVersion.py,data/external/ConDefects/Code/arc167_a/Python/52183660/correctVersion.py,data/external/ConDefects/Test/arc167_a,7,3.14.3,True,,,7,ineligible,loc < 25 (minimum length floor is 25)
49611980,arc167_b,data/external/ConDefects/Code/arc167_b/Python/49611980/faultyVersion.py,data/external/ConDefects/Code/arc167_b/Python/49611980/correctVersion.py,data/external/ConDefects/Test/arc167_b,33,3.14.3,True,,,33,ineligible,multi-line fault — excluded by v2 single-line filter
50502972,arc167_b,data/external/ConDefects/Code/arc167_b/Python/50502972/faultyVersion.py,data/external/ConDefects/Code/arc167_b/Python/50502972/correctVersion.py,data/external/ConDefects/Test/arc167_b,28,3.14.3,True,,,28,eligible,
51380686,arc167_b,data/external/ConDefects/Code/arc167_b/Python/51380686/faultyVersion.py,data/external/ConDefects/Code/arc167_b/Python/51380686/correctVersion.py,data/external/ConDefects/Test/arc167_b,46,3.14.3,True,,,46,ineligible,multiple independent faults
52183821,arc167_b,data/external/ConDefects/Code/arc167_b/Python/52183821/faultyVersion.py,data/external/ConDefects/Code/arc167_b/Python/52183821/correctVersion.py,data/external/ConDefects/Test/arc167_b,23,3.14.3,True,,,23,ineligible,loc < 25 (minimum length floor is 25)
55110212,arc167_b,data/external/ConDefects/Code/arc167_b/Python/55110212/faultyVersion.py,data/external/ConDefects/Code/arc167_b/Python/55110212/correctVersion.py,data/external/ConDefects/Test/arc167_b,31,3.14.3,True,,,31,eligible,
46643252,arc167_e,data/external/ConDefects/Code/arc167_e/Python/46643252/faultyVersion.py,data/external/ConDefects/Code/arc167_e/Python/46643252/correctVersion.py,data/external/ConDefects/Test/arc167_e,21,3.14.3,True,,,21,ineligible,loc < 25 (minimum length floor is 25)
46646029,arc167_e,data/external/ConDefects/Code/arc167_e/Python/46646029/faultyVersion.py,data/external/ConDefects/Code/arc167_e/Python/46646029/correctVersion.py,data/external/ConDefects/Test/arc167_e,16,3.14.3,True,,,16,ineligible,loc < 25 (minimum length floor is 25)
49215452,arc168_a,data/external/ConDefects/Code/arc168_a/Python/49215452/faultyVersion.py,data/external/ConDefects/Code/arc168_a/Python/49215452/correctVersion.py,data/external/ConDefects/Test/arc168_a,18,3.14.3,True,,,18,ineligible,loc < 25 (minimum length floor is 25)
47858758,arc168_b,data/external/ConDefects/Code/arc168_b/Python/47858758/faultyVersion.py,data/external/ConDefects/Code/arc168_b/Python/47858758/correctVersion.py,data/external/ConDefects/Test/arc168_b,23,3.14.3,True,,,23,ineligible,loc < 25 (minimum length floor is 25)
50455727,arc168_b,data/external/ConDefects/Code/arc168_b/Python/50455727/faultyVersion.py,data/external/ConDefects/Code/arc168_b/Python/50455727/correctVersion.py,data/external/ConDefects/Test/arc168_b,18,3.14.3,True,,,18,ineligible,loc < 25 (minimum length floor is 25)
47791112,arc168_d,data/external/ConDefects/Code/arc168_d/Python/47791112/faultyVersion.py,data/external/ConDefects/Code/arc168_d/Python/47791112/correctVersion.py,data/external/ConDefects/Test/arc168_d,41,3.14.3,True,,,41,ineligible,multiple independent faults
47767454,arc168_e,data/external/ConDefects/Code/arc168_e/Python/47767454/faultyVersion.py,data/external/ConDefects/Code/arc168_e/Python/47767454/correctVersion.py,data/external/ConDefects/Test/arc168_e,78,3.14.3,True,,,78,eligible,
54960940,arc170_a,data/external/ConDefects/Code/arc170_a/Python/54960940/faultyVersion.py,data/external/ConDefects/Code/arc170_a/Python/54960940/correctVersion.py,data/external/ConDefects/Test/arc170_a,48,3.14.3,True,,,48,eligible,
49807049,arc170_b,data/external/ConDefects/Code/arc170_b/Python/49807049/faultyVersion.py,data/external/ConDefects/Code/arc170_b/Python/49807049/correctVersion.py,data/external/ConDefects/Test/arc170_b,72,3.14.3,True,,,72,eligible,
50027323,arc170_b,data/external/ConDefects/Code/arc170_b/Python/50027323/faultyVersion.py,data/external/ConDefects/Code/arc170_b/Python/50027323/correctVersion.py,data/external/ConDefects/Test/arc170_b,28,3.14.3,True,,,28,ineligible,multiple independent faults
50477019,arc170_b,data/external/ConDefects/Code/arc170_b/Python/50477019/faultyVersion.py,data/external/ConDefects/Code/arc170_b/Python/50477019/correctVersion.py,data/external/ConDefects/Test/arc170_b,22,3.14.3,True,,,22,ineligible,loc < 25 (minimum length floor is 25)
50713909,arc170_b,data/external/ConDefects/Code/arc170_b/Python/50713909/faultyVersion.py,data/external/ConDefects/Code/arc170_b/Python/50713909/correctVersion.py,data/external/ConDefects/Test/arc170_b,35,3.14.3,True,,,35,ineligible,multiple independent faults
52957349,arc170_b,data/external/ConDefects/Code/arc170_b/Python/52957349/faultyVersion.py,data/external/ConDefects/Code/arc170_b/Python/52957349/correctVersion.py,data/external/ConDefects/Test/arc170_b,14,3.14.3,True,,,14,ineligible,loc < 25 (minimum length floor is 25)
49600906,arc170_c,data/external/ConDefects/Code/arc170_c/Python/49600906/faultyVersion.py,data/external/ConDefects/Code/arc170_c/Python/49600906/correctVersion.py,data/external/ConDefects/Test/arc170_c,49,3.14.3,True,,,49,ineligible,multi-line fault — excluded by v2 single-line filter
50130200,arc170_c,data/external/ConDefects/Code/arc170_c/Python/50130200/faultyVersion.py,data/external/ConDefects/Code/arc170_c/Python/50130200/correctVersion.py,data/external/ConDefects/Test/arc170_c,96,3.14.3,True,,,96,eligible,
51377709,arc170_c,data/external/ConDefects/Code/arc170_c/Python/51377709/faultyVersion.py,data/external/ConDefects/Code/arc170_c/Python/51377709/correctVersion.py,data/external/ConDefects/Test/arc170_c,72,3.14.3,True,,,72,eligible,
52698796,arc170_c,data/external/ConDefects/Code/arc170_c/Python/52698796/faultyVersion.py,data/external/ConDefects/Code/arc170_c/Python/52698796/correctVersion.py,data/external/ConDefects/Test/arc170_c,46,3.14.3,True,,,46,eligible,
49562273,arc170_d,data/external/ConDefects/Code/arc170_d/Python/49562273/faultyVersion.py,data/external/ConDefects/Code/arc170_d/Python/49562273/correctVersion.py,data/external/ConDefects/Test/arc170_d,468,3.14.3,True,,,468,ineligible,loc > 300 (maximum length ceiling is 300)
49565151,arc170_d,data/external/ConDefects/Code/arc170_d/Python/49565151/faultyVersion.py,data/external/ConDefects/Code/arc170_d/Python/49565151/correctVersion.py,data/external/ConDefects/Test/arc170_d,144,3.14.3,True,,,144,eligible,
49588055,arc170_d,data/external/ConDefects/Code/arc170_d/Python/49588055/faultyVersion.py,data/external/ConDefects/Code/arc170_d/Python/49588055/correctVersion.py,data/external/ConDefects/Test/arc170_d,89,3.14.3,True,,,89,eligible,
51436402,arc171_a,data/external/ConDefects/Code/arc171_a/Python/51436402/faultyVersion.py,data/external/ConDefects/Code/arc171_a/Python/51436402/correctVersion.py,data/external/ConDefects/Test/arc171_a,21,3.14.3,True,,,21,ineligible,loc < 25 (minimum length floor is 25)
52479572,arc171_a,data/external/ConDefects/Code/arc171_a/Python/52479572/faultyVersion.py,data/external/ConDefects/Code/arc171_a/Python/52479572/correctVersion.py,data/external/ConDefects/Test/arc171_a,13,3.14.3,True,,,13,ineligible,loc < 25 (minimum length floor is 25)
52986573,arc171_a,data/external/ConDefects/Code/arc171_a/Python/52986573/faultyVersion.py,data/external/ConDefects/Code/arc171_a/Python/52986573/correctVersion.py,data/external/ConDefects/Test/arc171_a,14,3.14.3,True,,,14,ineligible,loc < 25 (minimum length floor is 25)
53564647,arc171_a,data/external/ConDefects/Code/arc171_a/Python/53564647/faultyVersion.py,data/external/ConDefects/Code/arc171_a/Python/53564647/correctVersion.py,data/external/ConDefects/Test/arc171_a,8,3.14.3,True,,,8,ineligible,loc < 25 (minimum length floor is 25)
54529613,arc171_a,data/external/ConDefects/Code/arc171_a/Python/54529613/faultyVersion.py,data/external/ConDefects/Code/arc171_a/Python/54529613/correctVersion.py,data/external/ConDefects/Test/arc171_a,29,3.14.3,True,,,29,ineligible,multi-line fault — excluded by v2 single-line filter
54909908,arc171_a,data/external/ConDefects/Code/arc171_a/Python/54909908/faultyVersion.py,data/external/ConDefects/Code/arc171_a/Python/54909908/correctVersion.py,data/external/ConDefects/Test/arc171_a,14,3.14.3,True,,,14,ineligible,loc < 25 (minimum length floor is 25)
55000897,arc171_a,data/external/ConDefects/Code/arc171_a/Python/55000897/faultyVersion.py,data/external/ConDefects/Code/arc171_a/Python/55000897/correctVersion.py,data/external/ConDefects/Test/arc171_a,26,3.14.3,True,,,26,eligible,
50078211,arc171_b,data/external/ConDefects/Code/arc171_b/Python/50078211/faultyVersion.py,data/external/ConDefects/Code/arc171_b/Python/50078211/correctVersion.py,data/external/ConDefects/Test/arc171_b,34,3.14.3,True,,,34,eligible,
50136893,arc171_b,data/external/ConDefects/Code/arc171_b/Python/50136893/faultyVersion.py,data/external/ConDefects/Code/arc171_b/Python/50136893/correctVersion.py,data/external/ConDefects/Test/arc171_b,33,3.14.3,True,,,33,eligible,
51120581,arc171_b,data/external/ConDefects/Code/arc171_b/Python/51120581/faultyVersion.py,data/external/ConDefects/Code/arc171_b/Python/51120581/correctVersion.py,data/external/ConDefects/Test/arc171_b,611,3.14.3,True,,,611,ineligible,loc > 300 (maximum length ceiling is 300)
50011378,arc171_c,data/external/ConDefects/Code/arc171_c/Python/50011378/faultyVersion.py,data/external/ConDefects/Code/arc171_c/Python/50011378/correctVersion.py,data/external/ConDefects/Test/arc171_c,440,3.14.3,True,,,440,ineligible,loc > 300 (maximum length ceiling is 300)
50019081,arc171_c,data/external/ConDefects/Code/arc171_c/Python/50019081/faultyVersion.py,data/external/ConDefects/Code/arc171_c/Python/50019081/correctVersion.py,data/external/ConDefects/Test/arc171_c,506,3.14.3,True,,,506,ineligible,loc > 300 (maximum length ceiling is 300)
50018799,arc171_d,data/external/ConDefects/Code/arc171_d/Python/50018799/faultyVersion.py,data/external/ConDefects/Code/arc171_d/Python/50018799/correctVersion.py,data/external/ConDefects/Test/arc171_d,65,3.14.3,True,,,65,eligible,
50321760,arc171_d,data/external/ConDefects/Code/arc171_d/Python/50321760/faultyVersion.py,data/external/ConDefects/Code/arc171_d/Python/50321760/correctVersion.py,data/external/ConDefects/Test/arc171_d,29,3.14.3,True,,,29,ineligible,multiple independent faults
50985599,arc171_d,data/external/ConDefects/Code/arc171_d/Python/50985599/faultyVersion.py,data/external/ConDefects/Code/arc171_d/Python/50985599/correctVersion.py,data/external/ConDefects/Test/arc171_d,24,3.14.3,True,,,24,ineligible,loc < 25 (minimum length floor is 25)
51665861,arc171_d,data/external/ConDefects/Code/arc171_d/Python/51665861/faultyVersion.py,data/external/ConDefects/Code/arc171_d/Python/51665861/correctVersion.py,data/external/ConDefects/Test/arc171_d,30,3.14.3,True,,,30,eligible,
51114493,arc172_a,data/external/ConDefects/Code/arc172_a/Python/51114493/faultyVersion.py,data/external/ConDefects/Code/arc172_a/Python/51114493/correctVersion.py,data/external/ConDefects/Test/arc172_a,16,3.14.3,True,,,16,ineligible,loc < 25 (minimum length floor is 25)
51434027,arc172_a,data/external/ConDefects/Code/arc172_a/Python/51434027/faultyVersion.py,data/external/ConDefects/Code/arc172_a/Python/51434027/correctVersion.py,data/external/ConDefects/Test/arc172_a,19,3.14.3,True,,,19,ineligible,loc < 25 (minimum length floor is 25)
51757032,arc172_a,data/external/ConDefects/Code/arc172_a/Python/51757032/faultyVersion.py,data/external/ConDefects/Code/arc172_a/Python/51757032/correctVersion.py,data/external/ConDefects/Test/arc172_a,22,3.14.3,True,,,22,ineligible,loc < 25 (minimum length floor is 25)
52510372,arc172_a,data/external/ConDefects/Code/arc172_a/Python/52510372/faultyVersion.py,data/external/ConDefects/Code/arc172_a/Python/52510372/correctVersion.py,data/external/ConDefects/Test/arc172_a,48,3.14.3,True,,,48,ineligible,multiple independent faults
54670313,arc172_a,data/external/ConDefects/Code/arc172_a/Python/54670313/faultyVersion.py,data/external/ConDefects/Code/arc172_a/Python/54670313/correctVersion.py,data/external/ConDefects/Test/arc172_a,16,3.14.3,True,,,16,ineligible,loc < 25 (minimum length floor is 25)
50474956,arc172_b,data/external/ConDefects/Code/arc172_b/Python/50474956/faultyVersion.py,data/external/ConDefects/Code/arc172_b/Python/50474956/correctVersion.py,data/external/ConDefects/Test/arc172_b,50,3.14.3,True,,,50,eligible,
51109428,arc172_b,data/external/ConDefects/Code/arc172_b/Python/51109428/faultyVersion.py,data/external/ConDefects/Code/arc172_b/Python/51109428/correctVersion.py,data/external/ConDefects/Test/arc172_b,13,3.14.3,True,,,13,ineligible,loc < 25 (minimum length floor is 25)
51141760,arc172_c,data/external/ConDefects/Code/arc172_c/Python/51141760/faultyVersion.py,data/external/ConDefects/Code/arc172_c/Python/51141760/correctVersion.py,data/external/ConDefects/Test/arc172_c,37,3.14.3,True,,,37,eligible,
51750768,arc173_a,data/external/ConDefects/Code/arc173_a/Python/51750768/faultyVersion.py,data/external/ConDefects/Code/arc173_a/Python/51750768/correctVersion.py,data/external/ConDefects/Test/arc173_a,57,3.14.3,True,,,57,eligible,
53255887,arc173_a,data/external/ConDefects/Code/arc173_a/Python/53255887/faultyVersion.py,data/external/ConDefects/Code/arc173_a/Python/53255887/correctVersion.py,data/external/ConDefects/Test/arc173_a,45,3.14.3,True,,,45,eligible,
53665831,arc173_a,data/external/ConDefects/Code/arc173_a/Python/53665831/faultyVersion.py,data/external/ConDefects/Code/arc173_a/Python/53665831/correctVersion.py,data/external/ConDefects/Test/arc173_a,49,3.14.3,True,,,49,eligible,
53784013,arc173_a,data/external/ConDefects/Code/arc173_a/Python/53784013/faultyVersion.py,data/external/ConDefects/Code/arc173_a/Python/53784013/correctVersion.py,data/external/ConDefects/Test/arc173_a,43,3.14.3,True,,,43,eligible,
54010856,arc173_a,data/external/ConDefects/Code/arc173_a/Python/54010856/faultyVersion.py,data/external/ConDefects/Code/arc173_a/Python/54010856/correctVersion.py,data/external/ConDefects/Test/arc173_a,34,3.14.3,True,,,34,eligible,
51157170,arc173_b,data/external/ConDefects/Code/arc173_b/Python/51157170/faultyVersion.py,data/external/ConDefects/Code/arc173_b/Python/51157170/correctVersion.py,data/external/ConDefects/Test/arc173_b,129,3.14.3,True,,,129,eligible,
51168394,arc173_b,data/external/ConDefects/Code/arc173_b/Python/51168394/faultyVersion.py,data/external/ConDefects/Code/arc173_b/Python/51168394/correctVersion.py,data/external/ConDefects/Test/arc173_b,20,3.14.3,True,,,20,ineligible,loc < 25 (minimum length floor is 25)
51178140,arc173_b,data/external/ConDefects/Code/arc173_b/Python/51178140/faultyVersion.py,data/external/ConDefects/Code/arc173_b/Python/51178140/correctVersion.py,data/external/ConDefects/Test/arc173_b,38,3.14.3,True,,,38,eligible,
52906431,arc173_b,data/external/ConDefects/Code/arc173_b/Python/52906431/faultyVersion.py,data/external/ConDefects/Code/arc173_b/Python/52906431/correctVersion.py,data/external/ConDefects/Test/arc173_b,28,3.14.3,True,,,28,eligible,
51137292,arc173_c,data/external/ConDefects/Code/arc173_c/Python/51137292/faultyVersion.py,data/external/ConDefects/Code/arc173_c/Python/51137292/correctVersion.py,data/external/ConDefects/Test/arc173_c,314,3.14.3,True,,,314,ineligible,loc > 300 (maximum length ceiling is 300)
51460321,arc173_c,data/external/ConDefects/Code/arc173_c/Python/51460321/faultyVersion.py,data/external/ConDefects/Code/arc173_c/Python/51460321/correctVersion.py,data/external/ConDefects/Test/arc173_c,59,3.14.3,True,,,59,eligible,
52512786,arc173_d,data/external/ConDefects/Code/arc173_d/Python/52512786/faultyVersion.py,data/external/ConDefects/Code/arc173_d/Python/52512786/correctVersion.py,data/external/ConDefects/Test/arc173_d,30,3.14.3,True,,,30,ineligible,multi-line fault — excluded by v2 single-line filter
51134374,arc173_e,data/external/ConDefects/Code/arc173_e/Python/51134374/faultyVersion.py,data/external/ConDefects/Code/arc173_e/Python/51134374/correctVersion.py,data/external/ConDefects/Test/arc173_e,100,3.14.3,True,,,100,eligible,
51138423,arc173_e,data/external/ConDefects/Code/arc173_e/Python/51138423/faultyVersion.py,data/external/ConDefects/Code/arc173_e/Python/51138423/correctVersion.py,data/external/ConDefects/Test/arc173_e,69,3.14.3,True,,,69,eligible,
53524573,arc174_a,data/external/ConDefects/Code/arc174_a/Python/53524573/faultyVersion.py,data/external/ConDefects/Code/arc174_a/Python/53524573/correctVersion.py,data/external/ConDefects/Test/arc174_a,22,3.14.3,True,,,22,ineligible,loc < 25 (minimum length floor is 25)
54196806,arc174_a,data/external/ConDefects/Code/arc174_a/Python/54196806/faultyVersion.py,data/external/ConDefects/Code/arc174_a/Python/54196806/correctVersion.py,data/external/ConDefects/Test/arc174_a,26,3.14.3,True,,,26,eligible,
51471469,arc174_b,data/external/ConDefects/Code/arc174_b/Python/51471469/faultyVersion.py,data/external/ConDefects/Code/arc174_b/Python/51471469/correctVersion.py,data/external/ConDefects/Test/arc174_b,18,3.14.3,True,,,18,ineligible,loc < 25 (minimum length floor is 25)
51473065,arc174_b,data/external/ConDefects/Code/arc174_b/Python/51473065/faultyVersion.py,data/external/ConDefects/Code/arc174_b/Python/51473065/correctVersion.py,data/external/ConDefects/Test/arc174_b,20,3.14.3,True,,,20,ineligible,loc < 25 (minimum length floor is 25)
51500083,arc174_b,data/external/ConDefects/Code/arc174_b/Python/51500083/faultyVersion.py,data/external/ConDefects/Code/arc174_b/Python/51500083/correctVersion.py,data/external/ConDefects/Test/arc174_b,70,3.14.3,True,,,70,eligible,
51697010,arc174_b,data/external/ConDefects/Code/arc174_b/Python/51697010/faultyVersion.py,data/external/ConDefects/Code/arc174_b/Python/51697010/correctVersion.py,data/external/ConDefects/Test/arc174_b,18,3.14.3,True,,,18,ineligible,loc < 25 (minimum length floor is 25)
52256842,arc174_b,data/external/ConDefects/Code/arc174_b/Python/52256842/faultyVersion.py,data/external/ConDefects/Code/arc174_b/Python/52256842/correctVersion.py,data/external/ConDefects/Test/arc174_b,17,3.14.3,True,,,17,ineligible,loc < 25 (minimum length floor is 25)
52291293,arc174_b,data/external/ConDefects/Code/arc174_b/Python/52291293/faultyVersion.py,data/external/ConDefects/Code/arc174_b/Python/52291293/correctVersion.py,data/external/ConDefects/Test/arc174_b,13,3.14.3,True,,,13,ineligible,loc < 25 (minimum length floor is 25)
53660002,arc174_b,data/external/ConDefects/Code/arc174_b/Python/53660002/faultyVersion.py,data/external/ConDefects/Code/arc174_b/Python/53660002/correctVersion.py,data/external/ConDefects/Test/arc174_b,61,3.14.3,True,,,61,eligible,
51488503,arc174_c,data/external/ConDefects/Code/arc174_c/Python/51488503/faultyVersion.py,data/external/ConDefects/Code/arc174_c/Python/51488503/correctVersion.py,data/external/ConDefects/Test/arc174_c,83,3.14.3,True,,,83,ineligible,multiple independent faults
54909674,arc174_c,data/external/ConDefects/Code/arc174_c/Python/54909674/faultyVersion.py,data/external/ConDefects/Code/arc174_c/Python/54909674/correctVersion.py,data/external/ConDefects/Test/arc174_c,22,3.14.3,True,,,22,ineligible,loc < 25 (minimum length floor is 25)
51409995,arc174_d,data/external/ConDefects/Code/arc174_d/Python/51409995/faultyVersion.py,data/external/ConDefects/Code/arc174_d/Python/51409995/correctVersion.py,data/external/ConDefects/Test/arc174_d,13,3.14.3,True,,,13,ineligible,loc < 25 (minimum length floor is 25)
51974716,arc174_d,data/external/ConDefects/Code/arc174_d/Python/51974716/faultyVersion.py,data/external/ConDefects/Code/arc174_d/Python/51974716/correctVersion.py,data/external/ConDefects/Test/arc174_d,18,3.14.3,True,,,18,ineligible,loc < 25 (minimum length floor is 25)
51394983,arc174_e,data/external/ConDefects/Code/arc174_e/Python/51394983/faultyVersion.py,data/external/ConDefects/Code/arc174_e/Python/51394983/correctVersion.py,data/external/ConDefects/Test/arc174_e,324,3.14.3,True,,,324,ineligible,loc > 300 (maximum length ceiling is 300)
51898575,arc175_a,data/external/ConDefects/Code/arc175_a/Python/51898575/faultyVersion.py,data/external/ConDefects/Code/arc175_a/Python/51898575/correctVersion.py,data/external/ConDefects/Test/arc175_a,29,3.14.3,True,,,29,eligible,
52650326,arc175_a,data/external/ConDefects/Code/arc175_a/Python/52650326/faultyVersion.py,data/external/ConDefects/Code/arc175_a/Python/52650326/correctVersion.py,data/external/ConDefects/Test/arc175_a,56,3.14.3,True,,,56,eligible,
52661518,arc175_a,data/external/ConDefects/Code/arc175_a/Python/52661518/faultyVersion.py,data/external/ConDefects/Code/arc175_a/Python/52661518/correctVersion.py,data/external/ConDefects/Test/arc175_a,29,3.14.3,True,,,29,eligible,
52999116,arc175_a,data/external/ConDefects/Code/arc175_a/Python/52999116/faultyVersion.py,data/external/ConDefects/Code/arc175_a/Python/52999116/correctVersion.py,data/external/ConDefects/Test/arc175_a,54,3.14.3,True,,,54,eligible,
53404790,arc175_a,data/external/ConDefects/Code/arc175_a/Python/53404790/faultyVersion.py,data/external/ConDefects/Code/arc175_a/Python/53404790/correctVersion.py,data/external/ConDefects/Test/arc175_a,22,3.14.3,True,,,22,ineligible,loc < 25 (minimum length floor is 25)
51713549,arc175_b,data/external/ConDefects/Code/arc175_b/Python/51713549/faultyVersion.py,data/external/ConDefects/Code/arc175_b/Python/51713549/correctVersion.py,data/external/ConDefects/Test/arc175_b,46,3.14.3,True,,,46,eligible,
51749871,arc175_b,data/external/ConDefects/Code/arc175_b/Python/51749871/faultyVersion.py,data/external/ConDefects/Code/arc175_b/Python/51749871/correctVersion.py,data/external/ConDefects/Test/arc175_b,45,3.14.3,True,,,45,eligible,
51792735,arc175_b,data/external/ConDefects/Code/arc175_b/Python/51792735/faultyVersion.py,data/external/ConDefects/Code/arc175_b/Python/51792735/correctVersion.py,data/external/ConDefects/Test/arc175_b,41,3.14.3,True,,,41,eligible,
51933297,arc175_b,data/external/ConDefects/Code/arc175_b/Python/51933297/faultyVersion.py,data/external/ConDefects/Code/arc175_b/Python/51933297/correctVersion.py,data/external/ConDefects/Test/arc175_b,176,3.14.3,True,,,176,eligible,
52484583,arc175_b,data/external/ConDefects/Code/arc175_b/Python/52484583/faultyVersion.py,data/external/ConDefects/Code/arc175_b/Python/52484583/correctVersion.py,data/external/ConDefects/Test/arc175_b,29,3.14.3,True,,,29,eligible,
52710253,arc175_b,data/external/ConDefects/Code/arc175_b/Python/52710253/faultyVersion.py,data/external/ConDefects/Code/arc175_b/Python/52710253/correctVersion.py,data/external/ConDefects/Test/arc175_b,40,3.14.3,True,,,40,eligible,
53758611,arc175_b,data/external/ConDefects/Code/arc175_b/Python/53758611/faultyVersion.py,data/external/ConDefects/Code/arc175_b/Python/53758611/correctVersion.py,data/external/ConDefects/Test/arc175_b,29,3.14.3,True,,,29,eligible,
51662167,arc175_c,data/external/ConDefects/Code/arc175_c/Python/51662167/faultyVersion.py,data/external/ConDefects/Code/arc175_c/Python/51662167/correctVersion.py,data/external/ConDefects/Test/arc175_c,112,3.14.3,True,,,112,eligible,
51756772,arc175_c,data/external/ConDefects/Code/arc175_c/Python/51756772/faultyVersion.py,data/external/ConDefects/Code/arc175_c/Python/51756772/correctVersion.py,data/external/ConDefects/Test/arc175_c,24,3.14.3,True,,,24,ineligible,loc < 25 (minimum length floor is 25)
53001483,arc175_c,data/external/ConDefects/Code/arc175_c/Python/53001483/faultyVersion.py,data/external/ConDefects/Code/arc175_c/Python/53001483/correctVersion.py,data/external/ConDefects/Test/arc175_c,62,3.14.3,True,,,62,eligible,
54525913,arc175_c,data/external/ConDefects/Code/arc175_c/Python/54525913/faultyVersion.py,data/external/ConDefects/Code/arc175_c/Python/54525913/correctVersion.py,data/external/ConDefects/Test/arc175_c,446,3.14.3,True,,,446,ineligible,loc > 300 (maximum length ceiling is 300)
51662439,arc175_d,data/external/ConDefects/Code/arc175_d/Python/51662439/faultyVersion.py,data/external/ConDefects/Code/arc175_d/Python/51662439/correctVersion.py,data/external/ConDefects/Test/arc175_d,56,3.14.3,True,,,56,eligible,
51694704,arc175_d,data/external/ConDefects/Code/arc175_d/Python/51694704/faultyVersion.py,data/external/ConDefects/Code/arc175_d/Python/51694704/correctVersion.py,data/external/ConDefects/Test/arc175_d,80,3.14.3,True,,,80,ineligible,multi-line fault — excluded by v2 single-line filter
51701679,arc175_d,data/external/ConDefects/Code/arc175_d/Python/51701679/faultyVersion.py,data/external/ConDefects/Code/arc175_d/Python/51701679/correctVersion.py,data/external/ConDefects/Test/arc175_d,68,3.14.3,True,,,68,eligible,
52191885,arc175_d,data/external/ConDefects/Code/arc175_d/Python/52191885/faultyVersion.py,data/external/ConDefects/Code/arc175_d/Python/52191885/correctVersion.py,data/external/ConDefects/Test/arc175_d,53,3.14.3,True,,,53,eligible,
51661723,arc175_e,data/external/ConDefects/Code/arc175_e/Python/51661723/faultyVersion.py,data/external/ConDefects/Code/arc175_e/Python/51661723/correctVersion.py,data/external/ConDefects/Test/arc175_e,9,3.14.3,True,,,9,ineligible,loc < 25 (minimum length floor is 25)
53516629,arc176_a,data/external/ConDefects/Code/arc176_a/Python/53516629/faultyVersion.py,data/external/ConDefects/Code/arc176_a/Python/53516629/correctVersion.py,data/external/ConDefects/Test/arc176_a,22,3.14.3,True,,,22,ineligible,loc < 25 (minimum length floor is 25)
53542158,arc176_a,data/external/ConDefects/Code/arc176_a/Python/53542158/faultyVersion.py,data/external/ConDefects/Code/arc176_a/Python/53542158/correctVersion.py,data/external/ConDefects/Test/arc176_a,14,3.14.3,True,,,14,ineligible,loc < 25 (minimum length floor is 25)
53668393,arc176_a,data/external/ConDefects/Code/arc176_a/Python/53668393/faultyVersion.py,data/external/ConDefects/Code/arc176_a/Python/53668393/correctVersion.py,data/external/ConDefects/Test/arc176_a,39,3.14.3,True,,,39,eligible,
55031190,arc176_a,data/external/ConDefects/Code/arc176_a/Python/55031190/faultyVersion.py,data/external/ConDefects/Code/arc176_a/Python/55031190/correctVersion.py,data/external/ConDefects/Test/arc176_a,29,3.14.3,True,,,29,eligible,
55106959,arc176_a,data/external/ConDefects/Code/arc176_a/Python/55106959/faultyVersion.py,data/external/ConDefects/Code/arc176_a/Python/55106959/correctVersion.py,data/external/ConDefects/Test/arc176_a,23,3.14.3,True,,,23,ineligible,loc < 25 (minimum length floor is 25)
53249661,arc176_b,data/external/ConDefects/Code/arc176_b/Python/53249661/faultyVersion.py,data/external/ConDefects/Code/arc176_b/Python/53249661/correctVersion.py,data/external/ConDefects/Test/arc176_b,10,3.14.3,True,,,10,ineligible,loc < 25 (minimum length floor is 25)
53269328,arc176_b,data/external/ConDefects/Code/arc176_b/Python/53269328/faultyVersion.py,data/external/ConDefects/Code/arc176_b/Python/53269328/correctVersion.py,data/external/ConDefects/Test/arc176_b,13,3.14.3,True,,,13,ineligible,loc < 25 (minimum length floor is 25)
53411571,arc176_b,data/external/ConDefects/Code/arc176_b/Python/53411571/faultyVersion.py,data/external/ConDefects/Code/arc176_b/Python/53411571/correctVersion.py,data/external/ConDefects/Test/arc176_b,34,3.14.3,True,,,34,ineligible,multi-line fault — excluded by v2 single-line filter
53698323,arc176_b,data/external/ConDefects/Code/arc176_b/Python/53698323/faultyVersion.py,data/external/ConDefects/Code/arc176_b/Python/53698323/correctVersion.py,data/external/ConDefects/Test/arc176_b,17,3.14.3,True,,,17,ineligible,loc < 25 (minimum length floor is 25)
53761488,arc176_b,data/external/ConDefects/Code/arc176_b/Python/53761488/faultyVersion.py,data/external/ConDefects/Code/arc176_b/Python/53761488/correctVersion.py,data/external/ConDefects/Test/arc176_b,12,3.14.3,True,,,12,ineligible,loc < 25 (minimum length floor is 25)
54752998,arc176_b,data/external/ConDefects/Code/arc176_b/Python/54752998/faultyVersion.py,data/external/ConDefects/Code/arc176_b/Python/54752998/correctVersion.py,data/external/ConDefects/Test/arc176_b,19,3.14.3,True,,,19,ineligible,loc < 25 (minimum length floor is 25)
52671232,arc176_d,data/external/ConDefects/Code/arc176_d/Python/52671232/faultyVersion.py,data/external/ConDefects/Code/arc176_d/Python/52671232/correctVersion.py,data/external/ConDefects/Test/arc176_d,155,3.14.3,True,,,155,eligible,
52672133,arc176_d,data/external/ConDefects/Code/arc176_d/Python/52672133/faultyVersion.py,data/external/ConDefects/Code/arc176_d/Python/52672133/correctVersion.py,data/external/ConDefects/Test/arc176_d,4,3.14.3,True,,,4,ineligible,loc < 25 (minimum length floor is 25)
52897913,arc176_d,data/external/ConDefects/Code/arc176_d/Python/52897913/faultyVersion.py,data/external/ConDefects/Code/arc176_d/Python/52897913/correctVersion.py,data/external/ConDefects/Test/arc176_d,109,3.14.3,True,,,109,ineligible,multiple independent faults
53706270,arc177_a,data/external/ConDefects/Code/arc177_a/Python/53706270/faultyVersion.py,data/external/ConDefects/Code/arc177_a/Python/53706270/correctVersion.py,data/external/ConDefects/Test/arc177_a,30,3.14.3,True,,,30,eligible,
53803564,arc177_a,data/external/ConDefects/Code/arc177_a/Python/53803564/faultyVersion.py,data/external/ConDefects/Code/arc177_a/Python/53803564/correctVersion.py,data/external/ConDefects/Test/arc177_a,24,3.14.3,True,,,24,ineligible,loc < 25 (minimum length floor is 25)
53558819,arc177_b,data/external/ConDefects/Code/arc177_b/Python/53558819/faultyVersion.py,data/external/ConDefects/Code/arc177_b/Python/53558819/correctVersion.py,data/external/ConDefects/Test/arc177_b,10,3.14.3,True,,,10,ineligible,loc < 25 (minimum length floor is 25)
53566689,arc177_b,data/external/ConDefects/Code/arc177_b/Python/53566689/faultyVersion.py,data/external/ConDefects/Code/arc177_b/Python/53566689/correctVersion.py,data/external/ConDefects/Test/arc177_b,15,3.14.3,True,,,15,ineligible,loc < 25 (minimum length floor is 25)
54054467,arc177_b,data/external/ConDefects/Code/arc177_b/Python/54054467/faultyVersion.py,data/external/ConDefects/Code/arc177_b/Python/54054467/correctVersion.py,data/external/ConDefects/Test/arc177_b,16,3.14.3,True,,,16,ineligible,loc < 25 (minimum length floor is 25)
53430198,arc177_d,data/external/ConDefects/Code/arc177_d/Python/53430198/faultyVersion.py,data/external/ConDefects/Code/arc177_d/Python/53430198/correctVersion.py,data/external/ConDefects/Test/arc177_d,195,3.14.3,True,,,195,ineligible,multi-line fault — excluded by v2 single-line filter
53453584,arc177_d,data/external/ConDefects/Code/arc177_d/Python/53453584/faultyVersion.py,data/external/ConDefects/Code/arc177_d/Python/53453584/correctVersion.py,data/external/ConDefects/Test/arc177_d,972,3.14.3,True,,,972,ineligible,loc > 300 (maximum length ceiling is 300)
54236460,arc178_b,data/external/ConDefects/Code/arc178_b/Python/54236460/faultyVersion.py,data/external/ConDefects/Code/arc178_b/Python/54236460/correctVersion.py,data/external/ConDefects/Test/arc178_b,38,3.14.3,True,,,38,eligible,
54290534,arc178_b,data/external/ConDefects/Code/arc178_b/Python/54290534/faultyVersion.py,data/external/ConDefects/Code/arc178_b/Python/54290534/correctVersion.py,data/external/ConDefects/Test/arc178_b,34,3.14.3,True,,,34,eligible,
53727508,arc178_c,data/external/ConDefects/Code/arc178_c/Python/53727508/faultyVersion.py,data/external/ConDefects/Code/arc178_c/Python/53727508/correctVersion.py,data/external/ConDefects/Test/arc178_c,15,3.14.3,True,,,15,ineligible,loc < 25 (minimum length floor is 25)
53680716,arc178_d,data/external/ConDefects/Code/arc178_d/Python/53680716/faultyVersion.py,data/external/ConDefects/Code/arc178_d/Python/53680716/correctVersion.py,data/external/ConDefects/Test/arc178_d,93,3.14.3,True,,,93,eligible,
54763731,arc179_a,data/external/ConDefects/Code/arc179_a/Python/54763731/faultyVersion.py,data/external/ConDefects/Code/arc179_a/Python/54763731/correctVersion.py,data/external/ConDefects/Test/arc179_a,18,3.14.3,True,,,18,ineligible,loc < 25 (minimum length floor is 25)
54889248,arc179_a,data/external/ConDefects/Code/arc179_a/Python/54889248/faultyVersion.py,data/external/ConDefects/Code/arc179_a/Python/54889248/correctVersion.py,data/external/ConDefects/Test/arc179_a,39,3.14.3,True,,,39,eligible,
54940318,arc179_a,data/external/ConDefects/Code/arc179_a/Python/54940318/faultyVersion.py,data/external/ConDefects/Code/arc179_a/Python/54940318/correctVersion.py,data/external/ConDefects/Test/arc179_a,17,3.14.3,True,,,17,ineligible,loc < 25 (minimum length floor is 25)
54967532,arc179_a,data/external/ConDefects/Code/arc179_a/Python/54967532/faultyVersion.py,data/external/ConDefects/Code/arc179_a/Python/54967532/correctVersion.py,data/external/ConDefects/Test/arc179_a,14,3.14.3,True,,,14,ineligible,loc < 25 (minimum length floor is 25)
55011877,arc179_a,data/external/ConDefects/Code/arc179_a/Python/55011877/faultyVersion.py,data/external/ConDefects/Code/arc179_a/Python/55011877/correctVersion.py,data/external/ConDefects/Test/arc179_a,49,3.14.3,True,,,49,eligible,
54187921,arc179_b,data/external/ConDefects/Code/arc179_b/Python/54187921/faultyVersion.py,data/external/ConDefects/Code/arc179_b/Python/54187921/correctVersion.py,data/external/ConDefects/Test/arc179_b,41,3.14.3,True,,,41,eligible,
54190165,arc179_b,data/external/ConDefects/Code/arc179_b/Python/54190165/faultyVersion.py,data/external/ConDefects/Code/arc179_b/Python/54190165/correctVersion.py,data/external/ConDefects/Test/arc179_b,40,3.14.3,True,,,40,eligible,
54198315,arc179_b,data/external/ConDefects/Code/arc179_b/Python/54198315/faultyVersion.py,data/external/ConDefects/Code/arc179_b/Python/54198315/correctVersion.py,data/external/ConDefects/Test/arc179_b,23,3.14.3,True,,,23,ineligible,loc < 25 (minimum length floor is 25)
54728093,arc179_b,data/external/ConDefects/Code/arc179_b/Python/54728093/faultyVersion.py,data/external/ConDefects/Code/arc179_b/Python/54728093/correctVersion.py,data/external/ConDefects/Test/arc179_b,23,3.14.3,True,,,23,ineligible,loc < 25 (minimum length floor is 25)
54184092,arc179_d,data/external/ConDefects/Code/arc179_d/Python/54184092/faultyVersion.py,data/external/ConDefects/Code/arc179_d/Python/54184092/correctVersion.py,data/external/ConDefects/Test/arc179_d,92,3.14.3,True,,,92,eligible,
55032077,arc180_a,data/external/ConDefects/Code/arc180_a/Python/55032077/faultyVersion.py,data/external/ConDefects/Code/arc180_a/Python/55032077/correctVersion.py,data/external/ConDefects/Test/arc180_a,30,3.14.3,True,,,30,ineligible,multiple independent faults
55032207,arc180_a,data/external/ConDefects/Code/arc180_a/Python/55032207/faultyVersion.py,data/external/ConDefects/Code/arc180_a/Python/55032207/correctVersion.py,data/external/ConDefects/Test/arc180_a,12,3.14.3,True,,,12,ineligible,loc < 25 (minimum length floor is 25)
55121294,arc180_a,data/external/ConDefects/Code/arc180_a/Python/55121294/faultyVersion.py,data/external/ConDefects/Code/arc180_a/Python/55121294/correctVersion.py,data/external/ConDefects/Test/arc180_a,16,3.14.3,True,,,16,ineligible,loc < 25 (minimum length floor is 25)
55028160,arc180_b,data/external/ConDefects/Code/arc180_b/Python/55028160/faultyVersion.py,data/external/ConDefects/Code/arc180_b/Python/55028160/correctVersion.py,data/external/ConDefects/Test/arc180_b,37,3.14.3,True,,,37,eligible,
55029920,arc180_b,data/external/ConDefects/Code/arc180_b/Python/55029920/faultyVersion.py,data/external/ConDefects/Code/arc180_b/Python/55029920/correctVersion.py,data/external/ConDefects/Test/arc180_b,17,3.14.3,True,,,17,ineligible,loc < 25 (minimum length floor is 25)
55021276,arc180_c,data/external/ConDefects/Code/arc180_c/Python/55021276/faultyVersion.py,data/external/ConDefects/Code/arc180_c/Python/55021276/correctVersion.py,data/external/ConDefects/Test/arc180_c,26,3.14.3,True,,,26,eligible,
