program_id,task_id,diff_hunks,changed_buggy_lines,decision,faulty_lines,exclusion_reason,justification,timestamp
40898300,abc221_f,1,[84],include,[84],,Single-line fix: altered operator/operand/bound/index per GROUND_TRUTH_PROTOCOL.md §3,2026-09-10T18:05:00+00:00
45225814,abc221_f,1,[50],include,[50],,Single-line fix: altered operator/operand/bound/index per GROUND_TRUTH_PROTOCOL.md §3,2026-09-10T18:05:00+00:00
26339941,abc221_g,1,[18],include,[18],,Single-line fix: altered operator/operand/bound/index per GROUND_TRUTH_PROTOCOL.md §3,2026-09-10T18:05:00+00:00
26320903,abc221_h,1,[27],include,[27],,Single-line fix: altered operator/operand/bound/index per GROUND_TRUTH_PROTOCOL.md §3,2026-09-10T18:05:00+00:00
26785022,abc221_h,1,[19],include,[19],,Single-line fix: altered operator/operand/bound/index per GROUND_TRUTH_PROTOCOL.md §3,2026-09-10T18:05:00+00:00
45118973,abc222_g,1,[64],include,[64],,Single-line fix: altered operator/operand/bound/index per GROUND_TRUTH_PROTOCOL.md §3,2026-09-10T18:05:00+00:00
45276473,abc222_g,2,[],exclude,[],multiple independent faults,Multi-hunk fix per GROUND_TRUTH_PROTOCOL.md §3,2026-09-10T18:05:00+00:00
49217735,abc222_g,1,[8],include,[8],,Single-line fix: altered operator/operand/bound/index per GROUND_TRUTH_PROTOCOL.md §3,2026-09-10T18:05:00+00:00
50712644,abc222_g,1,[],exclude,[],multi-line fault — excluded by v2 single-line filter,Multi-line fix or insertion/deletion per GROUND_TRUTH_PROTOCOL.md §3,2026-09-10T18:05:00+00:00
45718110,abc223_d,2,[],exclude,[],multiple independent faults,Multi-hunk fix per GROUND_TRUTH_PROTOCOL.md §3,2026-09-10T18:05:00+00:00
45783590,abc223_d,1,[27],include,[27],,Single-line fix: altered operator/operand/bound/index per GROUND_TRUTH_PROTOCOL.md §3,2026-09-10T18:05:00+00:00
49036505,abc223_e,1,[14],include,[14],,Single-line fix: altered operator/operand/bound/index per GROUND_TRUTH_PROTOCOL.md §3,2026-09-10T18:05:00+00:00
52933845,abc223_e,2,"[19, 21]",exclude,[],multiple independent faults,Multi-hunk fix per GROUND_TRUTH_PROTOCOL.md §3,2026-09-10T18:05:00+00:00
53250614,abc223_e,1,[92],include,[92],,Single-line fix: altered operator/operand/bound/index per GROUND_TRUTH_PROTOCOL.md §3,2026-09-10T18:05:00+00:00
53648866,abc223_e,1,[23],include,[23],,Single-line fix: altered operator/operand/bound/index per GROUND_TRUTH_PROTOCOL.md §3,2026-09-10T18:05:00+00:00
45728797,abc223_f,1,[20],include,[20],,Single-line fix: altered operator/operand/bound/index per GROUND_TRUTH_PROTOCOL.md §3,2026-09-10T18:05:00+00:00
46212630,abc223_f,2,[52],exclude,[],multiple independent faults,Multi-hunk fix per GROUND_TRUTH_PROTOCOL.md §3,2026-09-10T18:05:00+00:00
45319303,abc223_g,2,"[66, 77, 78]",exclude,[],multiple independent faults,Multi-hunk fix per GROUND_TRUTH_PROTOCOL.md §3,2026-09-10T18:05:00+00:00
26668974,abc223_h,1,[58],include,[58],,Single-line fix: altered operator/operand/bound/index per GROUND_TRUTH_PROTOCOL.md §3,2026-09-10T18:05:00+00:00
44885115,abc224_d,1,[39],include,[39],,Single-line fix: altered operator/operand/bound/index per GROUND_TRUTH_PROTOCOL.md §3,2026-09-10T18:05:00+00:00
51168884,abc224_f,1,[46],include,[46],,Single-line fix: altered operator/operand/bound/index per GROUND_TRUTH_PROTOCOL.md §3,2026-09-10T18:05:00+00:00
27132818,abc224_g,1,[19],include,[19],,Single-line fix: altered operator/operand/bound/index per GROUND_TRUTH_PROTOCOL.md §3,2026-09-10T18:05:00+00:00
28236524,abc224_g,1,[6],include,[6],,Single-line fix: altered operator/operand/bound/index per GROUND_TRUTH_PROTOCOL.md §3,2026-09-10T18:05:00+00:00
32872217,abc224_g,1,[21],include,[21],,Single-line fix: altered operator/operand/bound/index per GROUND_TRUTH_PROTOCOL.md §3,2026-09-10T18:05:00+00:00
44416948,abc225_c,1,[],exclude,[],multi-line fault — excluded by v2 single-line filter,Multi-line fix or insertion/deletion per GROUND_TRUTH_PROTOCOL.md §3,2026-09-10T18:05:00+00:00
44888915,abc225_c,1,[123],include,[123],,Single-line fix: altered operator/operand/bound/index per GROUND_TRUTH_PROTOCOL.md §3,2026-09-10T18:05:00+00:00
45226527,abc225_c,1,[],exclude,[],multi-line fault — excluded by v2 single-line filter,Multi-line fix or insertion/deletion per GROUND_TRUTH_PROTOCOL.md §3,2026-09-10T18:05:00+00:00
45469943,abc225_c,2,[16],exclude,[],multiple independent faults,Multi-hunk fix per GROUND_TRUTH_PROTOCOL.md §3,2026-09-10T18:05:00+00:00
45240176,abc225_d,1,[22],include,[22],,Single-line fix: altered operator/operand/bound/index per GROUND_TRUTH_PROTOCOL.md §3,2026-09-10T18:05:00+00:00
45312408,abc225_e,2,[25],exclude,[],multiple independent faults,Multi-hunk fix per GROUND_TRUTH_PROTOCOL.md §3,2026-09-10T18:05:00+00:00
30550444,abc225_f,1,[19],include,[19],,Single-line fix: altered operator/operand/bound/index per GROUND_TRUTH_PROTOCOL.md §3,2026-09-10T18:05:00+00:00
31785117,abc225_f,1,[22],include,[22],,Single-line fix: altered operator/operand/bound/index per GROUND_TRUTH_PROTOCOL.md §3,2026-09-10T18:05:00+00:00
40522843,abc225_h,1,[],exclude,[],multi-line fault — excluded by v2 single-line filter,Multi-line fix or insertion/deletion per GROUND_TRUTH_PROTOCOL.md §3,2026-09-10T18:05:00+00:00
45483175,abc226_b,1,[23],include,[23],,Single-line fix: altered operator/operand/bound/index per GROUND_TRUTH_PROTOCOL.md §3,2026-09-10T18:05:00+00:00
45711710,abc226_c,1,[38],include,[38],,Single-line fix: altered operator/operand/bound/index per GROUND_TRUTH_PROTOCOL.md §3,2026-09-10T18:05:00+00:00
53188054,abc226_d,1,[16],include,[16],,Single-line fix: altered operator/operand/bound/index per GROUND_TRUTH_PROTOCOL.md §3,2026-09-10T18:05:00+00:00
52234913,abc226_e,2,"[23, 25]",exclude,[],multiple independent faults,Multi-hunk fix per GROUND_TRUTH_PROTOCOL.md §3,2026-09-10T18:05:00+00:00
53053125,abc226_e,1,[207],include,[207],,Single-line fix: altered operator/operand/bound/index per GROUND_TRUTH_PROTOCOL.md §3,2026-09-10T18:05:00+00:00
53676492,abc226_e,1,[30],include,[30],,Single-line fix: altered operator/operand/bound/index per GROUND_TRUTH_PROTOCOL.md §3,2026-09-10T18:05:00+00:00
53796243,abc226_e,1,[81],include,[81],,Single-line fix: altered operator/operand/bound/index per GROUND_TRUTH_PROTOCOL.md §3,2026-09-10T18:05:00+00:00
48239634,abc226_g,1,[33],include,[33],,Single-line fix: altered operator/operand/bound/index per GROUND_TRUTH_PROTOCOL.md §3,2026-09-10T18:05:00+00:00
48936036,abc226_g,1,[44],include,[44],,Single-line fix: altered operator/operand/bound/index per GROUND_TRUTH_PROTOCOL.md §3,2026-09-10T18:05:00+00:00
52807136,abc226_g,1,[39],include,[39],,Single-line fix: altered operator/operand/bound/index per GROUND_TRUTH_PROTOCOL.md §3,2026-09-10T18:05:00+00:00
44996770,abc229_a,1,[26],include,[26],,Single-line fix: altered operator/operand/bound/index per GROUND_TRUTH_PROTOCOL.md §3,2026-09-10T18:05:00+00:00
45424479,abc229_d,1,[19],include,[19],,Single-line fix: altered operator/operand/bound/index per GROUND_TRUTH_PROTOCOL.md §3,2026-09-10T18:05:00+00:00
44646979,abc229_e,1,[4],include,[4],,Single-line fix: altered operator/operand/bound/index per GROUND_TRUTH_PROTOCOL.md §3,2026-09-10T18:05:00+00:00
46038453,abc229_f,1,[19],include,[19],,Single-line fix: altered operator/operand/bound/index per GROUND_TRUTH_PROTOCOL.md §3,2026-09-10T18:05:00+00:00
46215584,abc230_b,1,[],exclude,[],multi-line fault — excluded by v2 single-line filter,Multi-line fix or insertion/deletion per GROUND_TRUTH_PROTOCOL.md §3,2026-09-10T18:05:00+00:00
54240175,abc230_c,1,[28],include,[28],,Single-line fix: altered operator/operand/bound/index per GROUND_TRUTH_PROTOCOL.md §3,2026-09-10T18:05:00+00:00
46047126,abc230_d,1,[24],include,[24],,Single-line fix: altered operator/operand/bound/index per GROUND_TRUTH_PROTOCOL.md §3,2026-09-10T18:05:00+00:00
46232718,abc230_d,1,[],exclude,[],multi-line fault — excluded by v2 single-line filter,Multi-line fix or insertion/deletion per GROUND_TRUTH_PROTOCOL.md §3,2026-09-10T18:05:00+00:00
27770752,abc230_g,1,[76],include,[76],,Single-line fix: altered operator/operand/bound/index per GROUND_TRUTH_PROTOCOL.md §3,2026-09-10T18:05:00+00:00
44874195,abc232_c,2,[],exclude,[],multiple independent faults,Multi-hunk fix per GROUND_TRUTH_PROTOCOL.md §3,2026-09-10T18:05:00+00:00
44881913,abc232_c,2,[],exclude,[],multiple independent faults,Multi-hunk fix per GROUND_TRUTH_PROTOCOL.md §3,2026-09-10T18:05:00+00:00
44805380,abc232_d,1,[22],include,[22],,Single-line fix: altered operator/operand/bound/index per GROUND_TRUTH_PROTOCOL.md §3,2026-09-10T18:05:00+00:00
45266728,abc232_d,1,[],exclude,[],multi-line fault — excluded by v2 single-line filter,Multi-line fix or insertion/deletion per GROUND_TRUTH_PROTOCOL.md §3,2026-09-10T18:05:00+00:00
45267327,abc232_d,1,[24],include,[24],,Single-line fix: altered operator/operand/bound/index per GROUND_TRUTH_PROTOCOL.md §3,2026-09-10T18:05:00+00:00
45343318,abc232_d,1,[29],include,[29],,Single-line fix: altered operator/operand/bound/index per GROUND_TRUTH_PROTOCOL.md §3,2026-09-10T18:05:00+00:00
45499422,abc232_d,1,[14],include,[14],,Single-line fix: altered operator/operand/bound/index per GROUND_TRUTH_PROTOCOL.md §3,2026-09-10T18:05:00+00:00
44929490,abc232_e,1,[2],include,[2],,Single-line fix: altered operator/operand/bound/index per GROUND_TRUTH_PROTOCOL.md §3,2026-09-10T18:05:00+00:00
45459245,abc232_e,1,[18],include,[18],,Single-line fix: altered operator/operand/bound/index per GROUND_TRUTH_PROTOCOL.md §3,2026-09-10T18:05:00+00:00
45574605,abc232_e,1,[32],include,[32],,Single-line fix: altered operator/operand/bound/index per GROUND_TRUTH_PROTOCOL.md §3,2026-09-10T18:05:00+00:00
46187377,abc232_e,1,[8],include,[8],,Single-line fix: altered operator/operand/bound/index per GROUND_TRUTH_PROTOCOL.md §3,2026-09-10T18:05:00+00:00
28189928,abc232_g,1,[5],include,[5],,Single-line fix: altered operator/operand/bound/index per GROUND_TRUTH_PROTOCOL.md §3,2026-09-10T18:05:00+00:00
28190550,abc232_g,1,[],exclude,[],multi-line fault — excluded by v2 single-line filter,Multi-line fix or insertion/deletion per GROUND_TRUTH_PROTOCOL.md §3,2026-09-10T18:05:00+00:00
28970603,abc232_g,1,[15],include,[15],,Single-line fix: altered operator/operand/bound/index per GROUND_TRUTH_PROTOCOL.md §3,2026-09-10T18:05:00+00:00
28235852,abc232_h,1,[25],include,[25],,Single-line fix: altered operator/operand/bound/index per GROUND_TRUTH_PROTOCOL.md §3,2026-09-10T18:05:00+00:00
50214757,abc233_f,1,[],exclude,[],multi-line fault — excluded by v2 single-line filter,Multi-line fix or insertion/deletion per GROUND_TRUTH_PROTOCOL.md §3,2026-09-10T18:05:00+00:00
38349532,abc233_g,1,[33],include,[33],,Single-line fix: altered operator/operand/bound/index per GROUND_TRUTH_PROTOCOL.md §3,2026-09-10T18:05:00+00:00
29975845,abc233_h,1,[],exclude,[],multi-line fault — excluded by v2 single-line filter,Multi-line fix or insertion/deletion per GROUND_TRUTH_PROTOCOL.md §3,2026-09-10T18:05:00+00:00
44313828,abc233_h,1,[222],include,[222],,Single-line fix: altered operator/operand/bound/index per GROUND_TRUTH_PROTOCOL.md §3,2026-09-10T18:05:00+00:00
46688976,abc233_h,1,[14],include,[14],,Single-line fix: altered operator/operand/bound/index per GROUND_TRUTH_PROTOCOL.md §3,2026-09-10T18:05:00+00:00
53067892,abc233_h,1,[],exclude,[],multi-line fault — excluded by v2 single-line filter,Multi-line fix or insertion/deletion per GROUND_TRUTH_PROTOCOL.md §3,2026-09-10T18:05:00+00:00
45477719,abc234_e,1,[13],include,[13],,Single-line fix: altered operator/operand/bound/index per GROUND_TRUTH_PROTOCOL.md §3,2026-09-10T18:05:00+00:00
45484479,abc234_e,1,[33],include,[33],,Single-line fix: altered operator/operand/bound/index per GROUND_TRUTH_PROTOCOL.md §3,2026-09-10T18:05:00+00:00
53824155,abc234_f,1,[36],include,[36],,Single-line fix: altered operator/operand/bound/index per GROUND_TRUTH_PROTOCOL.md §3,2026-09-10T18:05:00+00:00
54296996,abc234_f,1,[28],include,[28],,Single-line fix: altered operator/operand/bound/index per GROUND_TRUTH_PROTOCOL.md §3,2026-09-10T18:05:00+00:00
43173883,abc234_g,2,[47],exclude,[],multiple independent faults,Multi-hunk fix per GROUND_TRUTH_PROTOCOL.md §3,2026-09-10T18:05:00+00:00
44415594,abc235_d,1,[28],include,[28],,Single-line fix: altered operator/operand/bound/index per GROUND_TRUTH_PROTOCOL.md §3,2026-09-10T18:05:00+00:00
45465231,abc235_d,1,[],exclude,[],multi-line fault — excluded by v2 single-line filter,Multi-line fix or insertion/deletion per GROUND_TRUTH_PROTOCOL.md §3,2026-09-10T18:05:00+00:00
44788391,abc235_e,2,"[88, 102]",exclude,[],multiple independent faults,Multi-hunk fix per GROUND_TRUTH_PROTOCOL.md §3,2026-09-10T18:05:00+00:00
45321024,abc235_e,1,"[105, 106]",exclude,[],multi-line fault — excluded by v2 single-line filter,Multi-line fix or insertion/deletion per GROUND_TRUTH_PROTOCOL.md §3,2026-09-10T18:05:00+00:00
28570313,abc235_g,2,[136],exclude,[],multiple independent faults,Multi-hunk fix per GROUND_TRUTH_PROTOCOL.md §3,2026-09-10T18:05:00+00:00
28594583,abc235_g,1,[58],include,[58],,Single-line fix: altered operator/operand/bound/index per GROUND_TRUTH_PROTOCOL.md §3,2026-09-10T18:05:00+00:00
28640040,abc235_g,1,[17],include,[17],,Single-line fix: altered operator/operand/bound/index per GROUND_TRUTH_PROTOCOL.md §3,2026-09-10T18:05:00+00:00
30010913,abc235_g,2,[30],exclude,[],multiple independent faults,Multi-hunk fix per GROUND_TRUTH_PROTOCOL.md §3,2026-09-10T18:05:00+00:00
43758724,abc235_g,1,[26],include,[26],,Single-line fix: altered operator/operand/bound/index per GROUND_TRUTH_PROTOCOL.md §3,2026-09-10T18:05:00+00:00
48493148,abc235_g,1,[45],include,[45],,Single-line fix: altered operator/operand/bound/index per GROUND_TRUTH_PROTOCOL.md §3,2026-09-10T18:05:00+00:00
29171105,abc235_h,1,[184],include,[184],,Single-line fix: altered operator/operand/bound/index per GROUND_TRUTH_PROTOCOL.md §3,2026-09-10T18:05:00+00:00
54275288,abc236_d,2,[32],exclude,[],multiple independent faults,Multi-hunk fix per GROUND_TRUTH_PROTOCOL.md §3,2026-09-10T18:05:00+00:00
45576293,abc236_e,1,"[6, 7]",exclude,[],multi-line fault — excluded by v2 single-line filter,Multi-line fix or insertion/deletion per GROUND_TRUTH_PROTOCOL.md §3,2026-09-10T18:05:00+00:00
28766467,abc236_g,2,[11],exclude,[],multiple independent faults,Multi-hunk fix per GROUND_TRUTH_PROTOCOL.md §3,2026-09-10T18:05:00+00:00
30741132,abc236_g,1,[31],include,[31],,Single-line fix: altered operator/operand/bound/index per GROUND_TRUTH_PROTOCOL.md §3,2026-09-10T18:05:00+00:00
55003330,abc236_g,1,[17],include,[17],,Single-line fix: altered operator/operand/bound/index per GROUND_TRUTH_PROTOCOL.md §3,2026-09-10T18:05:00+00:00
28807713,abc236_h,1,[44],include,[44],,Single-line fix: altered operator/operand/bound/index per GROUND_TRUTH_PROTOCOL.md §3,2026-09-10T18:05:00+00:00
45275344,abc237_c,1,[20],include,[20],,Single-line fix: altered operator/operand/bound/index per GROUND_TRUTH_PROTOCOL.md §3,2026-09-10T18:05:00+00:00
45542474,abc237_c,1,[29],include,[29],,Single-line fix: altered operator/operand/bound/index per GROUND_TRUTH_PROTOCOL.md §3,2026-09-10T18:05:00+00:00
45711395,abc237_c,1,[29],include,[29],,Single-line fix: altered operator/operand/bound/index per GROUND_TRUTH_PROTOCOL.md §3,2026-09-10T18:05:00+00:00
45967024,abc237_c,1,[],exclude,[],multi-line fault — excluded by v2 single-line filter,Multi-line fix or insertion/deletion per GROUND_TRUTH_PROTOCOL.md §3,2026-09-10T18:05:00+00:00
46026874,abc237_c,1,[17],include,[17],,Single-line fix: altered operator/operand/bound/index per GROUND_TRUTH_PROTOCOL.md §3,2026-09-10T18:05:00+00:00
54010383,abc237_d,2,[36],exclude,[],multiple independent faults,Multi-hunk fix per GROUND_TRUTH_PROTOCOL.md §3,2026-09-10T18:05:00+00:00
35962547,abc237_f,1,[136],include,[136],,Single-line fix: altered operator/operand/bound/index per GROUND_TRUTH_PROTOCOL.md §3,2026-09-10T18:05:00+00:00
29196395,abc237_h,1,"[51, 52]",exclude,[],multi-line fault — excluded by v2 single-line filter,Multi-line fix or insertion/deletion per GROUND_TRUTH_PROTOCOL.md §3,2026-09-10T18:05:00+00:00
45053944,abc238_d,1,[26],include,[26],,Single-line fix: altered operator/operand/bound/index per GROUND_TRUTH_PROTOCOL.md §3,2026-09-10T18:05:00+00:00
45717530,abc238_d,1,[21],include,[21],,Single-line fix: altered operator/operand/bound/index per GROUND_TRUTH_PROTOCOL.md §3,2026-09-10T18:05:00+00:00
52795863,abc238_e,1,[22],include,[22],,Single-line fix: altered operator/operand/bound/index per GROUND_TRUTH_PROTOCOL.md §3,2026-09-10T18:05:00+00:00
30171666,abc238_f,1,[54],include,[54],,Single-line fix: altered operator/operand/bound/index per GROUND_TRUTH_PROTOCOL.md §3,2026-09-10T18:05:00+00:00
39396735,abc238_f,1,[17],include,[17],,Single-line fix: altered operator/operand/bound/index per GROUND_TRUTH_PROTOCOL.md §3,2026-09-10T18:05:00+00:00
41446414,abc238_f,1,[36],include,[36],,Single-line fix: altered operator/operand/bound/index per GROUND_TRUTH_PROTOCOL.md §3,2026-09-10T18:05:00+00:00
48523335,abc238_f,1,[116],include,[116],,Single-line fix: altered operator/operand/bound/index per GROUND_TRUTH_PROTOCOL.md §3,2026-09-10T18:05:00+00:00
44443541,abc238_g,1,[33],include,[33],,Single-line fix: altered operator/operand/bound/index per GROUND_TRUTH_PROTOCOL.md §3,2026-09-10T18:05:00+00:00
44818357,abc239_c,1,[18],include,[18],,Single-line fix: altered operator/operand/bound/index per GROUND_TRUTH_PROTOCOL.md §3,2026-09-10T18:05:00+00:00
52953499,abc239_d,1,[12],include,[12],,Single-line fix: altered operator/operand/bound/index per GROUND_TRUTH_PROTOCOL.md §3,2026-09-10T18:05:00+00:00
45522067,abc239_e,1,[141],include,[141],,Single-line fix: altered operator/operand/bound/index per GROUND_TRUTH_PROTOCOL.md §3,2026-09-10T18:05:00+00:00
45950802,abc239_g,1,[20],include,[20],,Single-line fix: altered operator/operand/bound/index per GROUND_TRUTH_PROTOCOL.md §3,2026-09-10T18:05:00+00:00
45982558,abc240_e,1,[17],include,[17],,Single-line fix: altered operator/operand/bound/index per GROUND_TRUTH_PROTOCOL.md §3,2026-09-10T18:05:00+00:00
35075785,abc240_g,1,[31],include,[31],,Single-line fix: altered operator/operand/bound/index per GROUND_TRUTH_PROTOCOL.md §3,2026-09-10T18:05:00+00:00
45284602,abc241_d,1,[152],include,[152],,Single-line fix: altered operator/operand/bound/index per GROUND_TRUTH_PROTOCOL.md §3,2026-09-10T18:05:00+00:00
45777353,abc241_d,1,[154],include,[154],,Single-line fix: altered operator/operand/bound/index per GROUND_TRUTH_PROTOCOL.md §3,2026-09-10T18:05:00+00:00
45806316,abc241_d,1,[31],include,[31],,Single-line fix: altered operator/operand/bound/index per GROUND_TRUTH_PROTOCOL.md §3,2026-09-10T18:05:00+00:00
45018675,abc241_e,1,[26],include,[26],,Single-line fix: altered operator/operand/bound/index per GROUND_TRUTH_PROTOCOL.md §3,2026-09-10T18:05:00+00:00
45450212,abc241_e,1,[43],include,[43],,Single-line fix: altered operator/operand/bound/index per GROUND_TRUTH_PROTOCOL.md §3,2026-09-10T18:05:00+00:00
46162583,abc241_e,1,[34],include,[34],,Single-line fix: altered operator/operand/bound/index per GROUND_TRUTH_PROTOCOL.md §3,2026-09-10T18:05:00+00:00
41657280,abc241_f,1,[21],include,[21],,Single-line fix: altered operator/operand/bound/index per GROUND_TRUTH_PROTOCOL.md §3,2026-09-10T18:05:00+00:00
46189922,abc241_g,1,[84],include,[84],,Single-line fix: altered operator/operand/bound/index per GROUND_TRUTH_PROTOCOL.md §3,2026-09-10T18:05:00+00:00
45535167,abc242_e,1,[33],include,[33],,Single-line fix: altered operator/operand/bound/index per GROUND_TRUTH_PROTOCOL.md §3,2026-09-10T18:05:00+00:00
52939949,abc242_g,1,[7],include,[7],,Single-line fix: altered operator/operand/bound/index per GROUND_TRUTH_PROTOCOL.md §3,2026-09-10T18:05:00+00:00
44922035,abc243_c,1,[26],include,[26],,Single-line fix: altered operator/operand/bound/index per GROUND_TRUTH_PROTOCOL.md §3,2026-09-10T18:05:00+00:00
45235100,abc243_c,1,[],exclude,[],multi-line fault — excluded by v2 single-line filter,Multi-line fix or insertion/deletion per GROUND_TRUTH_PROTOCOL.md §3,2026-09-10T18:05:00+00:00
44607569,abc243_d,1,[23],include,[23],,Single-line fix: altered operator/operand/bound/index per GROUND_TRUTH_PROTOCOL.md §3,2026-09-10T18:05:00+00:00
45981948,abc243_d,1,[20],include,[20],,Single-line fix: altered operator/operand/bound/index per GROUND_TRUTH_PROTOCOL.md §3,2026-09-10T18:05:00+00:00
49785483,abc243_e,1,[29],include,[29],,Single-line fix: altered operator/operand/bound/index per GROUND_TRUTH_PROTOCOL.md §3,2026-09-10T18:05:00+00:00
52524531,abc243_e,1,[155],include,[155],,Single-line fix: altered operator/operand/bound/index per GROUND_TRUTH_PROTOCOL.md §3,2026-09-10T18:05:00+00:00
40101065,abc243_f,1,[34],include,[34],,Single-line fix: altered operator/operand/bound/index per GROUND_TRUTH_PROTOCOL.md §3,2026-09-10T18:05:00+00:00
30174663,abc243_h,1,[171],include,[171],,Single-line fix: altered operator/operand/bound/index per GROUND_TRUTH_PROTOCOL.md §3,2026-09-10T18:05:00+00:00
30771376,abc243_h,2,[25],exclude,[],multiple independent faults,Multi-hunk fix per GROUND_TRUTH_PROTOCOL.md §3,2026-09-10T18:05:00+00:00
45713633,abc244_b,1,[9],include,[9],,Single-line fix: altered operator/operand/bound/index per GROUND_TRUTH_PROTOCOL.md §3,2026-09-10T18:05:00+00:00
44593613,abc244_d,1,[72],include,[72],,Single-line fix: altered operator/operand/bound/index per GROUND_TRUTH_PROTOCOL.md §3,2026-09-10T18:05:00+00:00
32985131,abc244_g,1,[55],include,[55],,Single-line fix: altered operator/operand/bound/index per GROUND_TRUTH_PROTOCOL.md §3,2026-09-10T18:05:00+00:00
52210355,abc245_d,1,[25],include,[25],,Single-line fix: altered operator/operand/bound/index per GROUND_TRUTH_PROTOCOL.md §3,2026-09-10T18:05:00+00:00
45811431,abc245_f,1,[12],include,[12],,Single-line fix: altered operator/operand/bound/index per GROUND_TRUTH_PROTOCOL.md §3,2026-09-10T18:05:00+00:00
49870441,abc245_g,2,"[1, 39]",exclude,[],multiple independent faults,Multi-hunk fix per GROUND_TRUTH_PROTOCOL.md §3,2026-09-10T18:05:00+00:00
51453180,abc245_g,1,[37],include,[37],,Single-line fix: altered operator/operand/bound/index per GROUND_TRUTH_PROTOCOL.md §3,2026-09-10T18:05:00+00:00
30480849,abc245_h,1,[91],include,[91],,Single-line fix: altered operator/operand/bound/index per GROUND_TRUTH_PROTOCOL.md §3,2026-09-10T18:05:00+00:00
30541714,abc245_h,1,[],exclude,[],multi-line fault — excluded by v2 single-line filter,Multi-line fix or insertion/deletion per GROUND_TRUTH_PROTOCOL.md §3,2026-09-10T18:05:00+00:00
45450422,abc246_d,1,[],exclude,[],multi-line fault — excluded by v2 single-line filter,Multi-line fix or insertion/deletion per GROUND_TRUTH_PROTOCOL.md §3,2026-09-10T18:05:00+00:00
45753152,abc246_d,1,[12],include,[12],,Single-line fix: altered operator/operand/bound/index per GROUND_TRUTH_PROTOCOL.md §3,2026-09-10T18:05:00+00:00
45780372,abc246_d,1,[12],include,[12],,Single-line fix: altered operator/operand/bound/index per GROUND_TRUTH_PROTOCOL.md §3,2026-09-10T18:05:00+00:00
45083106,abc246_e,1,[18],include,[18],,Single-line fix: altered operator/operand/bound/index per GROUND_TRUTH_PROTOCOL.md §3,2026-09-10T18:05:00+00:00
45269631,abc246_e,1,[30],include,[30],,Single-line fix: altered operator/operand/bound/index per GROUND_TRUTH_PROTOCOL.md §3,2026-09-10T18:05:00+00:00
45553928,abc246_e,1,[31],include,[31],,Single-line fix: altered operator/operand/bound/index per GROUND_TRUTH_PROTOCOL.md §3,2026-09-10T18:05:00+00:00
45962991,abc246_e,2,[25],exclude,[],multiple independent faults,Multi-hunk fix per GROUND_TRUTH_PROTOCOL.md §3,2026-09-10T18:05:00+00:00
31385030,abc246_g,1,[59],exclude,[],multi-line fault — excluded by v2 single-line filter,Multi-line fix or insertion/deletion per GROUND_TRUTH_PROTOCOL.md §3,2026-09-10T18:05:00+00:00
32131546,abc246_g,1,[43],include,[43],,Single-line fix: altered operator/operand/bound/index per GROUND_TRUTH_PROTOCOL.md §3,2026-09-10T18:05:00+00:00
33284569,abc246_g,1,[25],include,[25],,Single-line fix: altered operator/operand/bound/index per GROUND_TRUTH_PROTOCOL.md §3,2026-09-10T18:05:00+00:00
41873287,abc246_g,2,"[24, 46]",exclude,[],multiple independent faults,Multi-hunk fix per GROUND_TRUTH_PROTOCOL.md §3,2026-09-10T18:05:00+00:00
49874325,abc246_g,1,[29],include,[29],,Single-line fix: altered operator/operand/bound/index per GROUND_TRUTH_PROTOCOL.md §3,2026-09-10T18:05:00+00:00
45068335,abc247_b,1,[],exclude,[],multi-line fault — excluded by v2 single-line filter,Multi-line fix or insertion/deletion per GROUND_TRUTH_PROTOCOL.md §3,2026-09-10T18:05:00+00:00
46187946,abc247_b,1,[],exclude,[],multi-line fault — excluded by v2 single-line filter,Multi-line fix or insertion/deletion per GROUND_TRUTH_PROTOCOL.md §3,2026-09-10T18:05:00+00:00
46225194,abc247_b,1,[],exclude,[],multi-line fault — excluded by v2 single-line filter,Multi-line fix or insertion/deletion per GROUND_TRUTH_PROTOCOL.md §3,2026-09-10T18:05:00+00:00
46165455,abc247_d,1,[57],include,[57],,Single-line fix: altered operator/operand/bound/index per GROUND_TRUTH_PROTOCOL.md §3,2026-09-10T18:05:00+00:00
45003873,abc247_e,1,[23],include,[23],,Single-line fix: altered operator/operand/bound/index per GROUND_TRUTH_PROTOCOL.md §3,2026-09-10T18:05:00+00:00
49035803,abc247_f,1,[41],include,[41],,Single-line fix: altered operator/operand/bound/index per GROUND_TRUTH_PROTOCOL.md §3,2026-09-10T18:05:00+00:00
52972964,abc247_f,1,[71],include,[71],,Single-line fix: altered operator/operand/bound/index per GROUND_TRUTH_PROTOCOL.md §3,2026-09-10T18:05:00+00:00
55036523,abc247_f,1,[8],include,[8],,Single-line fix: altered operator/operand/bound/index per GROUND_TRUTH_PROTOCOL.md §3,2026-09-10T18:05:00+00:00
39496981,abc247_g,1,[100],include,[100],,Single-line fix: altered operator/operand/bound/index per GROUND_TRUTH_PROTOCOL.md §3,2026-09-10T18:05:00+00:00
30891102,abc247_h,1,[149],include,[149],,Single-line fix: altered operator/operand/bound/index per GROUND_TRUTH_PROTOCOL.md §3,2026-09-10T18:05:00+00:00
45983434,abc248_d,1,[33],include,[33],,Single-line fix: altered operator/operand/bound/index per GROUND_TRUTH_PROTOCOL.md §3,2026-09-10T18:05:00+00:00
45230444,abc248_e,1,[32],include,[32],,Single-line fix: altered operator/operand/bound/index per GROUND_TRUTH_PROTOCOL.md §3,2026-09-10T18:05:00+00:00
45802660,abc248_e,1,[23],include,[23],,Single-line fix: altered operator/operand/bound/index per GROUND_TRUTH_PROTOCOL.md §3,2026-09-10T18:05:00+00:00
45104462,abc249_a,1,[54],include,[54],,Single-line fix: altered operator/operand/bound/index per GROUND_TRUTH_PROTOCOL.md §3,2026-09-10T18:05:00+00:00
51504381,abc249_e,1,[31],include,[31],,Single-line fix: altered operator/operand/bound/index per GROUND_TRUTH_PROTOCOL.md §3,2026-09-10T18:05:00+00:00
45465070,abc249_f,1,[30],include,[30],,Single-line fix: altered operator/operand/bound/index per GROUND_TRUTH_PROTOCOL.md §3,2026-09-10T18:05:00+00:00
45205318,abc250_c,1,[37],include,[37],,Single-line fix: altered operator/operand/bound/index per GROUND_TRUTH_PROTOCOL.md §3,2026-09-10T18:05:00+00:00
44996552,abc250_d,1,[15],include,[15],,Single-line fix: altered operator/operand/bound/index per GROUND_TRUTH_PROTOCOL.md §3,2026-09-10T18:05:00+00:00
45025075,abc250_d,3,[21],exclude,[],multiple independent faults,Multi-hunk fix per GROUND_TRUTH_PROTOCOL.md §3,2026-09-10T18:05:00+00:00
45700046,abc250_d,1,[42],include,[42],,Single-line fix: altered operator/operand/bound/index per GROUND_TRUTH_PROTOCOL.md §3,2026-09-10T18:05:00+00:00
45811839,abc250_d,1,[17],include,[17],,Single-line fix: altered operator/operand/bound/index per GROUND_TRUTH_PROTOCOL.md §3,2026-09-10T18:05:00+00:00
44674065,abc250_e,1,[18],include,[18],,Single-line fix: altered operator/operand/bound/index per GROUND_TRUTH_PROTOCOL.md §3,2026-09-10T18:05:00+00:00
46017900,abc250_e,1,[47],include,[47],,Single-line fix: altered operator/operand/bound/index per GROUND_TRUTH_PROTOCOL.md §3,2026-09-10T18:05:00+00:00
31608048,abc250_g,1,[17],include,[17],,Single-line fix: altered operator/operand/bound/index per GROUND_TRUTH_PROTOCOL.md §3,2026-09-10T18:05:00+00:00
51402169,abc250_g,2,"[73, 176, 177, 178, 179, 180, 181]",exclude,[],multiple independent faults,Multi-hunk fix per GROUND_TRUTH_PROTOCOL.md §3,2026-09-10T18:05:00+00:00
31555605,abc250_h,1,"[102, 103, 104]",exclude,[],multi-line fault — excluded by v2 single-line filter,Multi-line fix or insertion/deletion per GROUND_TRUTH_PROTOCOL.md §3,2026-09-10T18:05:00+00:00
44443990,abc251_b,1,[22],include,[22],,Single-line fix: altered operator/operand/bound/index per GROUND_TRUTH_PROTOCOL.md §3,2026-09-10T18:05:00+00:00
44546670,abc251_b,2,"[19, 24]",exclude,[],multiple independent faults,Multi-hunk fix per GROUND_TRUTH_PROTOCOL.md §3,2026-09-10T18:05:00+00:00
45515530,abc251_b,1,[8],include,[8],,Single-line fix: altered operator/operand/bound/index per GROUND_TRUTH_PROTOCOL.md §3,2026-09-10T18:05:00+00:00
45210558,abc251_d,1,[29],include,[29],,Single-line fix: altered operator/operand/bound/index per GROUND_TRUTH_PROTOCOL.md §3,2026-09-10T18:05:00+00:00
45556624,abc251_e,1,[27],include,[27],,Single-line fix: altered operator/operand/bound/index per GROUND_TRUTH_PROTOCOL.md §3,2026-09-10T18:05:00+00:00
47833391,abc251_f,1,[],exclude,[],multi-line fault — excluded by v2 single-line filter,Multi-line fix or insertion/deletion per GROUND_TRUTH_PROTOCOL.md §3,2026-09-10T18:05:00+00:00
31752648,abc251_g,1,[30],include,[30],,Single-line fix: altered operator/operand/bound/index per GROUND_TRUTH_PROTOCOL.md §3,2026-09-10T18:05:00+00:00
40927285,abc251_g,1,[27],include,[27],,Single-line fix: altered operator/operand/bound/index per GROUND_TRUTH_PROTOCOL.md §3,2026-09-10T18:05:00+00:00
46368168,abc251_g,1,[4],include,[4],,Single-line fix: altered operator/operand/bound/index per GROUND_TRUTH_PROTOCOL.md §3,2026-09-10T18:05:00+00:00
31690776,abc251_h,2,"[42, 50]",exclude,[],multiple independent faults,Multi-hunk fix per GROUND_TRUTH_PROTOCOL.md §3,2026-09-10T18:05:00+00:00
45243368,abc252_b,1,[28],include,[28],,Single-line fix: altered operator/operand/bound/index per GROUND_TRUTH_PROTOCOL.md §3,2026-09-10T18:05:00+00:00
45066699,abc252_e,1,[12],include,[12],,Single-line fix: altered operator/operand/bound/index per GROUND_TRUTH_PROTOCOL.md §3,2026-09-10T18:05:00+00:00
45559213,abc253_e,1,[24],include,[24],,Single-line fix: altered operator/operand/bound/index per GROUND_TRUTH_PROTOCOL.md §3,2026-09-10T18:05:00+00:00
46006044,abc253_e,1,[],exclude,[],multi-line fault — excluded by v2 single-line filter,Multi-line fix or insertion/deletion per GROUND_TRUTH_PROTOCOL.md §3,2026-09-10T18:05:00+00:00
45527428,abc253_f,4,"[17, 62, 76, 78, 79]",exclude,[],multiple independent faults,Multi-hunk fix per GROUND_TRUTH_PROTOCOL.md §3,2026-09-10T18:05:00+00:00
32996849,abc253_g,1,"[48, 49, 50]",exclude,[],multi-line fault — excluded by v2 single-line filter,Multi-line fix or insertion/deletion per GROUND_TRUTH_PROTOCOL.md §3,2026-09-10T18:05:00+00:00
32999272,abc253_g,1,[51],include,[51],,Single-line fix: altered operator/operand/bound/index per GROUND_TRUTH_PROTOCOL.md §3,2026-09-10T18:05:00+00:00
38547671,abc253_g,1,[11],include,[11],,Single-line fix: altered operator/operand/bound/index per GROUND_TRUTH_PROTOCOL.md §3,2026-09-10T18:05:00+00:00
52975596,abc253_g,1,[6],include,[6],,Single-line fix: altered operator/operand/bound/index per GROUND_TRUTH_PROTOCOL.md §3,2026-09-10T18:05:00+00:00
52216169,abc254_d,1,[28],include,[28],,Single-line fix: altered operator/operand/bound/index per GROUND_TRUTH_PROTOCOL.md §3,2026-09-10T18:05:00+00:00
53475713,abc254_d,1,[31],include,[31],,Single-line fix: altered operator/operand/bound/index per GROUND_TRUTH_PROTOCOL.md §3,2026-09-10T18:05:00+00:00
44691275,abc254_e,3,"[25, 27]",exclude,[],multiple independent faults,Multi-hunk fix per GROUND_TRUTH_PROTOCOL.md §3,2026-09-10T18:05:00+00:00
48945628,abc254_f,1,[188],include,[188],,Single-line fix: altered operator/operand/bound/index per GROUND_TRUTH_PROTOCOL.md §3,2026-09-10T18:05:00+00:00
49680019,abc254_f,1,[64],include,[64],,Single-line fix: altered operator/operand/bound/index per GROUND_TRUTH_PROTOCOL.md §3,2026-09-10T18:05:00+00:00
51937981,abc254_f,3,"[10, 32]",exclude,[],multiple independent faults,Multi-hunk fix per GROUND_TRUTH_PROTOCOL.md §3,2026-09-10T18:05:00+00:00
32247391,abc254_g,1,[92],include,[92],,Single-line fix: altered operator/operand/bound/index per GROUND_TRUTH_PROTOCOL.md §3,2026-09-10T18:05:00+00:00
32287222,abc254_g,2,[122],exclude,[],multiple independent faults,Multi-hunk fix per GROUND_TRUTH_PROTOCOL.md §3,2026-09-10T18:05:00+00:00
45259199,abc255_c,1,[],exclude,[],multi-line fault — excluded by v2 single-line filter,Multi-line fix or insertion/deletion per GROUND_TRUTH_PROTOCOL.md §3,2026-09-10T18:05:00+00:00
45282104,abc255_c,1,[8],include,[8],,Single-line fix: altered operator/operand/bound/index per GROUND_TRUTH_PROTOCOL.md §3,2026-09-10T18:05:00+00:00
50474364,abc255_f,1,[25],include,[25],,Single-line fix: altered operator/operand/bound/index per GROUND_TRUTH_PROTOCOL.md §3,2026-09-10T18:05:00+00:00
32458462,abc255_g,1,[],exclude,[],multi-line fault — excluded by v2 single-line filter,Multi-line fix or insertion/deletion per GROUND_TRUTH_PROTOCOL.md §3,2026-09-10T18:05:00+00:00
35788058,abc255_g,1,[50],include,[50],,Single-line fix: altered operator/operand/bound/index per GROUND_TRUTH_PROTOCOL.md §3,2026-09-10T18:05:00+00:00
44864172,abc256_d,1,[158],include,[158],,Single-line fix: altered operator/operand/bound/index per GROUND_TRUTH_PROTOCOL.md §3,2026-09-10T18:05:00+00:00
44868880,abc256_d,1,[16],include,[16],,Single-line fix: altered operator/operand/bound/index per GROUND_TRUTH_PROTOCOL.md §3,2026-09-10T18:05:00+00:00
45516891,abc256_d,1,[8],include,[8],,Single-line fix: altered operator/operand/bound/index per GROUND_TRUTH_PROTOCOL.md §3,2026-09-10T18:05:00+00:00
41932099,abc256_f,1,[123],include,[123],,Single-line fix: altered operator/operand/bound/index per GROUND_TRUTH_PROTOCOL.md §3,2026-09-10T18:05:00+00:00
42749759,abc256_f,1,[105],include,[105],,Single-line fix: altered operator/operand/bound/index per GROUND_TRUTH_PROTOCOL.md §3,2026-09-10T18:05:00+00:00
32688484,abc256_g,1,[30],include,[30],,Single-line fix: altered operator/operand/bound/index per GROUND_TRUTH_PROTOCOL.md §3,2026-09-10T18:05:00+00:00
45289055,abc257_a,1,[40],include,[40],,Single-line fix: altered operator/operand/bound/index per GROUND_TRUTH_PROTOCOL.md §3,2026-09-10T18:05:00+00:00
45964870,abc257_b,2,[12],exclude,[],multiple independent faults,Multi-hunk fix per GROUND_TRUTH_PROTOCOL.md §3,2026-09-10T18:05:00+00:00
45044587,abc257_c,1,[33],include,[33],,Single-line fix: altered operator/operand/bound/index per GROUND_TRUTH_PROTOCOL.md §3,2026-09-10T18:05:00+00:00
45255202,abc257_d,1,[11],include,[11],,Single-line fix: altered operator/operand/bound/index per GROUND_TRUTH_PROTOCOL.md §3,2026-09-10T18:05:00+00:00
46215877,abc257_d,1,[26],include,[26],,Single-line fix: altered operator/operand/bound/index per GROUND_TRUTH_PROTOCOL.md §3,2026-09-10T18:05:00+00:00
45047426,abc257_e,1,[],exclude,[],multi-line fault — excluded by v2 single-line filter,Multi-line fix or insertion/deletion per GROUND_TRUTH_PROTOCOL.md §3,2026-09-10T18:05:00+00:00
45053747,abc257_f,1,[25],include,[25],,Single-line fix: altered operator/operand/bound/index per GROUND_TRUTH_PROTOCOL.md §3,2026-09-10T18:05:00+00:00
45331235,abc257_f,1,[31],include,[31],,Single-line fix: altered operator/operand/bound/index per GROUND_TRUTH_PROTOCOL.md §3,2026-09-10T18:05:00+00:00
45698858,abc257_f,1,[54],include,[54],,Single-line fix: altered operator/operand/bound/index per GROUND_TRUTH_PROTOCOL.md §3,2026-09-10T18:05:00+00:00
45897088,abc257_f,1,[55],include,[55],,Single-line fix: altered operator/operand/bound/index per GROUND_TRUTH_PROTOCOL.md §3,2026-09-10T18:05:00+00:00
45268157,abc257_g,1,[20],include,[20],,Single-line fix: altered operator/operand/bound/index per GROUND_TRUTH_PROTOCOL.md §3,2026-09-10T18:05:00+00:00
32762821,abc257_h,1,[4],include,[4],,Single-line fix: altered operator/operand/bound/index per GROUND_TRUTH_PROTOCOL.md §3,2026-09-10T18:05:00+00:00
45041498,abc258_d,1,[15],include,[15],,Single-line fix: altered operator/operand/bound/index per GROUND_TRUTH_PROTOCOL.md §3,2026-09-10T18:05:00+00:00
44667415,abc258_e,1,[34],include,[34],,Single-line fix: altered operator/operand/bound/index per GROUND_TRUTH_PROTOCOL.md §3,2026-09-10T18:05:00+00:00
45310559,abc258_e,3,[17],exclude,[],multiple independent faults,Multi-hunk fix per GROUND_TRUTH_PROTOCOL.md §3,2026-09-10T18:05:00+00:00
46182612,abc258_e,1,[40],include,[40],,Single-line fix: altered operator/operand/bound/index per GROUND_TRUTH_PROTOCOL.md §3,2026-09-10T18:05:00+00:00
46362422,abc258_f,1,[3],include,[3],,Single-line fix: altered operator/operand/bound/index per GROUND_TRUTH_PROTOCOL.md §3,2026-09-10T18:05:00+00:00
54437029,abc258_f,1,[40],include,[40],,Single-line fix: altered operator/operand/bound/index per GROUND_TRUTH_PROTOCOL.md §3,2026-09-10T18:05:00+00:00
32929696,abc258_h,1,[65],include,[65],,Single-line fix: altered operator/operand/bound/index per GROUND_TRUTH_PROTOCOL.md §3,2026-09-10T18:05:00+00:00
33045301,abc258_h,1,[127],include,[127],,Single-line fix: altered operator/operand/bound/index per GROUND_TRUTH_PROTOCOL.md §3,2026-09-10T18:05:00+00:00
44774986,abc259_c,1,[],exclude,[],multi-line fault — excluded by v2 single-line filter,Multi-line fix or insertion/deletion per GROUND_TRUTH_PROTOCOL.md §3,2026-09-10T18:05:00+00:00
44826067,abc259_c,1,[35],exclude,[],non-algorithmic fault,Fix changes only I/O formatting or parsing per GROUND_TRUTH_PROTOCOL.md §3,2026-09-10T18:05:00+00:00
44859677,abc259_c,1,[],exclude,[],multi-line fault — excluded by v2 single-line filter,Multi-line fix or insertion/deletion per GROUND_TRUTH_PROTOCOL.md §3,2026-09-10T18:05:00+00:00
44929141,abc259_c,1,[24],include,[24],,Single-line fix: altered operator/operand/bound/index per GROUND_TRUTH_PROTOCOL.md §3,2026-09-10T18:05:00+00:00
45103556,abc259_c,2,"[44, 55]",exclude,[],multiple independent faults,Multi-hunk fix per GROUND_TRUTH_PROTOCOL.md §3,2026-09-10T18:05:00+00:00
45350488,abc259_c,1,[23],include,[23],,Single-line fix: altered operator/operand/bound/index per GROUND_TRUTH_PROTOCOL.md §3,2026-09-10T18:05:00+00:00
45537510,abc259_c,1,[9],include,[9],,Single-line fix: altered operator/operand/bound/index per GROUND_TRUTH_PROTOCOL.md §3,2026-09-10T18:05:00+00:00
46054515,abc259_c,1,[23],include,[23],,Single-line fix: altered operator/operand/bound/index per GROUND_TRUTH_PROTOCOL.md §3,2026-09-10T18:05:00+00:00
52382935,abc259_d,1,[28],include,[28],,Single-line fix: altered operator/operand/bound/index per GROUND_TRUTH_PROTOCOL.md §3,2026-09-10T18:05:00+00:00
53573512,abc259_d,2,[175],exclude,[],multiple independent faults,Multi-hunk fix per GROUND_TRUTH_PROTOCOL.md §3,2026-09-10T18:05:00+00:00
54723545,abc259_d,1,[19],include,[19],,Single-line fix: altered operator/operand/bound/index per GROUND_TRUTH_PROTOCOL.md §3,2026-09-10T18:05:00+00:00
45515452,abc259_e,1,[19],include,[19],,Single-line fix: altered operator/operand/bound/index per GROUND_TRUTH_PROTOCOL.md §3,2026-09-10T18:05:00+00:00
33161543,abc259_g,1,[189],include,[189],,Single-line fix: altered operator/operand/bound/index per GROUND_TRUTH_PROTOCOL.md §3,2026-09-10T18:05:00+00:00
41146837,abc259_g,2,[181],exclude,[],multiple independent faults,Multi-hunk fix per GROUND_TRUTH_PROTOCOL.md §3,2026-09-10T18:05:00+00:00
53041244,abc260_b,1,[32],include,[32],,Single-line fix: altered operator/operand/bound/index per GROUND_TRUTH_PROTOCOL.md §3,2026-09-10T18:05:00+00:00
53719611,abc260_b,1,[27],include,[27],,Single-line fix: altered operator/operand/bound/index per GROUND_TRUTH_PROTOCOL.md §3,2026-09-10T18:05:00+00:00
51017696,abc260_d,2,"[10, 12]",exclude,[],multiple independent faults,Multi-hunk fix per GROUND_TRUTH_PROTOCOL.md §3,2026-09-10T18:05:00+00:00
53288501,abc260_d,1,"[13, 14]",exclude,[],multi-line fault — excluded by v2 single-line filter,Multi-line fix or insertion/deletion per GROUND_TRUTH_PROTOCOL.md §3,2026-09-10T18:05:00+00:00
44419168,abc260_e,1,[75],include,[75],,Single-line fix: altered operator/operand/bound/index per GROUND_TRUTH_PROTOCOL.md §3,2026-09-10T18:05:00+00:00
33361937,abc260_g,1,[40],include,[40],,Single-line fix: altered operator/operand/bound/index per GROUND_TRUTH_PROTOCOL.md §3,2026-09-10T18:05:00+00:00
45506869,abc261_d,1,[57],include,[57],,Single-line fix: altered operator/operand/bound/index per GROUND_TRUTH_PROTOCOL.md §3,2026-09-10T18:05:00+00:00
46034687,abc261_e,1,[4],include,[4],,Single-line fix: altered operator/operand/bound/index per GROUND_TRUTH_PROTOCOL.md §3,2026-09-10T18:05:00+00:00
33560185,abc261_g,1,[72],include,[72],,Single-line fix: altered operator/operand/bound/index per GROUND_TRUTH_PROTOCOL.md §3,2026-09-10T18:05:00+00:00
33475139,abc261_h,1,[35],include,[35],,Single-line fix: altered operator/operand/bound/index per GROUND_TRUTH_PROTOCOL.md §3,2026-09-10T18:05:00+00:00
37948163,abc261_h,1,[64],include,[64],,Single-line fix: altered operator/operand/bound/index per GROUND_TRUTH_PROTOCOL.md §3,2026-09-10T18:05:00+00:00
48707102,abc261_h,1,[14],include,[14],,Single-line fix: altered operator/operand/bound/index per GROUND_TRUTH_PROTOCOL.md §3,2026-09-10T18:05:00+00:00
44381954,abc262_d,1,[67],include,[67],,Single-line fix: altered operator/operand/bound/index per GROUND_TRUTH_PROTOCOL.md §3,2026-09-10T18:05:00+00:00
44831745,abc262_e,1,[35],include,[35],,Single-line fix: altered operator/operand/bound/index per GROUND_TRUTH_PROTOCOL.md §3,2026-09-10T18:05:00+00:00
35966715,abc262_f,2,"[46, 92]",exclude,[],multiple independent faults,Multi-hunk fix per GROUND_TRUTH_PROTOCOL.md §3,2026-09-10T18:05:00+00:00
47638667,abc262_f,1,[29],include,[29],,Single-line fix: altered operator/operand/bound/index per GROUND_TRUTH_PROTOCOL.md §3,2026-09-10T18:05:00+00:00
48961945,abc262_f,1,[59],include,[59],,Single-line fix: altered operator/operand/bound/index per GROUND_TRUTH_PROTOCOL.md §3,2026-09-10T18:05:00+00:00
33776994,abc262_g,1,[20],include,[20],,Single-line fix: altered operator/operand/bound/index per GROUND_TRUTH_PROTOCOL.md §3,2026-09-10T18:05:00+00:00
37417222,abc262_h,2,"[80, 107, 108, 109]",exclude,[],multiple independent faults,Multi-hunk fix per GROUND_TRUTH_PROTOCOL.md §3,2026-09-10T18:05:00+00:00
40953311,abc262_h,1,[],exclude,[],multi-line fault — excluded by v2 single-line filter,Multi-line fix or insertion/deletion per GROUND_TRUTH_PROTOCOL.md §3,2026-09-10T18:05:00+00:00
44705646,abc263_d,1,[36],include,[36],,Single-line fix: altered operator/operand/bound/index per GROUND_TRUTH_PROTOCOL.md §3,2026-09-10T18:05:00+00:00
45558657,abc263_d,1,[89],include,[89],,Single-line fix: altered operator/operand/bound/index per GROUND_TRUTH_PROTOCOL.md §3,2026-09-10T18:05:00+00:00
46128003,abc263_d,3,"[28, 31, 32]",exclude,[],multiple independent faults,Multi-hunk fix per GROUND_TRUTH_PROTOCOL.md §3,2026-09-10T18:05:00+00:00
34042464,abc263_g,1,[91],include,[91],,Single-line fix: altered operator/operand/bound/index per GROUND_TRUTH_PROTOCOL.md §3,2026-09-10T18:05:00+00:00
34500524,abc263_g,1,[234],include,[234],,Single-line fix: altered operator/operand/bound/index per GROUND_TRUTH_PROTOCOL.md §3,2026-09-10T18:05:00+00:00
43726575,abc263_g,1,[110],include,[110],,Single-line fix: altered operator/operand/bound/index per GROUND_TRUTH_PROTOCOL.md §3,2026-09-10T18:05:00+00:00
49799392,abc263_g,1,[114],include,[114],,Single-line fix: altered operator/operand/bound/index per GROUND_TRUTH_PROTOCOL.md §3,2026-09-10T18:05:00+00:00
33881482,abc263_h,1,[159],include,[159],,Single-line fix: altered operator/operand/bound/index per GROUND_TRUTH_PROTOCOL.md §3,2026-09-10T18:05:00+00:00
49039255,abc263_h,1,[68],include,[68],,Single-line fix: altered operator/operand/bound/index per GROUND_TRUTH_PROTOCOL.md §3,2026-09-10T18:05:00+00:00
45504321,abc264_e,1,[95],include,[95],,Single-line fix: altered operator/operand/bound/index per GROUND_TRUTH_PROTOCOL.md §3,2026-09-10T18:05:00+00:00
34022331,abc264_g,1,[73],exclude,[],non-algorithmic fault,Fix changes only I/O formatting or parsing per GROUND_TRUTH_PROTOCOL.md §3,2026-09-10T18:05:00+00:00
34040426,abc264_g,1,[55],include,[55],,Single-line fix: altered operator/operand/bound/index per GROUND_TRUTH_PROTOCOL.md §3,2026-09-10T18:05:00+00:00
42294250,abc264_g,1,[80],include,[80],,Single-line fix: altered operator/operand/bound/index per GROUND_TRUTH_PROTOCOL.md §3,2026-09-10T18:05:00+00:00
45798886,abc265_b,1,[71],include,[71],,Single-line fix: altered operator/operand/bound/index per GROUND_TRUTH_PROTOCOL.md §3,2026-09-10T18:05:00+00:00
46016041,abc265_b,1,[25],include,[25],,Single-line fix: altered operator/operand/bound/index per GROUND_TRUTH_PROTOCOL.md §3,2026-09-10T18:05:00+00:00
46154642,abc265_c,1,[33],include,[33],,Single-line fix: altered operator/operand/bound/index per GROUND_TRUTH_PROTOCOL.md §3,2026-09-10T18:05:00+00:00
45966660,abc265_d,1,[43],include,[43],,Single-line fix: altered operator/operand/bound/index per GROUND_TRUTH_PROTOCOL.md §3,2026-09-10T18:05:00+00:00
43487741,abc265_f,1,[47],include,[47],,Single-line fix: altered operator/operand/bound/index per GROUND_TRUTH_PROTOCOL.md §3,2026-09-10T18:05:00+00:00
46700668,abc265_g,1,[80],include,[80],,Single-line fix: altered operator/operand/bound/index per GROUND_TRUTH_PROTOCOL.md §3,2026-09-10T18:05:00+00:00
44375735,abc266_c,2,"[11, 12]",exclude,[],multiple independent faults,Multi-hunk fix per GROUND_TRUTH_PROTOCOL.md §3,2026-09-10T18:05:00+00:00
45028964,abc266_c,1,[40],include,[40],,Single-line fix: altered operator/operand/bound/index per GROUND_TRUTH_PROTOCOL.md §3,2026-09-10T18:05:00+00:00
44445026,abc266_d,1,"[28, 29]",exclude,[],multi-line fault — excluded by v2 single-line filter,Multi-line fix or insertion/deletion per GROUND_TRUTH_PROTOCOL.md §3,2026-09-10T18:05:00+00:00
50709042,abc266_f,1,[50],include,[50],,Single-line fix: altered operator/operand/bound/index per GROUND_TRUTH_PROTOCOL.md §3,2026-09-10T18:05:00+00:00
44683031,abc266_g,2,"[24, 30]",exclude,[],multiple independent faults,Multi-hunk fix per GROUND_TRUTH_PROTOCOL.md §3,2026-09-10T18:05:00+00:00
34423081,abc266_h,1,[250],include,[250],,Single-line fix: altered operator/operand/bound/index per GROUND_TRUTH_PROTOCOL.md §3,2026-09-10T18:05:00+00:00
45233540,abc267_b,1,[30],include,[30],,Single-line fix: altered operator/operand/bound/index per GROUND_TRUTH_PROTOCOL.md §3,2026-09-10T18:05:00+00:00
45974485,abc267_b,1,[20],include,[20],,Single-line fix: altered operator/operand/bound/index per GROUND_TRUTH_PROTOCOL.md §3,2026-09-10T18:05:00+00:00
45068144,abc267_c,1,[33],include,[33],,Single-line fix: altered operator/operand/bound/index per GROUND_TRUTH_PROTOCOL.md §3,2026-09-10T18:05:00+00:00
45076867,abc267_c,1,[9],include,[9],,Single-line fix: altered operator/operand/bound/index per GROUND_TRUTH_PROTOCOL.md §3,2026-09-10T18:05:00+00:00
45550363,abc267_d,1,[23],include,[23],,Single-line fix: altered operator/operand/bound/index per GROUND_TRUTH_PROTOCOL.md §3,2026-09-10T18:05:00+00:00
46128146,abc267_e,1,[26],include,[26],,Single-line fix: altered operator/operand/bound/index per GROUND_TRUTH_PROTOCOL.md §3,2026-09-10T18:05:00+00:00
45545460,abc267_f,1,[49],include,[49],,Single-line fix: altered operator/operand/bound/index per GROUND_TRUTH_PROTOCOL.md §3,2026-09-10T18:05:00+00:00
35794099,abc267_h,1,[116],include,[116],,Single-line fix: altered operator/operand/bound/index per GROUND_TRUTH_PROTOCOL.md §3,2026-09-10T18:05:00+00:00
45037018,abc268_d,1,[37],include,[37],,Single-line fix: altered operator/operand/bound/index per GROUND_TRUTH_PROTOCOL.md §3,2026-09-10T18:05:00+00:00
45092436,abc268_d,1,[36],include,[36],,Single-line fix: altered operator/operand/bound/index per GROUND_TRUTH_PROTOCOL.md §3,2026-09-10T18:05:00+00:00
45999253,abc268_d,1,[36],include,[36],,Single-line fix: altered operator/operand/bound/index per GROUND_TRUTH_PROTOCOL.md §3,2026-09-10T18:05:00+00:00
45999403,abc268_d,1,[20],include,[20],,Single-line fix: altered operator/operand/bound/index per GROUND_TRUTH_PROTOCOL.md §3,2026-09-10T18:05:00+00:00
46151794,abc268_d,1,[26],include,[26],,Single-line fix: altered operator/operand/bound/index per GROUND_TRUTH_PROTOCOL.md §3,2026-09-10T18:05:00+00:00
46188576,abc268_d,1,[32],include,[32],,Single-line fix: altered operator/operand/bound/index per GROUND_TRUTH_PROTOCOL.md §3,2026-09-10T18:05:00+00:00
45307852,abc268_e,2,[15],exclude,[],multiple independent faults,Multi-hunk fix per GROUND_TRUTH_PROTOCOL.md §3,2026-09-10T18:05:00+00:00
46052240,abc268_e,1,[16],include,[16],,Single-line fix: altered operator/operand/bound/index per GROUND_TRUTH_PROTOCOL.md §3,2026-09-10T18:05:00+00:00
34968864,abc268_g,2,[67],exclude,[],multiple independent faults,Multi-hunk fix per GROUND_TRUTH_PROTOCOL.md §3,2026-09-10T18:05:00+00:00
49241806,abc268_h,1,[32],include,[32],,Single-line fix: altered operator/operand/bound/index per GROUND_TRUTH_PROTOCOL.md §3,2026-09-10T18:05:00+00:00
49647495,abc268_h,1,[],exclude,[],multi-line fault — excluded by v2 single-line filter,Multi-line fix or insertion/deletion per GROUND_TRUTH_PROTOCOL.md §3,2026-09-10T18:05:00+00:00
52213061,abc269_d,1,[70],include,[70],,Single-line fix: altered operator/operand/bound/index per GROUND_TRUTH_PROTOCOL.md §3,2026-09-10T18:05:00+00:00
45055935,abc269_e,2,"[8, 21]",exclude,[],multiple independent faults,Multi-hunk fix per GROUND_TRUTH_PROTOCOL.md §3,2026-09-10T18:05:00+00:00
45214207,abc269_e,1,[11],include,[11],,Single-line fix: altered operator/operand/bound/index per GROUND_TRUTH_PROTOCOL.md §3,2026-09-10T18:05:00+00:00
35978955,abc269_g,1,[48],include,[48],,Single-line fix: altered operator/operand/bound/index per GROUND_TRUTH_PROTOCOL.md §3,2026-09-10T18:05:00+00:00
43509672,abc269_g,1,[26],include,[26],,Single-line fix: altered operator/operand/bound/index per GROUND_TRUTH_PROTOCOL.md §3,2026-09-10T18:05:00+00:00
46011140,abc270_b,1,[19],include,[19],,Single-line fix: altered operator/operand/bound/index per GROUND_TRUTH_PROTOCOL.md §3,2026-09-10T18:05:00+00:00
54301518,abc270_c,1,[25],include,[25],,Single-line fix: altered operator/operand/bound/index per GROUND_TRUTH_PROTOCOL.md §3,2026-09-10T18:05:00+00:00
45974029,abc270_d,1,[85],include,[85],,Single-line fix: altered operator/operand/bound/index per GROUND_TRUTH_PROTOCOL.md §3,2026-09-10T18:05:00+00:00
43228358,abc270_g,2,"[37, 75]",exclude,[],multiple independent faults,Multi-hunk fix per GROUND_TRUTH_PROTOCOL.md §3,2026-09-10T18:05:00+00:00
49178986,abc270_g,1,[22],include,[22],,Single-line fix: altered operator/operand/bound/index per GROUND_TRUTH_PROTOCOL.md §3,2026-09-10T18:05:00+00:00
49185222,abc270_g,1,[9],include,[9],,Single-line fix: altered operator/operand/bound/index per GROUND_TRUTH_PROTOCOL.md §3,2026-09-10T18:05:00+00:00
52785891,abc270_g,1,[33],include,[33],,Single-line fix: altered operator/operand/bound/index per GROUND_TRUTH_PROTOCOL.md §3,2026-09-10T18:05:00+00:00
45793366,abc271_a,1,[20],include,[20],,Single-line fix: altered operator/operand/bound/index per GROUND_TRUTH_PROTOCOL.md §3,2026-09-10T18:05:00+00:00
45004566,abc271_c,1,[],exclude,[],multi-line fault — excluded by v2 single-line filter,Multi-line fix or insertion/deletion per GROUND_TRUTH_PROTOCOL.md §3,2026-09-10T18:05:00+00:00
46008428,abc271_d,1,[14],include,[14],,Single-line fix: altered operator/operand/bound/index per GROUND_TRUTH_PROTOCOL.md §3,2026-09-10T18:05:00+00:00
37700812,abc271_g,1,[65],include,[65],,Single-line fix: altered operator/operand/bound/index per GROUND_TRUTH_PROTOCOL.md §3,2026-09-10T18:05:00+00:00
35401620,abc271_h,1,[],exclude,[],multi-line fault — excluded by v2 single-line filter,Multi-line fix or insertion/deletion per GROUND_TRUTH_PROTOCOL.md §3,2026-09-10T18:05:00+00:00
54716396,abc271_h,1,[],exclude,[],multi-line fault — excluded by v2 single-line filter,Multi-line fix or insertion/deletion per GROUND_TRUTH_PROTOCOL.md §3,2026-09-10T18:05:00+00:00
45282989,abc272_c,1,[22],include,[22],,Single-line fix: altered operator/operand/bound/index per GROUND_TRUTH_PROTOCOL.md §3,2026-09-10T18:05:00+00:00
45114386,abc272_d,2,"[18, 27]",exclude,[],multiple independent faults,Multi-hunk fix per GROUND_TRUTH_PROTOCOL.md §3,2026-09-10T18:05:00+00:00
45575170,abc272_d,1,[25],include,[25],,Single-line fix: altered operator/operand/bound/index per GROUND_TRUTH_PROTOCOL.md §3,2026-09-10T18:05:00+00:00
45511246,abc272_e,1,"[21, 22]",exclude,[],multi-line fault — excluded by v2 single-line filter,Multi-line fix or insertion/deletion per GROUND_TRUTH_PROTOCOL.md §3,2026-09-10T18:05:00+00:00
46719819,abc272_f,2,[289],exclude,[],multiple independent faults,Multi-hunk fix per GROUND_TRUTH_PROTOCOL.md §3,2026-09-10T18:05:00+00:00
49227972,abc272_f,1,[161],include,[161],,Single-line fix: altered operator/operand/bound/index per GROUND_TRUTH_PROTOCOL.md §3,2026-09-10T18:05:00+00:00
47192828,abc272_g,1,[15],include,[15],,Single-line fix: altered operator/operand/bound/index per GROUND_TRUTH_PROTOCOL.md §3,2026-09-10T18:05:00+00:00
48246740,abc272_g,1,[29],include,[29],,Single-line fix: altered operator/operand/bound/index per GROUND_TRUTH_PROTOCOL.md §3,2026-09-10T18:05:00+00:00
48872899,abc272_g,1,[],exclude,[],multi-line fault — excluded by v2 single-line filter,Multi-line fix or insertion/deletion per GROUND_TRUTH_PROTOCOL.md §3,2026-09-10T18:05:00+00:00
48974864,abc272_g,1,[13],include,[13],,Single-line fix: altered operator/operand/bound/index per GROUND_TRUTH_PROTOCOL.md §3,2026-09-10T18:05:00+00:00
52009362,abc272_g,1,[104],include,[104],,Single-line fix: altered operator/operand/bound/index per GROUND_TRUTH_PROTOCOL.md §3,2026-09-10T18:05:00+00:00
53473806,abc272_g,1,[104],include,[104],,Single-line fix: altered operator/operand/bound/index per GROUND_TRUTH_PROTOCOL.md §3,2026-09-10T18:05:00+00:00
54704821,abc272_g,1,[34],include,[34],,Single-line fix: altered operator/operand/bound/index per GROUND_TRUTH_PROTOCOL.md §3,2026-09-10T18:05:00+00:00
52009785,abc273_c,1,"[273, 274]",exclude,[],multi-line fault — excluded by v2 single-line filter,Multi-line fix or insertion/deletion per GROUND_TRUTH_PROTOCOL.md §3,2026-09-10T18:05:00+00:00
45461646,abc273_d,1,[60],include,[60],,Single-line fix: altered operator/operand/bound/index per GROUND_TRUTH_PROTOCOL.md §3,2026-09-10T18:05:00+00:00
35719660,abc273_g,1,[102],include,[102],,Single-line fix: altered operator/operand/bound/index per GROUND_TRUTH_PROTOCOL.md §3,2026-09-10T18:05:00+00:00
46033282,abc274_d,1,[34],include,[34],,Single-line fix: altered operator/operand/bound/index per GROUND_TRUTH_PROTOCOL.md §3,2026-09-10T18:05:00+00:00
45512531,abc274_e,1,[32],include,[32],,Single-line fix: altered operator/operand/bound/index per GROUND_TRUTH_PROTOCOL.md §3,2026-09-10T18:05:00+00:00
50475104,abc274_f,1,[30],include,[30],,Single-line fix: altered operator/operand/bound/index per GROUND_TRUTH_PROTOCOL.md §3,2026-09-10T18:05:00+00:00
44917428,abc275_c,1,[13],include,[13],,Single-line fix: altered operator/operand/bound/index per GROUND_TRUTH_PROTOCOL.md §3,2026-09-10T18:05:00+00:00
45458655,abc275_f,1,[3],include,[3],,Single-line fix: altered operator/operand/bound/index per GROUND_TRUTH_PROTOCOL.md §3,2026-09-10T18:05:00+00:00
36145190,abc275_g,1,[82],include,[82],,Single-line fix: altered operator/operand/bound/index per GROUND_TRUTH_PROTOCOL.md §3,2026-09-10T18:05:00+00:00
37220565,abc275_g,1,[21],include,[21],,Single-line fix: altered operator/operand/bound/index per GROUND_TRUTH_PROTOCOL.md §3,2026-09-10T18:05:00+00:00
45111251,abc276_d,9,"[4, 8, 13, 43]",exclude,[],multiple independent faults,Multi-hunk fix per GROUND_TRUTH_PROTOCOL.md §3,2026-09-10T18:05:00+00:00
45303110,abc276_d,1,[33],include,[33],,Single-line fix: altered operator/operand/bound/index per GROUND_TRUTH_PROTOCOL.md §3,2026-09-10T18:05:00+00:00
36291832,abc276_h,1,[87],include,[87],,Single-line fix: altered operator/operand/bound/index per GROUND_TRUTH_PROTOCOL.md §3,2026-09-10T18:05:00+00:00
45302782,abc277_d,1,[29],include,[29],,Single-line fix: altered operator/operand/bound/index per GROUND_TRUTH_PROTOCOL.md §3,2026-09-10T18:05:00+00:00
45573210,abc277_d,1,[31],include,[31],,Single-line fix: altered operator/operand/bound/index per GROUND_TRUTH_PROTOCOL.md §3,2026-09-10T18:05:00+00:00
46193940,abc277_d,1,[25],include,[25],,Single-line fix: altered operator/operand/bound/index per GROUND_TRUTH_PROTOCOL.md §3,2026-09-10T18:05:00+00:00
45112675,abc277_e,1,[23],include,[23],,Single-line fix: altered operator/operand/bound/index per GROUND_TRUTH_PROTOCOL.md §3,2026-09-10T18:05:00+00:00
46166743,abc277_e,1,[29],include,[29],,Single-line fix: altered operator/operand/bound/index per GROUND_TRUTH_PROTOCOL.md §3,2026-09-10T18:05:00+00:00
41713007,abc277_h,1,[91],include,[91],,Single-line fix: altered operator/operand/bound/index per GROUND_TRUTH_PROTOCOL.md §3,2026-09-10T18:05:00+00:00
45577064,abc278_a,1,[18],include,[18],,Single-line fix: altered operator/operand/bound/index per GROUND_TRUTH_PROTOCOL.md §3,2026-09-10T18:05:00+00:00
44926075,abc278_d,1,[10],include,[10],,Single-line fix: altered operator/operand/bound/index per GROUND_TRUTH_PROTOCOL.md §3,2026-09-10T18:05:00+00:00
46190302,abc278_e,1,[29],include,[29],,Single-line fix: altered operator/operand/bound/index per GROUND_TRUTH_PROTOCOL.md §3,2026-09-10T18:05:00+00:00
36887453,abc278_g,2,[70],exclude,[],multiple independent faults,Multi-hunk fix per GROUND_TRUTH_PROTOCOL.md §3,2026-09-10T18:05:00+00:00
44854241,abc279_d,1,"[24, 25]",exclude,[],multi-line fault — excluded by v2 single-line filter,Multi-line fix or insertion/deletion per GROUND_TRUTH_PROTOCOL.md §3,2026-09-10T18:05:00+00:00
37231890,abc279_g,1,[72],include,[72],,Single-line fix: altered operator/operand/bound/index per GROUND_TRUTH_PROTOCOL.md §3,2026-09-10T18:05:00+00:00
45430441,abc281_b,1,[],exclude,[],multi-line fault — excluded by v2 single-line filter,Multi-line fix or insertion/deletion per GROUND_TRUTH_PROTOCOL.md §3,2026-09-10T18:05:00+00:00
45699589,abc281_b,1,[33],include,[33],,Single-line fix: altered operator/operand/bound/index per GROUND_TRUTH_PROTOCOL.md §3,2026-09-10T18:05:00+00:00
45944008,abc281_b,1,[41],include,[41],,Single-line fix: altered operator/operand/bound/index per GROUND_TRUTH_PROTOCOL.md §3,2026-09-10T18:05:00+00:00
45096639,abc281_d,1,[41],include,[41],,Single-line fix: altered operator/operand/bound/index per GROUND_TRUTH_PROTOCOL.md §3,2026-09-10T18:05:00+00:00
45038482,abc281_f,1,[34],include,[34],,Single-line fix: altered operator/operand/bound/index per GROUND_TRUTH_PROTOCOL.md §3,2026-09-10T18:05:00+00:00
45472060,abc281_f,1,[24],include,[24],,Single-line fix: altered operator/operand/bound/index per GROUND_TRUTH_PROTOCOL.md §3,2026-09-10T18:05:00+00:00
45514577,abc282_e,1,[17],include,[17],,Single-line fix: altered operator/operand/bound/index per GROUND_TRUTH_PROTOCOL.md §3,2026-09-10T18:05:00+00:00
45960750,abc282_f,1,[7],include,[7],,Single-line fix: altered operator/operand/bound/index per GROUND_TRUTH_PROTOCOL.md §3,2026-09-10T18:05:00+00:00
45277024,abc283_c,1,[],exclude,[],multi-line fault — excluded by v2 single-line filter,Multi-line fix or insertion/deletion per GROUND_TRUTH_PROTOCOL.md §3,2026-09-10T18:05:00+00:00
45462979,abc283_d,1,[15],include,[15],,Single-line fix: altered operator/operand/bound/index per GROUND_TRUTH_PROTOCOL.md §3,2026-09-10T18:05:00+00:00
45759088,abc283_e,1,[36],include,[36],,Single-line fix: altered operator/operand/bound/index per GROUND_TRUTH_PROTOCOL.md §3,2026-09-10T18:05:00+00:00
46910621,abc283_f,1,[56],include,[56],,Single-line fix: altered operator/operand/bound/index per GROUND_TRUTH_PROTOCOL.md §3,2026-09-10T18:05:00+00:00
38648014,abc283_g,1,[21],include,[21],,Single-line fix: altered operator/operand/bound/index per GROUND_TRUTH_PROTOCOL.md §3,2026-09-10T18:05:00+00:00
42794591,abc283_g,1,"[17, 18, 19]",exclude,[],multi-line fault — excluded by v2 single-line filter,Multi-line fix or insertion/deletion per GROUND_TRUTH_PROTOCOL.md §3,2026-09-10T18:05:00+00:00
51990912,abc283_g,2,"[65, 77]",exclude,[],multiple independent faults,Multi-hunk fix per GROUND_TRUTH_PROTOCOL.md §3,2026-09-10T18:05:00+00:00
54268895,abc283_g,1,[21],include,[21],,Single-line fix: altered operator/operand/bound/index per GROUND_TRUTH_PROTOCOL.md §3,2026-09-10T18:05:00+00:00
37533124,abc283_h,1,[29],include,[29],,Single-line fix: altered operator/operand/bound/index per GROUND_TRUTH_PROTOCOL.md §3,2026-09-10T18:05:00+00:00
45510158,abc284_f,2,[56],exclude,[],multiple independent faults,Multi-hunk fix per GROUND_TRUTH_PROTOCOL.md §3,2026-09-10T18:05:00+00:00
48880084,abc285_e,1,[26],include,[26],,Single-line fix: altered operator/operand/bound/index per GROUND_TRUTH_PROTOCOL.md §3,2026-09-10T18:05:00+00:00
45471607,abc286_d,1,[43],include,[43],,Single-line fix: altered operator/operand/bound/index per GROUND_TRUTH_PROTOCOL.md §3,2026-09-10T18:05:00+00:00
45787313,abc286_d,1,[12],include,[12],,Single-line fix: altered operator/operand/bound/index per GROUND_TRUTH_PROTOCOL.md §3,2026-09-10T18:05:00+00:00
45217169,abc286_e,1,"[24, 25]",exclude,[],multi-line fault — excluded by v2 single-line filter,Multi-line fix or insertion/deletion per GROUND_TRUTH_PROTOCOL.md §3,2026-09-10T18:05:00+00:00
45479724,abc286_e,1,[18],include,[18],,Single-line fix: altered operator/operand/bound/index per GROUND_TRUTH_PROTOCOL.md §3,2026-09-10T18:05:00+00:00
46169747,abc286_e,1,[24],include,[24],,Single-line fix: altered operator/operand/bound/index per GROUND_TRUTH_PROTOCOL.md §3,2026-09-10T18:05:00+00:00
45090669,abc286_f,1,[36],include,[36],,Single-line fix: altered operator/operand/bound/index per GROUND_TRUTH_PROTOCOL.md §3,2026-09-10T18:05:00+00:00
38302356,abc286_g,1,[54],include,[54],,Single-line fix: altered operator/operand/bound/index per GROUND_TRUTH_PROTOCOL.md §3,2026-09-10T18:05:00+00:00
38690639,abc286_g,1,[88],include,[88],,Single-line fix: altered operator/operand/bound/index per GROUND_TRUTH_PROTOCOL.md §3,2026-09-10T18:05:00+00:00
41126621,abc286_g,2,[45],exclude,[],multiple independent faults,Multi-hunk fix per GROUND_TRUTH_PROTOCOL.md §3,2026-09-10T18:05:00+00:00
38346885,abc286_h,1,[57],include,[57],,Single-line fix: altered operator/operand/bound/index per GROUND_TRUTH_PROTOCOL.md §3,2026-09-10T18:05:00+00:00
46785855,abc286_h,1,[35],include,[35],,Single-line fix: altered operator/operand/bound/index per GROUND_TRUTH_PROTOCOL.md §3,2026-09-10T18:05:00+00:00
45520506,abc287_c,1,[29],include,[29],,Single-line fix: altered operator/operand/bound/index per GROUND_TRUTH_PROTOCOL.md §3,2026-09-10T18:05:00+00:00
46180932,abc287_c,1,[46],include,[46],,Single-line fix: altered operator/operand/bound/index per GROUND_TRUTH_PROTOCOL.md §3,2026-09-10T18:05:00+00:00
45092019,abc287_d,1,[17],include,[17],,Single-line fix: altered operator/operand/bound/index per GROUND_TRUTH_PROTOCOL.md §3,2026-09-10T18:05:00+00:00
45533288,abc287_d,1,[26],include,[26],,Single-line fix: altered operator/operand/bound/index per GROUND_TRUTH_PROTOCOL.md §3,2026-09-10T18:05:00+00:00
46181501,abc287_d,1,[17],include,[17],,Single-line fix: altered operator/operand/bound/index per GROUND_TRUTH_PROTOCOL.md §3,2026-09-10T18:05:00+00:00
51264451,abc287_e,1,[5],include,[5],,Single-line fix: altered operator/operand/bound/index per GROUND_TRUTH_PROTOCOL.md §3,2026-09-10T18:05:00+00:00
54006112,abc287_e,1,[26],include,[26],,Single-line fix: altered operator/operand/bound/index per GROUND_TRUTH_PROTOCOL.md §3,2026-09-10T18:05:00+00:00
54495703,abc287_e,1,[35],include,[35],,Single-line fix: altered operator/operand/bound/index per GROUND_TRUTH_PROTOCOL.md §3,2026-09-10T18:05:00+00:00
51238563,abc287_f,1,[5],include,[5],,Single-line fix: altered operator/operand/bound/index per GROUND_TRUTH_PROTOCOL.md §3,2026-09-10T18:05:00+00:00
40891564,abc287_g,1,[95],include,[95],,Single-line fix: altered operator/operand/bound/index per GROUND_TRUTH_PROTOCOL.md §3,2026-09-10T18:05:00+00:00
50037780,abc287_g,1,[130],include,[130],,Single-line fix: altered operator/operand/bound/index per GROUND_TRUTH_PROTOCOL.md §3,2026-09-10T18:05:00+00:00
50462471,abc287_g,1,[87],include,[87],,Single-line fix: altered operator/operand/bound/index per GROUND_TRUTH_PROTOCOL.md §3,2026-09-10T18:05:00+00:00
38508416,abc287_h,1,[22],include,[22],,Single-line fix: altered operator/operand/bound/index per GROUND_TRUTH_PROTOCOL.md §3,2026-09-10T18:05:00+00:00
45491325,abc288_d,1,[23],include,[23],,Single-line fix: altered operator/operand/bound/index per GROUND_TRUTH_PROTOCOL.md §3,2026-09-10T18:05:00+00:00
41523056,abc288_e,1,[4],include,[4],,Single-line fix: altered operator/operand/bound/index per GROUND_TRUTH_PROTOCOL.md §3,2026-09-10T18:05:00+00:00
38697040,abc288_h,1,[52],include,[52],,Single-line fix: altered operator/operand/bound/index per GROUND_TRUTH_PROTOCOL.md §3,2026-09-10T18:05:00+00:00
45332649,abc289_c,1,[23],include,[23],,Single-line fix: altered operator/operand/bound/index per GROUND_TRUTH_PROTOCOL.md §3,2026-09-10T18:05:00+00:00
44672786,abc289_d,1,[25],include,[25],,Single-line fix: altered operator/operand/bound/index per GROUND_TRUTH_PROTOCOL.md §3,2026-09-10T18:05:00+00:00
46033056,abc289_d,1,[22],include,[22],,Single-line fix: altered operator/operand/bound/index per GROUND_TRUTH_PROTOCOL.md §3,2026-09-10T18:05:00+00:00
45463729,abc289_e,1,[20],include,[20],,Single-line fix: altered operator/operand/bound/index per GROUND_TRUTH_PROTOCOL.md §3,2026-09-10T18:05:00+00:00
46186786,abc289_e,1,[],exclude,[],multi-line fault — excluded by v2 single-line filter,Multi-line fix or insertion/deletion per GROUND_TRUTH_PROTOCOL.md §3,2026-09-10T18:05:00+00:00
43246591,abc289_h,3,"[102, 116, 117, 118]",exclude,[],multiple independent faults,Multi-hunk fix per GROUND_TRUTH_PROTOCOL.md §3,2026-09-10T18:05:00+00:00
45270856,abc290_c,1,[26],include,[26],,Single-line fix: altered operator/operand/bound/index per GROUND_TRUTH_PROTOCOL.md §3,2026-09-10T18:05:00+00:00
46162962,abc290_c,3,"[3, 9, 19]",exclude,[],multiple independent faults,Multi-hunk fix per GROUND_TRUTH_PROTOCOL.md §3,2026-09-10T18:05:00+00:00
39047205,abc290_g,1,[26],include,[26],,Single-line fix: altered operator/operand/bound/index per GROUND_TRUTH_PROTOCOL.md §3,2026-09-10T18:05:00+00:00
45313651,abc291_c,1,[12],include,[12],,Single-line fix: altered operator/operand/bound/index per GROUND_TRUTH_PROTOCOL.md §3,2026-09-10T18:05:00+00:00
45489809,abc291_d,1,[9],include,[9],,Single-line fix: altered operator/operand/bound/index per GROUND_TRUTH_PROTOCOL.md §3,2026-09-10T18:05:00+00:00
45519163,abc291_d,1,[30],include,[30],,Single-line fix: altered operator/operand/bound/index per GROUND_TRUTH_PROTOCOL.md §3,2026-09-10T18:05:00+00:00
45745122,abc291_d,1,"[23, 24, 25]",exclude,[],multi-line fault — excluded by v2 single-line filter,Multi-line fix or insertion/deletion per GROUND_TRUTH_PROTOCOL.md §3,2026-09-10T18:05:00+00:00
45954675,abc291_d,1,[27],include,[27],,Single-line fix: altered operator/operand/bound/index per GROUND_TRUTH_PROTOCOL.md §3,2026-09-10T18:05:00+00:00
46206336,abc291_d,1,[27],include,[27],,Single-line fix: altered operator/operand/bound/index per GROUND_TRUTH_PROTOCOL.md §3,2026-09-10T18:05:00+00:00
45325123,abc291_e,1,[15],include,[15],,Single-line fix: altered operator/operand/bound/index per GROUND_TRUTH_PROTOCOL.md §3,2026-09-10T18:05:00+00:00
45488021,abc291_f,1,[53],include,[53],,Single-line fix: altered operator/operand/bound/index per GROUND_TRUTH_PROTOCOL.md §3,2026-09-10T18:05:00+00:00
45788276,abc291_f,1,[41],include,[41],,Single-line fix: altered operator/operand/bound/index per GROUND_TRUTH_PROTOCOL.md §3,2026-09-10T18:05:00+00:00
46006070,abc291_f,1,[35],include,[35],,Single-line fix: altered operator/operand/bound/index per GROUND_TRUTH_PROTOCOL.md §3,2026-09-10T18:05:00+00:00
50116430,abc291_h,3,[45],exclude,[],multiple independent faults,Multi-hunk fix per GROUND_TRUTH_PROTOCOL.md §3,2026-09-10T18:05:00+00:00
51212589,abc291_h,1,[7],include,[7],,Single-line fix: altered operator/operand/bound/index per GROUND_TRUTH_PROTOCOL.md §3,2026-09-10T18:05:00+00:00
45291809,abc292_c,1,[19],include,[19],,Single-line fix: altered operator/operand/bound/index per GROUND_TRUTH_PROTOCOL.md §3,2026-09-10T18:05:00+00:00
45536157,abc292_c,1,[34],include,[34],,Single-line fix: altered operator/operand/bound/index per GROUND_TRUTH_PROTOCOL.md §3,2026-09-10T18:05:00+00:00
44987159,abc292_d,1,[18],include,[18],,Single-line fix: altered operator/operand/bound/index per GROUND_TRUTH_PROTOCOL.md §3,2026-09-10T18:05:00+00:00
45523633,abc292_f,1,[16],include,[16],,Single-line fix: altered operator/operand/bound/index per GROUND_TRUTH_PROTOCOL.md §3,2026-09-10T18:05:00+00:00
39455718,abc292_h,1,[111],include,[111],,Single-line fix: altered operator/operand/bound/index per GROUND_TRUTH_PROTOCOL.md §3,2026-09-10T18:05:00+00:00
40600464,abc292_h,1,[80],include,[80],,Single-line fix: altered operator/operand/bound/index per GROUND_TRUTH_PROTOCOL.md §3,2026-09-10T18:05:00+00:00
52014767,abc292_h,1,[75],include,[75],,Single-line fix: altered operator/operand/bound/index per GROUND_TRUTH_PROTOCOL.md §3,2026-09-10T18:05:00+00:00
45502821,abc293_c,1,[34],include,[34],,Single-line fix: altered operator/operand/bound/index per GROUND_TRUTH_PROTOCOL.md §3,2026-09-10T18:05:00+00:00
45665153,abc293_f,1,[38],include,[38],,Single-line fix: altered operator/operand/bound/index per GROUND_TRUTH_PROTOCOL.md §3,2026-09-10T18:05:00+00:00
45910052,abc294_d,1,[21],include,[21],,Single-line fix: altered operator/operand/bound/index per GROUND_TRUTH_PROTOCOL.md §3,2026-09-10T18:05:00+00:00
51921412,abc294_e,1,"[10, 11]",exclude,[],multi-line fault — excluded by v2 single-line filter,Multi-line fix or insertion/deletion per GROUND_TRUTH_PROTOCOL.md §3,2026-09-10T18:05:00+00:00
46857187,abc294_f,2,[],exclude,[],multiple independent faults,Multi-hunk fix per GROUND_TRUTH_PROTOCOL.md §3,2026-09-10T18:05:00+00:00
47413656,abc294_f,1,[22],include,[22],,Single-line fix: altered operator/operand/bound/index per GROUND_TRUTH_PROTOCOL.md §3,2026-09-10T18:05:00+00:00
49343974,abc294_f,1,[42],include,[42],,Single-line fix: altered operator/operand/bound/index per GROUND_TRUTH_PROTOCOL.md §3,2026-09-10T18:05:00+00:00
53961424,abc294_f,1,[25],include,[25],,Single-line fix: altered operator/operand/bound/index per GROUND_TRUTH_PROTOCOL.md §3,2026-09-10T18:05:00+00:00
50893680,abc294_g,2,[54],exclude,[],multiple independent faults,Multi-hunk fix per GROUND_TRUTH_PROTOCOL.md §3,2026-09-10T18:05:00+00:00
53664226,abc294_g,1,[172],include,[172],,Single-line fix: altered operator/operand/bound/index per GROUND_TRUTH_PROTOCOL.md §3,2026-09-10T18:05:00+00:00
45457264,abc295_b,1,[29],include,[29],,Single-line fix: altered operator/operand/bound/index per GROUND_TRUTH_PROTOCOL.md §3,2026-09-10T18:05:00+00:00
45969944,abc295_b,2,[10],exclude,[],multiple independent faults,Multi-hunk fix per GROUND_TRUTH_PROTOCOL.md §3,2026-09-10T18:05:00+00:00
42176175,abc295_e,1,[29],include,[29],,Single-line fix: altered operator/operand/bound/index per GROUND_TRUTH_PROTOCOL.md §3,2026-09-10T18:05:00+00:00
42264948,abc295_e,1,[57],include,[57],,Single-line fix: altered operator/operand/bound/index per GROUND_TRUTH_PROTOCOL.md §3,2026-09-10T18:05:00+00:00
54729841,abc295_e,1,[24],include,[24],,Single-line fix: altered operator/operand/bound/index per GROUND_TRUTH_PROTOCOL.md §3,2026-09-10T18:05:00+00:00
40825469,abc295_g,1,[74],include,[74],,Single-line fix: altered operator/operand/bound/index per GROUND_TRUTH_PROTOCOL.md §3,2026-09-10T18:05:00+00:00
45933759,abc296_d,1,[9],include,[9],,Single-line fix: altered operator/operand/bound/index per GROUND_TRUTH_PROTOCOL.md §3,2026-09-10T18:05:00+00:00
43917096,abc296_f,2,"[18, 29]",exclude,[],multiple independent faults,Multi-hunk fix per GROUND_TRUTH_PROTOCOL.md §3,2026-09-10T18:05:00+00:00
45226037,abc296_f,1,[80],include,[80],,Single-line fix: altered operator/operand/bound/index per GROUND_TRUTH_PROTOCOL.md §3,2026-09-10T18:05:00+00:00
45331429,abc296_f,1,[23],include,[23],,Single-line fix: altered operator/operand/bound/index per GROUND_TRUTH_PROTOCOL.md §3,2026-09-10T18:05:00+00:00
50949566,abc296_f,1,[27],include,[27],,Single-line fix: altered operator/operand/bound/index per GROUND_TRUTH_PROTOCOL.md §3,2026-09-10T18:05:00+00:00
52941375,abc296_f,1,[57],include,[57],,Single-line fix: altered operator/operand/bound/index per GROUND_TRUTH_PROTOCOL.md §3,2026-09-10T18:05:00+00:00
40275095,abc296_h,1,[115],include,[115],,Single-line fix: altered operator/operand/bound/index per GROUND_TRUTH_PROTOCOL.md §3,2026-09-10T18:05:00+00:00
46054755,abc297_e,1,"[21, 22]",exclude,[],multi-line fault — excluded by v2 single-line filter,Multi-line fix or insertion/deletion per GROUND_TRUTH_PROTOCOL.md §3,2026-09-10T18:05:00+00:00
47953762,abc297_f,1,[105],exclude,[],multi-line fault — excluded by v2 single-line filter,Multi-line fix or insertion/deletion per GROUND_TRUTH_PROTOCOL.md §3,2026-09-10T18:05:00+00:00
49316217,abc297_f,1,[],exclude,[],multi-line fault — excluded by v2 single-line filter,Multi-line fix or insertion/deletion per GROUND_TRUTH_PROTOCOL.md §3,2026-09-10T18:05:00+00:00
45279577,abc298_b,1,[25],include,[25],,Single-line fix: altered operator/operand/bound/index per GROUND_TRUTH_PROTOCOL.md §3,2026-09-10T18:05:00+00:00
45483068,abc298_b,1,[7],include,[7],,Single-line fix: altered operator/operand/bound/index per GROUND_TRUTH_PROTOCOL.md §3,2026-09-10T18:05:00+00:00
45491531,abc298_b,1,[15],include,[15],,Single-line fix: altered operator/operand/bound/index per GROUND_TRUTH_PROTOCOL.md §3,2026-09-10T18:05:00+00:00
45996525,abc298_b,1,[26],include,[26],,Single-line fix: altered operator/operand/bound/index per GROUND_TRUTH_PROTOCOL.md §3,2026-09-10T18:05:00+00:00
45550904,abc298_d,1,[23],include,[23],,Single-line fix: altered operator/operand/bound/index per GROUND_TRUTH_PROTOCOL.md §3,2026-09-10T18:05:00+00:00
45710768,abc298_d,1,[26],include,[26],,Single-line fix: altered operator/operand/bound/index per GROUND_TRUTH_PROTOCOL.md §3,2026-09-10T18:05:00+00:00
46008577,abc298_e,1,[22],include,[22],,Single-line fix: altered operator/operand/bound/index per GROUND_TRUTH_PROTOCOL.md §3,2026-09-10T18:05:00+00:00
41059627,abc298_g,1,[55],include,[55],,Single-line fix: altered operator/operand/bound/index per GROUND_TRUTH_PROTOCOL.md §3,2026-09-10T18:05:00+00:00
45695018,abc299_c,1,[30],include,[30],,Single-line fix: altered operator/operand/bound/index per GROUND_TRUTH_PROTOCOL.md §3,2026-09-10T18:05:00+00:00
45750635,abc299_c,1,[45],include,[45],,Single-line fix: altered operator/operand/bound/index per GROUND_TRUTH_PROTOCOL.md §3,2026-09-10T18:05:00+00:00
45797933,abc299_c,2,[],exclude,[],multiple independent faults,Multi-hunk fix per GROUND_TRUTH_PROTOCOL.md §3,2026-09-10T18:05:00+00:00
45999829,abc299_c,1,[25],exclude,[],multi-line fault — excluded by v2 single-line filter,Multi-line fix or insertion/deletion per GROUND_TRUTH_PROTOCOL.md §3,2026-09-10T18:05:00+00:00
46050962,abc299_c,3,[33],exclude,[],multiple independent faults,Multi-hunk fix per GROUND_TRUTH_PROTOCOL.md §3,2026-09-10T18:05:00+00:00
46165545,abc299_c,1,[98],include,[98],,Single-line fix: altered operator/operand/bound/index per GROUND_TRUTH_PROTOCOL.md §3,2026-09-10T18:05:00+00:00
46179112,abc299_d,2,[102],exclude,[],multiple independent faults,Multi-hunk fix per GROUND_TRUTH_PROTOCOL.md §3,2026-09-10T18:05:00+00:00
45347612,abc299_e,1,[39],include,[39],,Single-line fix: altered operator/operand/bound/index per GROUND_TRUTH_PROTOCOL.md §3,2026-09-10T18:05:00+00:00
40872561,abc299_f,1,[41],include,[41],,Single-line fix: altered operator/operand/bound/index per GROUND_TRUTH_PROTOCOL.md §3,2026-09-10T18:05:00+00:00
41069355,abc299_f,1,[7],include,[7],,Single-line fix: altered operator/operand/bound/index per GROUND_TRUTH_PROTOCOL.md §3,2026-09-10T18:05:00+00:00
43242154,abc299_g,2,[21],exclude,[],multiple independent faults,Multi-hunk fix per GROUND_TRUTH_PROTOCOL.md §3,2026-09-10T18:05:00+00:00
45110485,abc300_b,2,"[21, 22]",exclude,[],multiple independent faults,Multi-hunk fix per GROUND_TRUTH_PROTOCOL.md §3,2026-09-10T18:05:00+00:00
45723196,abc300_b,1,[1],include,[1],,Single-line fix: altered operator/operand/bound/index per GROUND_TRUTH_PROTOCOL.md §3,2026-09-10T18:05:00+00:00
45723345,abc300_c,1,[18],include,[18],,Single-line fix: altered operator/operand/bound/index per GROUND_TRUTH_PROTOCOL.md §3,2026-09-10T18:05:00+00:00
45749744,abc300_c,1,[45],include,[45],,Single-line fix: altered operator/operand/bound/index per GROUND_TRUTH_PROTOCOL.md §3,2026-09-10T18:05:00+00:00
45256387,abc300_d,1,[1],include,[1],,Single-line fix: altered operator/operand/bound/index per GROUND_TRUTH_PROTOCOL.md §3,2026-09-10T18:05:00+00:00
45218169,abc300_e,1,[44],include,[44],,Single-line fix: altered operator/operand/bound/index per GROUND_TRUTH_PROTOCOL.md §3,2026-09-10T18:05:00+00:00
45250612,abc300_e,1,[31],include,[31],,Single-line fix: altered operator/operand/bound/index per GROUND_TRUTH_PROTOCOL.md §3,2026-09-10T18:05:00+00:00
45080334,abc300_f,2,[62],exclude,[],multiple independent faults,Multi-hunk fix per GROUND_TRUTH_PROTOCOL.md §3,2026-09-10T18:05:00+00:00
45343856,abc300_f,1,[58],include,[58],,Single-line fix: altered operator/operand/bound/index per GROUND_TRUTH_PROTOCOL.md §3,2026-09-10T18:05:00+00:00
45435689,abc300_f,1,[21],include,[21],,Single-line fix: altered operator/operand/bound/index per GROUND_TRUTH_PROTOCOL.md §3,2026-09-10T18:05:00+00:00
45923968,abc300_f,1,[14],include,[14],,Single-line fix: altered operator/operand/bound/index per GROUND_TRUTH_PROTOCOL.md §3,2026-09-10T18:05:00+00:00
45948997,abc300_f,1,[],exclude,[],multi-line fault — excluded by v2 single-line filter,Multi-line fix or insertion/deletion per GROUND_TRUTH_PROTOCOL.md §3,2026-09-10T18:05:00+00:00
45084922,abc300_g,1,[9],include,[9],,Single-line fix: altered operator/operand/bound/index per GROUND_TRUTH_PROTOCOL.md §3,2026-09-10T18:05:00+00:00
45970658,abc301_b,1,[10],include,[10],,Single-line fix: altered operator/operand/bound/index per GROUND_TRUTH_PROTOCOL.md §3,2026-09-10T18:05:00+00:00
45718315,abc301_d,1,[],exclude,[],multi-line fault — excluded by v2 single-line filter,Multi-line fix or insertion/deletion per GROUND_TRUTH_PROTOCOL.md §3,2026-09-10T18:05:00+00:00
45725346,abc301_d,1,[24],include,[24],,Single-line fix: altered operator/operand/bound/index per GROUND_TRUTH_PROTOCOL.md §3,2026-09-10T18:05:00+00:00
45747617,abc301_d,1,[55],include,[55],,Single-line fix: altered operator/operand/bound/index per GROUND_TRUTH_PROTOCOL.md §3,2026-09-10T18:05:00+00:00
45949713,abc301_e,1,[25],include,[25],,Single-line fix: altered operator/operand/bound/index per GROUND_TRUTH_PROTOCOL.md §3,2026-09-10T18:05:00+00:00
51429838,abc301_f,1,[37],include,[37],,Single-line fix: altered operator/operand/bound/index per GROUND_TRUTH_PROTOCOL.md §3,2026-09-10T18:05:00+00:00
53511062,abc301_f,1,[45],include,[45],,Single-line fix: altered operator/operand/bound/index per GROUND_TRUTH_PROTOCOL.md §3,2026-09-10T18:05:00+00:00
45763953,abc302_b,1,[39],include,[39],,Single-line fix: altered operator/operand/bound/index per GROUND_TRUTH_PROTOCOL.md §3,2026-09-10T18:05:00+00:00
51480791,abc302_e,1,[16],include,[16],,Single-line fix: altered operator/operand/bound/index per GROUND_TRUTH_PROTOCOL.md §3,2026-09-10T18:05:00+00:00
45576163,abc302_f,3,[22],exclude,[],multiple independent faults,Multi-hunk fix per GROUND_TRUTH_PROTOCOL.md §3,2026-09-10T18:05:00+00:00
41709058,abc302_g,1,[9],include,[9],,Single-line fix: altered operator/operand/bound/index per GROUND_TRUTH_PROTOCOL.md §3,2026-09-10T18:05:00+00:00
41876580,abc302_g,2,"[136, 137]",exclude,[],multiple independent faults,Multi-hunk fix per GROUND_TRUTH_PROTOCOL.md §3,2026-09-10T18:05:00+00:00
41887698,abc302_g,1,[23],include,[23],,Single-line fix: altered operator/operand/bound/index per GROUND_TRUTH_PROTOCOL.md §3,2026-09-10T18:05:00+00:00
45491344,abc303_c,1,[26],include,[26],,Single-line fix: altered operator/operand/bound/index per GROUND_TRUTH_PROTOCOL.md §3,2026-09-10T18:05:00+00:00
45578518,abc303_c,1,[4],include,[4],,Single-line fix: altered operator/operand/bound/index per GROUND_TRUTH_PROTOCOL.md §3,2026-09-10T18:05:00+00:00
46045444,abc303_c,1,[19],include,[19],,Single-line fix: altered operator/operand/bound/index per GROUND_TRUTH_PROTOCOL.md §3,2026-09-10T18:05:00+00:00
45489398,abc303_d,1,[11],include,[11],,Single-line fix: altered operator/operand/bound/index per GROUND_TRUTH_PROTOCOL.md §3,2026-09-10T18:05:00+00:00
53920661,abc303_e,2,"[14, 18]",exclude,[],multiple independent faults,Multi-hunk fix per GROUND_TRUTH_PROTOCOL.md §3,2026-09-10T18:05:00+00:00
48442381,abc303_f,1,[4],include,[4],,Single-line fix: altered operator/operand/bound/index per GROUND_TRUTH_PROTOCOL.md §3,2026-09-10T18:05:00+00:00
48933165,abc303_f,1,[23],include,[23],,Single-line fix: altered operator/operand/bound/index per GROUND_TRUTH_PROTOCOL.md §3,2026-09-10T18:05:00+00:00
49402164,abc303_f,1,[],exclude,[],multi-line fault — excluded by v2 single-line filter,Multi-line fix or insertion/deletion per GROUND_TRUTH_PROTOCOL.md §3,2026-09-10T18:05:00+00:00
50087974,abc303_f,1,[57],include,[57],,Single-line fix: altered operator/operand/bound/index per GROUND_TRUTH_PROTOCOL.md §3,2026-09-10T18:05:00+00:00
51957402,abc303_f,1,[],exclude,[],multi-line fault — excluded by v2 single-line filter,Multi-line fix or insertion/deletion per GROUND_TRUTH_PROTOCOL.md §3,2026-09-10T18:05:00+00:00
41795359,abc303_g,1,[36],include,[36],,Single-line fix: altered operator/operand/bound/index per GROUND_TRUTH_PROTOCOL.md §3,2026-09-10T18:05:00+00:00
41906923,abc303_g,1,[105],include,[105],,Single-line fix: altered operator/operand/bound/index per GROUND_TRUTH_PROTOCOL.md §3,2026-09-10T18:05:00+00:00
45577481,abc304_b,1,[31],include,[31],,Single-line fix: altered operator/operand/bound/index per GROUND_TRUTH_PROTOCOL.md §3,2026-09-10T18:05:00+00:00
45808253,abc304_b,1,[19],include,[19],,Single-line fix: altered operator/operand/bound/index per GROUND_TRUTH_PROTOCOL.md §3,2026-09-10T18:05:00+00:00
45574429,abc304_d,1,[29],include,[29],,Single-line fix: altered operator/operand/bound/index per GROUND_TRUTH_PROTOCOL.md §3,2026-09-10T18:05:00+00:00
45077270,abc304_f,1,[67],include,[67],,Single-line fix: altered operator/operand/bound/index per GROUND_TRUTH_PROTOCOL.md §3,2026-09-10T18:05:00+00:00
41991921,abc304_g,1,[43],include,[43],,Single-line fix: altered operator/operand/bound/index per GROUND_TRUTH_PROTOCOL.md §3,2026-09-10T18:05:00+00:00
41999726,abc304_g,1,[67],include,[67],,Single-line fix: altered operator/operand/bound/index per GROUND_TRUTH_PROTOCOL.md §3,2026-09-10T18:05:00+00:00
42019155,abc304_h,1,[41],include,[41],,Single-line fix: altered operator/operand/bound/index per GROUND_TRUTH_PROTOCOL.md §3,2026-09-10T18:05:00+00:00
42210009,abc304_h,1,[66],include,[66],,Single-line fix: altered operator/operand/bound/index per GROUND_TRUTH_PROTOCOL.md §3,2026-09-10T18:05:00+00:00
48697427,abc304_h,1,[13],include,[13],,Single-line fix: altered operator/operand/bound/index per GROUND_TRUTH_PROTOCOL.md §3,2026-09-10T18:05:00+00:00
46169156,abc305_b,1,[21],include,[21],,Single-line fix: altered operator/operand/bound/index per GROUND_TRUTH_PROTOCOL.md §3,2026-09-10T18:05:00+00:00
46045921,abc305_e,1,[27],include,[27],,Single-line fix: altered operator/operand/bound/index per GROUND_TRUTH_PROTOCOL.md §3,2026-09-10T18:05:00+00:00
46138524,abc306_e,1,[20],include,[20],,Single-line fix: altered operator/operand/bound/index per GROUND_TRUTH_PROTOCOL.md §3,2026-09-10T18:05:00+00:00
45483518,abc306_g,2,"[98, 101, 102]",exclude,[],multiple independent faults,Multi-hunk fix per GROUND_TRUTH_PROTOCOL.md §3,2026-09-10T18:05:00+00:00
46162555,abc307_c,1,[54],include,[54],,Single-line fix: altered operator/operand/bound/index per GROUND_TRUTH_PROTOCOL.md §3,2026-09-10T18:05:00+00:00
45446603,abc307_d,1,[17],include,[17],,Single-line fix: altered operator/operand/bound/index per GROUND_TRUTH_PROTOCOL.md §3,2026-09-10T18:05:00+00:00
45471496,abc307_d,2,[],exclude,[],multiple independent faults,Multi-hunk fix per GROUND_TRUTH_PROTOCOL.md §3,2026-09-10T18:05:00+00:00
48677305,abc307_f,1,[4],include,[4],,Single-line fix: altered operator/operand/bound/index per GROUND_TRUTH_PROTOCOL.md §3,2026-09-10T18:05:00+00:00
51485146,abc307_f,1,[135],include,[135],,Single-line fix: altered operator/operand/bound/index per GROUND_TRUTH_PROTOCOL.md §3,2026-09-10T18:05:00+00:00
53719250,abc307_f,1,[62],include,[62],,Single-line fix: altered operator/operand/bound/index per GROUND_TRUTH_PROTOCOL.md §3,2026-09-10T18:05:00+00:00
42981473,abc307_g,1,[20],include,[20],,Single-line fix: altered operator/operand/bound/index per GROUND_TRUTH_PROTOCOL.md §3,2026-09-10T18:05:00+00:00
42990129,abc307_g,1,[36],include,[36],,Single-line fix: altered operator/operand/bound/index per GROUND_TRUTH_PROTOCOL.md §3,2026-09-10T18:05:00+00:00
51711769,abc307_g,1,[57],include,[57],,Single-line fix: altered operator/operand/bound/index per GROUND_TRUTH_PROTOCOL.md §3,2026-09-10T18:05:00+00:00
43030329,abc307_h,1,[56],include,[56],,Single-line fix: altered operator/operand/bound/index per GROUND_TRUTH_PROTOCOL.md §3,2026-09-10T18:05:00+00:00
45926524,abc308_c,1,[5],include,[5],,Single-line fix: altered operator/operand/bound/index per GROUND_TRUTH_PROTOCOL.md §3,2026-09-10T18:05:00+00:00
54535139,abc308_d,2,[17],exclude,[],multiple independent faults,Multi-hunk fix per GROUND_TRUTH_PROTOCOL.md §3,2026-09-10T18:05:00+00:00
54718266,abc308_d,1,[27],include,[27],,Single-line fix: altered operator/operand/bound/index per GROUND_TRUTH_PROTOCOL.md §3,2026-09-10T18:05:00+00:00
43737866,abc308_g,1,[152],include,[152],,Single-line fix: altered operator/operand/bound/index per GROUND_TRUTH_PROTOCOL.md §3,2026-09-10T18:05:00+00:00
45722179,abc309_b,2,"[16, 17]",exclude,[],multiple independent faults,Multi-hunk fix per GROUND_TRUTH_PROTOCOL.md §3,2026-09-10T18:05:00+00:00
45788753,abc309_c,1,[51],include,[51],,Single-line fix: altered operator/operand/bound/index per GROUND_TRUTH_PROTOCOL.md §3,2026-09-10T18:05:00+00:00
45895898,abc309_c,1,[36],include,[36],,Single-line fix: altered operator/operand/bound/index per GROUND_TRUTH_PROTOCOL.md §3,2026-09-10T18:05:00+00:00
46051654,abc309_d,2,"[16, 28, 29, 30, 31]",exclude,[],multiple independent faults,Multi-hunk fix per GROUND_TRUTH_PROTOCOL.md §3,2026-09-10T18:05:00+00:00
45761344,abc309_e,1,[19],include,[19],,Single-line fix: altered operator/operand/bound/index per GROUND_TRUTH_PROTOCOL.md §3,2026-09-10T18:05:00+00:00
45971969,abc309_e,1,[36],include,[36],,Single-line fix: altered operator/operand/bound/index per GROUND_TRUTH_PROTOCOL.md §3,2026-09-10T18:05:00+00:00
46214263,abc309_e,1,[18],include,[18],,Single-line fix: altered operator/operand/bound/index per GROUND_TRUTH_PROTOCOL.md §3,2026-09-10T18:05:00+00:00
51247653,abc309_f,1,[195],include,[195],,Single-line fix: altered operator/operand/bound/index per GROUND_TRUTH_PROTOCOL.md §3,2026-09-10T18:05:00+00:00
51733804,abc309_f,1,[83],include,[83],,Single-line fix: altered operator/operand/bound/index per GROUND_TRUTH_PROTOCOL.md §3,2026-09-10T18:05:00+00:00
52283209,abc309_f,1,[127],include,[127],,Single-line fix: altered operator/operand/bound/index per GROUND_TRUTH_PROTOCOL.md §3,2026-09-10T18:05:00+00:00
52944581,abc309_f,2,[],exclude,[],multiple independent faults,Multi-hunk fix per GROUND_TRUTH_PROTOCOL.md §3,2026-09-10T18:05:00+00:00
55142933,abc309_f,1,[26],include,[26],,Single-line fix: altered operator/operand/bound/index per GROUND_TRUTH_PROTOCOL.md §3,2026-09-10T18:05:00+00:00
46051370,abc310_b,1,[27],include,[27],,Single-line fix: altered operator/operand/bound/index per GROUND_TRUTH_PROTOCOL.md §3,2026-09-10T18:05:00+00:00
46217262,abc310_b,1,[16],include,[16],,Single-line fix: altered operator/operand/bound/index per GROUND_TRUTH_PROTOCOL.md §3,2026-09-10T18:05:00+00:00
53176077,abc310_d,1,[6],include,[6],,Single-line fix: altered operator/operand/bound/index per GROUND_TRUTH_PROTOCOL.md §3,2026-09-10T18:05:00+00:00
45980619,abc311_b,1,"[17, 18]",exclude,[],multi-line fault — excluded by v2 single-line filter,Multi-line fix or insertion/deletion per GROUND_TRUTH_PROTOCOL.md §3,2026-09-10T18:05:00+00:00
45970897,abc311_e,1,[18],include,[18],,Single-line fix: altered operator/operand/bound/index per GROUND_TRUTH_PROTOCOL.md §3,2026-09-10T18:05:00+00:00
43899768,abc311_g,1,[12],include,[12],,Single-line fix: altered operator/operand/bound/index per GROUND_TRUTH_PROTOCOL.md §3,2026-09-10T18:05:00+00:00
45722066,abc312_c,1,[5],include,[5],,Single-line fix: altered operator/operand/bound/index per GROUND_TRUTH_PROTOCOL.md §3,2026-09-10T18:05:00+00:00
45783776,abc312_c,1,[22],include,[22],,Single-line fix: altered operator/operand/bound/index per GROUND_TRUTH_PROTOCOL.md §3,2026-09-10T18:05:00+00:00
45783787,abc312_c,1,[25],include,[25],,Single-line fix: altered operator/operand/bound/index per GROUND_TRUTH_PROTOCOL.md §3,2026-09-10T18:05:00+00:00
45814496,abc312_c,1,[30],include,[30],,Single-line fix: altered operator/operand/bound/index per GROUND_TRUTH_PROTOCOL.md §3,2026-09-10T18:05:00+00:00
46004421,abc312_c,1,[11],include,[11],,Single-line fix: altered operator/operand/bound/index per GROUND_TRUTH_PROTOCOL.md §3,2026-09-10T18:05:00+00:00
46017936,abc312_c,1,[16],include,[16],,Single-line fix: altered operator/operand/bound/index per GROUND_TRUTH_PROTOCOL.md §3,2026-09-10T18:05:00+00:00
46019234,abc312_c,2,"[26, 42]",exclude,[],multiple independent faults,Multi-hunk fix per GROUND_TRUTH_PROTOCOL.md §3,2026-09-10T18:05:00+00:00
46028780,abc312_c,1,[28],include,[28],,Single-line fix: altered operator/operand/bound/index per GROUND_TRUTH_PROTOCOL.md §3,2026-09-10T18:05:00+00:00
52032093,abc312_d,1,[20],include,[20],,Single-line fix: altered operator/operand/bound/index per GROUND_TRUTH_PROTOCOL.md §3,2026-09-10T18:05:00+00:00
46140996,abc312_f,1,[18],include,[18],,Single-line fix: altered operator/operand/bound/index per GROUND_TRUTH_PROTOCOL.md §3,2026-09-10T18:05:00+00:00
46206445,abc312_f,2,"[28, 47]",exclude,[],multiple independent faults,Multi-hunk fix per GROUND_TRUTH_PROTOCOL.md §3,2026-09-10T18:05:00+00:00
45777524,abc313_d,1,[112],include,[112],,Single-line fix: altered operator/operand/bound/index per GROUND_TRUTH_PROTOCOL.md §3,2026-09-10T18:05:00+00:00
45766127,abc313_e,1,[9],include,[9],,Single-line fix: altered operator/operand/bound/index per GROUND_TRUTH_PROTOCOL.md §3,2026-09-10T18:05:00+00:00
46134579,abc313_g,1,[49],include,[49],,Single-line fix: altered operator/operand/bound/index per GROUND_TRUTH_PROTOCOL.md §3,2026-09-10T18:05:00+00:00
45932176,abc314_b,2,"[21, 25]",exclude,[],multiple independent faults,Multi-hunk fix per GROUND_TRUTH_PROTOCOL.md §3,2026-09-10T18:05:00+00:00
45977913,abc314_b,1,[24],include,[24],,Single-line fix: altered operator/operand/bound/index per GROUND_TRUTH_PROTOCOL.md §3,2026-09-10T18:05:00+00:00
45979954,abc314_b,1,[25],include,[25],,Single-line fix: altered operator/operand/bound/index per GROUND_TRUTH_PROTOCOL.md §3,2026-09-10T18:05:00+00:00
54038840,abc314_c,1,[14],include,[14],,Single-line fix: altered operator/operand/bound/index per GROUND_TRUTH_PROTOCOL.md §3,2026-09-10T18:05:00+00:00
46143343,abc314_d,1,[30],include,[30],,Single-line fix: altered operator/operand/bound/index per GROUND_TRUTH_PROTOCOL.md §3,2026-09-10T18:05:00+00:00
46146276,abc314_d,1,[25],include,[25],,Single-line fix: altered operator/operand/bound/index per GROUND_TRUTH_PROTOCOL.md §3,2026-09-10T18:05:00+00:00
45808089,abc314_e,1,[22],include,[22],,Single-line fix: altered operator/operand/bound/index per GROUND_TRUTH_PROTOCOL.md §3,2026-09-10T18:05:00+00:00
45264890,abc314_g,1,[106],include,[106],,Single-line fix: altered operator/operand/bound/index per GROUND_TRUTH_PROTOCOL.md §3,2026-09-10T18:05:00+00:00
47095184,abc314_g,1,[143],include,[143],,Single-line fix: altered operator/operand/bound/index per GROUND_TRUTH_PROTOCOL.md §3,2026-09-10T18:05:00+00:00
46043300,abc315_f,1,[22],include,[22],,Single-line fix: altered operator/operand/bound/index per GROUND_TRUTH_PROTOCOL.md §3,2026-09-10T18:05:00+00:00
46136201,abc315_f,1,[29],include,[29],,Single-line fix: altered operator/operand/bound/index per GROUND_TRUTH_PROTOCOL.md §3,2026-09-10T18:05:00+00:00
44773178,abc315_h,1,[286],include,[286],,Single-line fix: altered operator/operand/bound/index per GROUND_TRUTH_PROTOCOL.md §3,2026-09-10T18:05:00+00:00
54270366,abc317_a,1,[42],include,[42],,Single-line fix: altered operator/operand/bound/index per GROUND_TRUTH_PROTOCOL.md §3,2026-09-10T18:05:00+00:00
52056192,abc317_d,1,[23],include,[23],,Single-line fix: altered operator/operand/bound/index per GROUND_TRUTH_PROTOCOL.md §3,2026-09-10T18:05:00+00:00
51930031,abc317_e,1,[47],include,[47],,Single-line fix: altered operator/operand/bound/index per GROUND_TRUTH_PROTOCOL.md §3,2026-09-10T18:05:00+00:00
52926276,abc317_e,1,[70],include,[70],,Single-line fix: altered operator/operand/bound/index per GROUND_TRUTH_PROTOCOL.md §3,2026-09-10T18:05:00+00:00
45104583,abc317_f,1,[74],include,[74],,Single-line fix: altered operator/operand/bound/index per GROUND_TRUTH_PROTOCOL.md §3,2026-09-10T18:05:00+00:00
46240679,abc317_f,1,[63],include,[63],,Single-line fix: altered operator/operand/bound/index per GROUND_TRUTH_PROTOCOL.md §3,2026-09-10T18:05:00+00:00
53538516,abc318_g,1,[36],include,[36],,Single-line fix: altered operator/operand/bound/index per GROUND_TRUTH_PROTOCOL.md §3,2026-09-10T18:05:00+00:00
45811398,abc319_b,2,"[1, 12]",exclude,[],multiple independent faults,Multi-hunk fix per GROUND_TRUTH_PROTOCOL.md §3,2026-09-10T18:05:00+00:00
45969465,abc319_b,1,[3],include,[3],,Single-line fix: altered operator/operand/bound/index per GROUND_TRUTH_PROTOCOL.md §3,2026-09-10T18:05:00+00:00
45783074,abc319_c,1,[11],include,[11],,Single-line fix: altered operator/operand/bound/index per GROUND_TRUTH_PROTOCOL.md §3,2026-09-10T18:05:00+00:00
45753057,abc319_d,1,[13],include,[13],,Single-line fix: altered operator/operand/bound/index per GROUND_TRUTH_PROTOCOL.md §3,2026-09-10T18:05:00+00:00
45764630,abc319_d,1,[19],include,[19],,Single-line fix: altered operator/operand/bound/index per GROUND_TRUTH_PROTOCOL.md §3,2026-09-10T18:05:00+00:00
45768613,abc319_d,1,[10],include,[10],,Single-line fix: altered operator/operand/bound/index per GROUND_TRUTH_PROTOCOL.md §3,2026-09-10T18:05:00+00:00
45774151,abc319_d,1,[11],include,[11],,Single-line fix: altered operator/operand/bound/index per GROUND_TRUTH_PROTOCOL.md §3,2026-09-10T18:05:00+00:00
45778019,abc319_d,1,[],exclude,[],multi-line fault — excluded by v2 single-line filter,Multi-line fix or insertion/deletion per GROUND_TRUTH_PROTOCOL.md §3,2026-09-10T18:05:00+00:00
45793373,abc319_d,1,[10],include,[10],,Single-line fix: altered operator/operand/bound/index per GROUND_TRUTH_PROTOCOL.md §3,2026-09-10T18:05:00+00:00
45926522,abc319_d,1,[3],include,[3],,Single-line fix: altered operator/operand/bound/index per GROUND_TRUTH_PROTOCOL.md §3,2026-09-10T18:05:00+00:00
45933392,abc319_d,1,[17],include,[17],,Single-line fix: altered operator/operand/bound/index per GROUND_TRUTH_PROTOCOL.md §3,2026-09-10T18:05:00+00:00
45948664,abc319_d,1,[21],include,[21],,Single-line fix: altered operator/operand/bound/index per GROUND_TRUTH_PROTOCOL.md §3,2026-09-10T18:05:00+00:00
45968743,abc319_d,1,[16],include,[16],,Single-line fix: altered operator/operand/bound/index per GROUND_TRUTH_PROTOCOL.md §3,2026-09-10T18:05:00+00:00
45993248,abc319_d,1,[34],include,[34],,Single-line fix: altered operator/operand/bound/index per GROUND_TRUTH_PROTOCOL.md §3,2026-09-10T18:05:00+00:00
46138292,abc319_d,1,[38],include,[38],,Single-line fix: altered operator/operand/bound/index per GROUND_TRUTH_PROTOCOL.md §3,2026-09-10T18:05:00+00:00
46194473,abc319_d,1,[93],include,[93],,Single-line fix: altered operator/operand/bound/index per GROUND_TRUTH_PROTOCOL.md §3,2026-09-10T18:05:00+00:00
45769357,abc319_f,1,[47],include,[47],,Single-line fix: altered operator/operand/bound/index per GROUND_TRUTH_PROTOCOL.md §3,2026-09-10T18:05:00+00:00
45777946,abc319_f,2,[],exclude,[],multiple independent faults,Multi-hunk fix per GROUND_TRUTH_PROTOCOL.md §3,2026-09-10T18:05:00+00:00
46211313,abc319_g,2,[20],exclude,[],multiple independent faults,Multi-hunk fix per GROUND_TRUTH_PROTOCOL.md §3,2026-09-10T18:05:00+00:00
55010802,abc320_c,1,[58],include,[58],,Single-line fix: altered operator/operand/bound/index per GROUND_TRUTH_PROTOCOL.md §3,2026-09-10T18:05:00+00:00
54919763,abc320_d,1,[11],include,[11],,Single-line fix: altered operator/operand/bound/index per GROUND_TRUTH_PROTOCOL.md §3,2026-09-10T18:05:00+00:00
46034926,abc320_f,1,[32],include,[32],,Single-line fix: altered operator/operand/bound/index per GROUND_TRUTH_PROTOCOL.md §3,2026-09-10T18:05:00+00:00
47539324,abc320_f,1,[6],include,[6],,Single-line fix: altered operator/operand/bound/index per GROUND_TRUTH_PROTOCOL.md §3,2026-09-10T18:05:00+00:00
48703794,abc320_f,1,[33],include,[33],,Single-line fix: altered operator/operand/bound/index per GROUND_TRUTH_PROTOCOL.md §3,2026-09-10T18:05:00+00:00
51972231,abc320_f,1,[103],include,[103],,Single-line fix: altered operator/operand/bound/index per GROUND_TRUTH_PROTOCOL.md §3,2026-09-10T18:05:00+00:00
45654657,abc320_g,1,[84],include,[84],,Single-line fix: altered operator/operand/bound/index per GROUND_TRUTH_PROTOCOL.md §3,2026-09-10T18:05:00+00:00
45748637,abc320_g,3,"[92, 108, 185]",exclude,[],multiple independent faults,Multi-hunk fix per GROUND_TRUTH_PROTOCOL.md §3,2026-09-10T18:05:00+00:00
55168667,abc321_b,1,[15],include,[15],,Single-line fix: altered operator/operand/bound/index per GROUND_TRUTH_PROTOCOL.md §3,2026-09-10T18:05:00+00:00
54658079,abc321_e,1,[5],include,[5],,Single-line fix: altered operator/operand/bound/index per GROUND_TRUTH_PROTOCOL.md §3,2026-09-10T18:05:00+00:00
54658110,abc321_e,1,[5],include,[5],,Single-line fix: altered operator/operand/bound/index per GROUND_TRUTH_PROTOCOL.md §3,2026-09-10T18:05:00+00:00
50314783,abc321_f,1,[32],include,[32],,Single-line fix: altered operator/operand/bound/index per GROUND_TRUTH_PROTOCOL.md §3,2026-09-10T18:05:00+00:00
46196763,abc322_b,1,[14],include,[14],,Single-line fix: altered operator/operand/bound/index per GROUND_TRUTH_PROTOCOL.md §3,2026-09-10T18:05:00+00:00
46190250,abc322_d,1,[71],include,[71],,Single-line fix: altered operator/operand/bound/index per GROUND_TRUTH_PROTOCOL.md §3,2026-09-10T18:05:00+00:00
53313253,abc322_d,1,[47],include,[47],,Single-line fix: altered operator/operand/bound/index per GROUND_TRUTH_PROTOCOL.md §3,2026-09-10T18:05:00+00:00
53004931,abc322_e,1,[38],include,[38],,Single-line fix: altered operator/operand/bound/index per GROUND_TRUTH_PROTOCOL.md §3,2026-09-10T18:05:00+00:00
52703822,abc322_f,1,[94],include,[94],,Single-line fix: altered operator/operand/bound/index per GROUND_TRUTH_PROTOCOL.md §3,2026-09-10T18:05:00+00:00
54238360,abc323_b,2,"[16, 33]",exclude,[],multiple independent faults,Multi-hunk fix per GROUND_TRUTH_PROTOCOL.md §3,2026-09-10T18:05:00+00:00
54308429,abc323_c,1,[13],include,[13],,Single-line fix: altered operator/operand/bound/index per GROUND_TRUTH_PROTOCOL.md §3,2026-09-10T18:05:00+00:00
54680187,abc323_c,1,[27],include,[27],,Single-line fix: altered operator/operand/bound/index per GROUND_TRUTH_PROTOCOL.md §3,2026-09-10T18:05:00+00:00
54745257,abc323_c,1,[24],include,[24],,Single-line fix: altered operator/operand/bound/index per GROUND_TRUTH_PROTOCOL.md §3,2026-09-10T18:05:00+00:00
54930796,abc323_c,1,[24],include,[24],,Single-line fix: altered operator/operand/bound/index per GROUND_TRUTH_PROTOCOL.md §3,2026-09-10T18:05:00+00:00
50223990,abc323_f,1,[49],exclude,[],multi-line fault — excluded by v2 single-line filter,Multi-line fix or insertion/deletion per GROUND_TRUTH_PROTOCOL.md §3,2026-09-10T18:05:00+00:00
50628101,abc323_f,1,[39],include,[39],,Single-line fix: altered operator/operand/bound/index per GROUND_TRUTH_PROTOCOL.md §3,2026-09-10T18:05:00+00:00
53065562,abc323_f,1,[],exclude,[],multi-line fault — excluded by v2 single-line filter,Multi-line fix or insertion/deletion per GROUND_TRUTH_PROTOCOL.md §3,2026-09-10T18:05:00+00:00
53953051,abc324_d,1,[28],include,[28],,Single-line fix: altered operator/operand/bound/index per GROUND_TRUTH_PROTOCOL.md §3,2026-09-10T18:05:00+00:00
54390162,abc324_d,1,[13],include,[13],,Single-line fix: altered operator/operand/bound/index per GROUND_TRUTH_PROTOCOL.md §3,2026-09-10T18:05:00+00:00
54432109,abc324_d,1,[11],include,[11],,Single-line fix: altered operator/operand/bound/index per GROUND_TRUTH_PROTOCOL.md §3,2026-09-10T18:05:00+00:00
54739961,abc324_d,1,[29],include,[29],,Single-line fix: altered operator/operand/bound/index per GROUND_TRUTH_PROTOCOL.md §3,2026-09-10T18:05:00+00:00
52742757,abc324_e,1,[25],include,[25],,Single-line fix: altered operator/operand/bound/index per GROUND_TRUTH_PROTOCOL.md §3,2026-09-10T18:05:00+00:00
52629689,abc324_g,1,"[80, 81]",exclude,[],multi-line fault — excluded by v2 single-line filter,Multi-line fix or insertion/deletion per GROUND_TRUTH_PROTOCOL.md §3,2026-09-10T18:05:00+00:00
54452348,abc325_c,1,[100],include,[100],,Single-line fix: altered operator/operand/bound/index per GROUND_TRUTH_PROTOCOL.md §3,2026-09-10T18:05:00+00:00
52936269,abc325_d,1,[19],include,[19],,Single-line fix: altered operator/operand/bound/index per GROUND_TRUTH_PROTOCOL.md §3,2026-09-10T18:05:00+00:00
53574782,abc325_d,1,[10],include,[10],,Single-line fix: altered operator/operand/bound/index per GROUND_TRUTH_PROTOCOL.md §3,2026-09-10T18:05:00+00:00
47165263,abc325_f,1,[35],include,[35],,Single-line fix: altered operator/operand/bound/index per GROUND_TRUTH_PROTOCOL.md §3,2026-09-10T18:05:00+00:00
47205844,abc325_f,1,[43],include,[43],,Single-line fix: altered operator/operand/bound/index per GROUND_TRUTH_PROTOCOL.md §3,2026-09-10T18:05:00+00:00
47320684,abc325_f,1,[18],include,[18],,Single-line fix: altered operator/operand/bound/index per GROUND_TRUTH_PROTOCOL.md §3,2026-09-10T18:05:00+00:00
47338119,abc325_f,1,[14],include,[14],,Single-line fix: altered operator/operand/bound/index per GROUND_TRUTH_PROTOCOL.md §3,2026-09-10T18:05:00+00:00
49397229,abc325_f,2,"[11, 31]",exclude,[],multiple independent faults,Multi-hunk fix per GROUND_TRUTH_PROTOCOL.md §3,2026-09-10T18:05:00+00:00
52623489,abc325_f,1,[21],include,[21],,Single-line fix: altered operator/operand/bound/index per GROUND_TRUTH_PROTOCOL.md §3,2026-09-10T18:05:00+00:00
46914169,abc325_g,1,[21],include,[21],,Single-line fix: altered operator/operand/bound/index per GROUND_TRUTH_PROTOCOL.md §3,2026-09-10T18:05:00+00:00
54454360,abc326_c,1,[13],include,[13],,Single-line fix: altered operator/operand/bound/index per GROUND_TRUTH_PROTOCOL.md §3,2026-09-10T18:05:00+00:00
52271253,abc326_d,2,[],exclude,[],multiple independent faults,Multi-hunk fix per GROUND_TRUTH_PROTOCOL.md §3,2026-09-10T18:05:00+00:00
52796362,abc326_d,1,[139],include,[139],,Single-line fix: altered operator/operand/bound/index per GROUND_TRUTH_PROTOCOL.md §3,2026-09-10T18:05:00+00:00
52906322,abc326_d,1,[7],include,[7],,Single-line fix: altered operator/operand/bound/index per GROUND_TRUTH_PROTOCOL.md §3,2026-09-10T18:05:00+00:00
53923236,abc326_d,1,[67],include,[67],,Single-line fix: altered operator/operand/bound/index per GROUND_TRUTH_PROTOCOL.md §3,2026-09-10T18:05:00+00:00
53955700,abc326_d,1,[8],include,[8],,Single-line fix: altered operator/operand/bound/index per GROUND_TRUTH_PROTOCOL.md §3,2026-09-10T18:05:00+00:00
54027090,abc326_d,2,"[7, 13]",exclude,[],multiple independent faults,Multi-hunk fix per GROUND_TRUTH_PROTOCOL.md §3,2026-09-10T18:05:00+00:00
54403865,abc326_d,1,[72],include,[72],,Single-line fix: altered operator/operand/bound/index per GROUND_TRUTH_PROTOCOL.md §3,2026-09-10T18:05:00+00:00
54719711,abc326_f,1,[15],include,[15],,Single-line fix: altered operator/operand/bound/index per GROUND_TRUTH_PROTOCOL.md §3,2026-09-10T18:05:00+00:00
53791551,abc327_c,2,"[2, 24]",exclude,[],multiple independent faults,Multi-hunk fix per GROUND_TRUTH_PROTOCOL.md §3,2026-09-10T18:05:00+00:00
55003503,abc327_c,1,[22],include,[22],,Single-line fix: altered operator/operand/bound/index per GROUND_TRUTH_PROTOCOL.md §3,2026-09-10T18:05:00+00:00
54952693,abc327_e,2,[28],exclude,[],multiple independent faults,Multi-hunk fix per GROUND_TRUTH_PROTOCOL.md §3,2026-09-10T18:05:00+00:00
54954766,abc327_e,1,[51],include,[51],,Single-line fix: altered operator/operand/bound/index per GROUND_TRUTH_PROTOCOL.md §3,2026-09-10T18:05:00+00:00
47668625,abc327_g,1,[52],include,[52],,Single-line fix: altered operator/operand/bound/index per GROUND_TRUTH_PROTOCOL.md §3,2026-09-10T18:05:00+00:00
54743139,abc328_b,1,[6],include,[6],,Single-line fix: altered operator/operand/bound/index per GROUND_TRUTH_PROTOCOL.md §3,2026-09-10T18:05:00+00:00
51767048,abc328_e,1,[34],include,[34],,Single-line fix: altered operator/operand/bound/index per GROUND_TRUTH_PROTOCOL.md §3,2026-09-10T18:05:00+00:00
50086721,abc328_f,2,[15],exclude,[],multiple independent faults,Multi-hunk fix per GROUND_TRUTH_PROTOCOL.md §3,2026-09-10T18:05:00+00:00
51958155,abc329_e,1,[34],include,[34],,Single-line fix: altered operator/operand/bound/index per GROUND_TRUTH_PROTOCOL.md §3,2026-09-10T18:05:00+00:00
52260983,abc329_e,1,[],exclude,[],multi-line fault — excluded by v2 single-line filter,Multi-line fix or insertion/deletion per GROUND_TRUTH_PROTOCOL.md §3,2026-09-10T18:05:00+00:00
52726801,abc329_e,1,[29],include,[29],,Single-line fix: altered operator/operand/bound/index per GROUND_TRUTH_PROTOCOL.md §3,2026-09-10T18:05:00+00:00
54232904,abc329_e,2,[18],exclude,[],multiple independent faults,Multi-hunk fix per GROUND_TRUTH_PROTOCOL.md §3,2026-09-10T18:05:00+00:00
52733588,abc329_f,2,[28],exclude,[],multiple independent faults,Multi-hunk fix per GROUND_TRUTH_PROTOCOL.md §3,2026-09-10T18:05:00+00:00
54910018,abc330_c,1,[28],include,[28],,Single-line fix: altered operator/operand/bound/index per GROUND_TRUTH_PROTOCOL.md §3,2026-09-10T18:05:00+00:00
48207650,abc330_f,1,[27],include,[27],,Single-line fix: altered operator/operand/bound/index per GROUND_TRUTH_PROTOCOL.md §3,2026-09-10T18:05:00+00:00
48327716,abc330_f,1,[19],include,[19],,Single-line fix: altered operator/operand/bound/index per GROUND_TRUTH_PROTOCOL.md §3,2026-09-10T18:05:00+00:00
52719206,abc331_d,1,[66],include,[66],,Single-line fix: altered operator/operand/bound/index per GROUND_TRUTH_PROTOCOL.md §3,2026-09-10T18:05:00+00:00
53468592,abc331_d,1,[67],include,[67],,Single-line fix: altered operator/operand/bound/index per GROUND_TRUTH_PROTOCOL.md §3,2026-09-10T18:05:00+00:00
53655797,abc331_d,1,"[26, 27, 28]",exclude,[],multi-line fault — excluded by v2 single-line filter,Multi-line fix or insertion/deletion per GROUND_TRUTH_PROTOCOL.md §3,2026-09-10T18:05:00+00:00
52731476,abc331_e,2,"[60, 61]",exclude,[],multiple independent faults,Multi-hunk fix per GROUND_TRUTH_PROTOCOL.md §3,2026-09-10T18:05:00+00:00
52779261,abc331_e,1,[31],include,[31],,Single-line fix: altered operator/operand/bound/index per GROUND_TRUTH_PROTOCOL.md §3,2026-09-10T18:05:00+00:00
54003123,abc331_e,1,[30],include,[30],,Single-line fix: altered operator/operand/bound/index per GROUND_TRUTH_PROTOCOL.md §3,2026-09-10T18:05:00+00:00
54054504,abc331_e,1,"[28, 29]",exclude,[],multi-line fault — excluded by v2 single-line filter,Multi-line fix or insertion/deletion per GROUND_TRUTH_PROTOCOL.md §3,2026-09-10T18:05:00+00:00
54388604,abc331_e,1,[30],include,[30],,Single-line fix: altered operator/operand/bound/index per GROUND_TRUTH_PROTOCOL.md §3,2026-09-10T18:05:00+00:00
54021349,abc332_c,1,[],exclude,[],multi-line fault — excluded by v2 single-line filter,Multi-line fix or insertion/deletion per GROUND_TRUTH_PROTOCOL.md §3,2026-09-10T18:05:00+00:00
54711529,abc332_c,1,[20],include,[20],,Single-line fix: altered operator/operand/bound/index per GROUND_TRUTH_PROTOCOL.md §3,2026-09-10T18:05:00+00:00
54741421,abc332_c,1,[],exclude,[],multi-line fault — excluded by v2 single-line filter,Multi-line fix or insertion/deletion per GROUND_TRUTH_PROTOCOL.md §3,2026-09-10T18:05:00+00:00
53758957,abc332_d,2,"[62, 69]",exclude,[],multiple independent faults,Multi-hunk fix per GROUND_TRUTH_PROTOCOL.md §3,2026-09-10T18:05:00+00:00
49265039,abc332_f,1,[14],include,[14],,Single-line fix: altered operator/operand/bound/index per GROUND_TRUTH_PROTOCOL.md §3,2026-09-10T18:05:00+00:00
50121141,abc332_f,1,[188],include,[188],,Single-line fix: altered operator/operand/bound/index per GROUND_TRUTH_PROTOCOL.md §3,2026-09-10T18:05:00+00:00
50495500,abc332_f,2,"[1, 122]",exclude,[],multiple independent faults,Multi-hunk fix per GROUND_TRUTH_PROTOCOL.md §3,2026-09-10T18:05:00+00:00
50678043,abc332_f,1,[15],include,[15],,Single-line fix: altered operator/operand/bound/index per GROUND_TRUTH_PROTOCOL.md §3,2026-09-10T18:05:00+00:00
51643425,abc332_f,1,[208],include,[208],,Single-line fix: altered operator/operand/bound/index per GROUND_TRUTH_PROTOCOL.md §3,2026-09-10T18:05:00+00:00
52980637,abc332_g,1,[21],include,[21],,Single-line fix: altered operator/operand/bound/index per GROUND_TRUTH_PROTOCOL.md §3,2026-09-10T18:05:00+00:00
54467069,abc333_b,1,[58],include,[58],,Single-line fix: altered operator/operand/bound/index per GROUND_TRUTH_PROTOCOL.md §3,2026-09-10T18:05:00+00:00
52260050,abc333_e,1,[24],include,[24],,Single-line fix: altered operator/operand/bound/index per GROUND_TRUTH_PROTOCOL.md §3,2026-09-10T18:05:00+00:00
52477249,abc333_e,2,[14],exclude,[],multiple independent faults,Multi-hunk fix per GROUND_TRUTH_PROTOCOL.md §3,2026-09-10T18:05:00+00:00
52758263,abc333_e,1,[41],include,[41],,Single-line fix: altered operator/operand/bound/index per GROUND_TRUTH_PROTOCOL.md §3,2026-09-10T18:05:00+00:00
53773546,abc333_e,3,[37],exclude,[],multiple independent faults,Multi-hunk fix per GROUND_TRUTH_PROTOCOL.md §3,2026-09-10T18:05:00+00:00
50750395,abc333_g,1,[],exclude,[],multi-line fault — excluded by v2 single-line filter,Multi-line fix or insertion/deletion per GROUND_TRUTH_PROTOCOL.md §3,2026-09-10T18:05:00+00:00
54724339,abc334_c,1,[27],include,[27],,Single-line fix: altered operator/operand/bound/index per GROUND_TRUTH_PROTOCOL.md §3,2026-09-10T18:05:00+00:00
55003175,abc334_c,1,[16],include,[16],,Single-line fix: altered operator/operand/bound/index per GROUND_TRUTH_PROTOCOL.md §3,2026-09-10T18:05:00+00:00
52492868,abc334_e,1,[56],include,[56],,Single-line fix: altered operator/operand/bound/index per GROUND_TRUTH_PROTOCOL.md §3,2026-09-10T18:05:00+00:00
52777689,abc334_e,1,"[68, 69]",exclude,[],multi-line fault — excluded by v2 single-line filter,Multi-line fix or insertion/deletion per GROUND_TRUTH_PROTOCOL.md §3,2026-09-10T18:05:00+00:00
49407992,abc334_f,1,[5],include,[5],,Single-line fix: altered operator/operand/bound/index per GROUND_TRUTH_PROTOCOL.md §3,2026-09-10T18:05:00+00:00
50005734,abc334_f,1,[5],include,[5],,Single-line fix: altered operator/operand/bound/index per GROUND_TRUTH_PROTOCOL.md §3,2026-09-10T18:05:00+00:00
53789974,abc334_f,1,[8],include,[8],,Single-line fix: altered operator/operand/bound/index per GROUND_TRUTH_PROTOCOL.md §3,2026-09-10T18:05:00+00:00
50711635,abc334_g,2,[81],exclude,[],multiple independent faults,Multi-hunk fix per GROUND_TRUTH_PROTOCOL.md §3,2026-09-10T18:05:00+00:00
54715880,abc335_e,1,[33],include,[33],,Single-line fix: altered operator/operand/bound/index per GROUND_TRUTH_PROTOCOL.md §3,2026-09-10T18:05:00+00:00
54978942,abc335_e,1,[30],include,[30],,Single-line fix: altered operator/operand/bound/index per GROUND_TRUTH_PROTOCOL.md §3,2026-09-10T18:05:00+00:00
55029036,abc335_e,1,[148],include,[148],,Single-line fix: altered operator/operand/bound/index per GROUND_TRUTH_PROTOCOL.md §3,2026-09-10T18:05:00+00:00
53563069,abc335_f,1,[16],include,[16],,Single-line fix: altered operator/operand/bound/index per GROUND_TRUTH_PROTOCOL.md §3,2026-09-10T18:05:00+00:00
54448133,abc335_f,1,[15],include,[15],,Single-line fix: altered operator/operand/bound/index per GROUND_TRUTH_PROTOCOL.md §3,2026-09-10T18:05:00+00:00
49224063,abc335_g,1,[],exclude,[],multi-line fault — excluded by v2 single-line filter,Multi-line fix or insertion/deletion per GROUND_TRUTH_PROTOCOL.md §3,2026-09-10T18:05:00+00:00
54268398,abc336_d,1,[25],include,[25],,Single-line fix: altered operator/operand/bound/index per GROUND_TRUTH_PROTOCOL.md §3,2026-09-10T18:05:00+00:00
54659671,abc336_d,1,[29],include,[29],,Single-line fix: altered operator/operand/bound/index per GROUND_TRUTH_PROTOCOL.md §3,2026-09-10T18:05:00+00:00
54952831,abc336_f,1,[12],include,[12],,Single-line fix: altered operator/operand/bound/index per GROUND_TRUTH_PROTOCOL.md §3,2026-09-10T18:05:00+00:00
49317983,abc336_g,1,[],exclude,[],multi-line fault — excluded by v2 single-line filter,Multi-line fix or insertion/deletion per GROUND_TRUTH_PROTOCOL.md §3,2026-09-10T18:05:00+00:00
54308671,abc337_d,1,[31],include,[31],,Single-line fix: altered operator/operand/bound/index per GROUND_TRUTH_PROTOCOL.md §3,2026-09-10T18:05:00+00:00
54495605,abc337_d,1,[42],include,[42],,Single-line fix: altered operator/operand/bound/index per GROUND_TRUTH_PROTOCOL.md §3,2026-09-10T18:05:00+00:00
55025649,abc337_d,1,[3],include,[3],,Single-line fix: altered operator/operand/bound/index per GROUND_TRUTH_PROTOCOL.md §3,2026-09-10T18:05:00+00:00
53016983,abc337_e,1,[24],include,[24],,Single-line fix: altered operator/operand/bound/index per GROUND_TRUTH_PROTOCOL.md §3,2026-09-10T18:05:00+00:00
53945275,abc337_e,1,[20],include,[20],,Single-line fix: altered operator/operand/bound/index per GROUND_TRUTH_PROTOCOL.md §3,2026-09-10T18:05:00+00:00
55158609,abc337_e,2,"[43, 46]",exclude,[],multiple independent faults,Multi-hunk fix per GROUND_TRUTH_PROTOCOL.md §3,2026-09-10T18:05:00+00:00
49855272,abc337_f,1,[28],include,[28],,Single-line fix: altered operator/operand/bound/index per GROUND_TRUTH_PROTOCOL.md §3,2026-09-10T18:05:00+00:00
50099741,abc337_f,3,[21],exclude,[],multiple independent faults,Multi-hunk fix per GROUND_TRUTH_PROTOCOL.md §3,2026-09-10T18:05:00+00:00
54294909,abc338_c,1,[12],include,[12],,Single-line fix: altered operator/operand/bound/index per GROUND_TRUTH_PROTOCOL.md §3,2026-09-10T18:05:00+00:00
54397398,abc338_c,2,"[17, 26]",exclude,[],multiple independent faults,Multi-hunk fix per GROUND_TRUTH_PROTOCOL.md §3,2026-09-10T18:05:00+00:00
54431526,abc338_c,3,"[1, 6, 24]",exclude,[],multiple independent faults,Multi-hunk fix per GROUND_TRUTH_PROTOCOL.md §3,2026-09-10T18:05:00+00:00
54437216,abc338_c,8,[47],exclude,[],multiple independent faults,Multi-hunk fix per GROUND_TRUTH_PROTOCOL.md §3,2026-09-10T18:05:00+00:00
54499412,abc338_c,2,[19],exclude,[],multiple independent faults,Multi-hunk fix per GROUND_TRUTH_PROTOCOL.md §3,2026-09-10T18:05:00+00:00
54514586,abc338_c,1,[32],include,[32],,Single-line fix: altered operator/operand/bound/index per GROUND_TRUTH_PROTOCOL.md §3,2026-09-10T18:05:00+00:00
52286746,abc338_d,1,[15],include,[15],,Single-line fix: altered operator/operand/bound/index per GROUND_TRUTH_PROTOCOL.md §3,2026-09-10T18:05:00+00:00
52942487,abc338_d,1,[16],include,[16],,Single-line fix: altered operator/operand/bound/index per GROUND_TRUTH_PROTOCOL.md §3,2026-09-10T18:05:00+00:00
54041010,abc338_e,1,[15],include,[15],,Single-line fix: altered operator/operand/bound/index per GROUND_TRUTH_PROTOCOL.md §3,2026-09-10T18:05:00+00:00
52236687,abc338_f,1,[31],include,[31],,Single-line fix: altered operator/operand/bound/index per GROUND_TRUTH_PROTOCOL.md §3,2026-09-10T18:05:00+00:00
52289901,abc338_f,1,[],exclude,[],multi-line fault — excluded by v2 single-line filter,Multi-line fix or insertion/deletion per GROUND_TRUTH_PROTOCOL.md §3,2026-09-10T18:05:00+00:00
53230147,abc338_f,1,[8],include,[8],,Single-line fix: altered operator/operand/bound/index per GROUND_TRUTH_PROTOCOL.md §3,2026-09-10T18:05:00+00:00
53731825,abc338_f,1,[33],include,[33],,Single-line fix: altered operator/operand/bound/index per GROUND_TRUTH_PROTOCOL.md §3,2026-09-10T18:05:00+00:00
54703600,abc338_f,2,[],exclude,[],multiple independent faults,Multi-hunk fix per GROUND_TRUTH_PROTOCOL.md §3,2026-09-10T18:05:00+00:00
54311169,abc339_b,1,[29],include,[29],,Single-line fix: altered operator/operand/bound/index per GROUND_TRUTH_PROTOCOL.md §3,2026-09-10T18:05:00+00:00
54672032,abc339_b,1,[28],include,[28],,Single-line fix: altered operator/operand/bound/index per GROUND_TRUTH_PROTOCOL.md §3,2026-09-10T18:05:00+00:00
52923119,abc339_e,2,[63],exclude,[],multiple independent faults,Multi-hunk fix per GROUND_TRUTH_PROTOCOL.md §3,2026-09-10T18:05:00+00:00
54055907,abc339_e,1,[25],include,[25],,Single-line fix: altered operator/operand/bound/index per GROUND_TRUTH_PROTOCOL.md §3,2026-09-10T18:05:00+00:00
53281757,abc339_f,1,[4],include,[4],,Single-line fix: altered operator/operand/bound/index per GROUND_TRUTH_PROTOCOL.md §3,2026-09-10T18:05:00+00:00
53967299,abc339_f,1,[10],include,[10],,Single-line fix: altered operator/operand/bound/index per GROUND_TRUTH_PROTOCOL.md §3,2026-09-10T18:05:00+00:00
54249756,abc340_d,2,[],exclude,[],multiple independent faults,Multi-hunk fix per GROUND_TRUTH_PROTOCOL.md §3,2026-09-10T18:05:00+00:00
55038628,abc340_d,1,[13],include,[13],,Single-line fix: altered operator/operand/bound/index per GROUND_TRUTH_PROTOCOL.md §3,2026-09-10T18:05:00+00:00
52511513,abc340_f,1,[30],include,[30],,Single-line fix: altered operator/operand/bound/index per GROUND_TRUTH_PROTOCOL.md §3,2026-09-10T18:05:00+00:00
53251643,abc340_f,1,[19],include,[19],,Single-line fix: altered operator/operand/bound/index per GROUND_TRUTH_PROTOCOL.md §3,2026-09-10T18:05:00+00:00
55112719,abc340_f,1,[28],include,[28],,Single-line fix: altered operator/operand/bound/index per GROUND_TRUTH_PROTOCOL.md §3,2026-09-10T18:05:00+00:00
50192467,abc340_g,1,[70],include,[70],,Single-line fix: altered operator/operand/bound/index per GROUND_TRUTH_PROTOCOL.md §3,2026-09-10T18:05:00+00:00
53927639,abc341_d,1,[14],include,[14],,Single-line fix: altered operator/operand/bound/index per GROUND_TRUTH_PROTOCOL.md §3,2026-09-10T18:05:00+00:00
53935483,abc341_e,1,[34],include,[34],,Single-line fix: altered operator/operand/bound/index per GROUND_TRUTH_PROTOCOL.md §3,2026-09-10T18:05:00+00:00
54316816,abc341_e,1,[7],include,[7],,Single-line fix: altered operator/operand/bound/index per GROUND_TRUTH_PROTOCOL.md §3,2026-09-10T18:05:00+00:00
54515840,abc341_e,1,[21],include,[21],,Single-line fix: altered operator/operand/bound/index per GROUND_TRUTH_PROTOCOL.md §3,2026-09-10T18:05:00+00:00
54516554,abc342_c,1,[],exclude,[],multi-line fault — excluded by v2 single-line filter,Multi-line fix or insertion/deletion per GROUND_TRUTH_PROTOCOL.md §3,2026-09-10T18:05:00+00:00
54693725,abc342_d,1,[56],include,[56],,Single-line fix: altered operator/operand/bound/index per GROUND_TRUTH_PROTOCOL.md §3,2026-09-10T18:05:00+00:00
55039384,abc342_d,1,[15],include,[15],,Single-line fix: altered operator/operand/bound/index per GROUND_TRUTH_PROTOCOL.md §3,2026-09-10T18:05:00+00:00
52012139,abc342_e,1,[6],include,[6],,Single-line fix: altered operator/operand/bound/index per GROUND_TRUTH_PROTOCOL.md §3,2026-09-10T18:05:00+00:00
52271105,abc342_e,1,[43],include,[43],,Single-line fix: altered operator/operand/bound/index per GROUND_TRUTH_PROTOCOL.md §3,2026-09-10T18:05:00+00:00
54872777,abc342_e,1,[26],include,[26],,Single-line fix: altered operator/operand/bound/index per GROUND_TRUTH_PROTOCOL.md §3,2026-09-10T18:05:00+00:00
55130298,abc342_e,1,[35],include,[35],,Single-line fix: altered operator/operand/bound/index per GROUND_TRUTH_PROTOCOL.md §3,2026-09-10T18:05:00+00:00
50665510,abc342_f,1,[154],include,[154],,Single-line fix: altered operator/operand/bound/index per GROUND_TRUTH_PROTOCOL.md §3,2026-09-10T18:05:00+00:00
50697688,abc342_f,2,"[25, 28]",exclude,[],multiple independent faults,Multi-hunk fix per GROUND_TRUTH_PROTOCOL.md §3,2026-09-10T18:05:00+00:00
54509689,abc342_f,1,[69],include,[69],,Single-line fix: altered operator/operand/bound/index per GROUND_TRUTH_PROTOCOL.md §3,2026-09-10T18:05:00+00:00
50668241,abc342_g,1,[55],include,[55],,Single-line fix: altered operator/operand/bound/index per GROUND_TRUTH_PROTOCOL.md §3,2026-09-10T18:05:00+00:00
50740919,abc342_g,1,[21],include,[21],,Single-line fix: altered operator/operand/bound/index per GROUND_TRUTH_PROTOCOL.md §3,2026-09-10T18:05:00+00:00
54978258,abc343_c,1,[19],include,[19],,Single-line fix: altered operator/operand/bound/index per GROUND_TRUTH_PROTOCOL.md §3,2026-09-10T18:05:00+00:00
54516497,abc343_e,1,[4],include,[4],,Single-line fix: altered operator/operand/bound/index per GROUND_TRUTH_PROTOCOL.md §3,2026-09-10T18:05:00+00:00
50999715,abc343_g,1,[],exclude,[],multi-line fault — excluded by v2 single-line filter,Multi-line fix or insertion/deletion per GROUND_TRUTH_PROTOCOL.md §3,2026-09-10T18:05:00+00:00
51192628,abc343_g,2,[],exclude,[],multiple independent faults,Multi-hunk fix per GROUND_TRUTH_PROTOCOL.md §3,2026-09-10T18:05:00+00:00
54709044,abc344_c,1,[25],exclude,[],non-algorithmic fault,Fix changes only I/O formatting or parsing per GROUND_TRUTH_PROTOCOL.md §3,2026-09-10T18:05:00+00:00
54876594,abc344_d,2,"[10, 18]",exclude,[],multiple independent faults,Multi-hunk fix per GROUND_TRUTH_PROTOCOL.md §3,2026-09-10T18:05:00+00:00
53727420,abc345_d,1,[34],include,[34],,Single-line fix: altered operator/operand/bound/index per GROUND_TRUTH_PROTOCOL.md §3,2026-09-10T18:05:00+00:00
54461819,abc345_d,1,[97],include,[97],,Single-line fix: altered operator/operand/bound/index per GROUND_TRUTH_PROTOCOL.md §3,2026-09-10T18:05:00+00:00
54472552,abc345_d,1,[],exclude,[],multi-line fault — excluded by v2 single-line filter,Multi-line fix or insertion/deletion per GROUND_TRUTH_PROTOCOL.md §3,2026-09-10T18:05:00+00:00
51995381,abc345_e,1,[23],include,[23],,Single-line fix: altered operator/operand/bound/index per GROUND_TRUTH_PROTOCOL.md §3,2026-09-10T18:05:00+00:00
52899692,abc345_e,1,[2],include,[2],,Single-line fix: altered operator/operand/bound/index per GROUND_TRUTH_PROTOCOL.md §3,2026-09-10T18:05:00+00:00
51504279,abc345_f,1,[44],include,[44],,Single-line fix: altered operator/operand/bound/index per GROUND_TRUTH_PROTOCOL.md §3,2026-09-10T18:05:00+00:00
52944760,abc345_f,1,[95],include,[95],,Single-line fix: altered operator/operand/bound/index per GROUND_TRUTH_PROTOCOL.md §3,2026-09-10T18:05:00+00:00
54925895,abc346_b,1,[19],include,[19],,Single-line fix: altered operator/operand/bound/index per GROUND_TRUTH_PROTOCOL.md §3,2026-09-10T18:05:00+00:00
55019091,abc346_b,1,[24],include,[24],,Single-line fix: altered operator/operand/bound/index per GROUND_TRUTH_PROTOCOL.md §3,2026-09-10T18:05:00+00:00
55138933,abc346_b,1,[21],include,[21],,Single-line fix: altered operator/operand/bound/index per GROUND_TRUTH_PROTOCOL.md §3,2026-09-10T18:05:00+00:00
53744023,abc346_d,1,[4],include,[4],,Single-line fix: altered operator/operand/bound/index per GROUND_TRUTH_PROTOCOL.md §3,2026-09-10T18:05:00+00:00
53935383,abc346_d,1,[41],include,[41],,Single-line fix: altered operator/operand/bound/index per GROUND_TRUTH_PROTOCOL.md §3,2026-09-10T18:05:00+00:00
54469627,abc346_d,1,[25],include,[25],,Single-line fix: altered operator/operand/bound/index per GROUND_TRUTH_PROTOCOL.md §3,2026-09-10T18:05:00+00:00
54543042,abc346_d,1,[30],include,[30],,Single-line fix: altered operator/operand/bound/index per GROUND_TRUTH_PROTOCOL.md §3,2026-09-10T18:05:00+00:00
54675380,abc346_d,1,[29],include,[29],,Single-line fix: altered operator/operand/bound/index per GROUND_TRUTH_PROTOCOL.md §3,2026-09-10T18:05:00+00:00
54740445,abc346_d,1,[30],include,[30],,Single-line fix: altered operator/operand/bound/index per GROUND_TRUTH_PROTOCOL.md §3,2026-09-10T18:05:00+00:00
52762677,abc346_e,1,[16],include,[16],,Single-line fix: altered operator/operand/bound/index per GROUND_TRUTH_PROTOCOL.md §3,2026-09-10T18:05:00+00:00
54144246,abc346_e,1,[43],include,[43],,Single-line fix: altered operator/operand/bound/index per GROUND_TRUTH_PROTOCOL.md §3,2026-09-10T18:05:00+00:00
53131253,abc346_f,1,[34],include,[34],,Single-line fix: altered operator/operand/bound/index per GROUND_TRUTH_PROTOCOL.md §3,2026-09-10T18:05:00+00:00
53286789,abc346_f,1,[32],include,[32],,Single-line fix: altered operator/operand/bound/index per GROUND_TRUTH_PROTOCOL.md §3,2026-09-10T18:05:00+00:00
53725760,abc346_f,2,"[16, 20]",exclude,[],multiple independent faults,Multi-hunk fix per GROUND_TRUTH_PROTOCOL.md §3,2026-09-10T18:05:00+00:00
54698915,abc346_f,1,[40],include,[40],,Single-line fix: altered operator/operand/bound/index per GROUND_TRUTH_PROTOCOL.md §3,2026-09-10T18:05:00+00:00
51628683,abc346_g,1,[],exclude,[],multi-line fault — excluded by v2 single-line filter,Multi-line fix or insertion/deletion per GROUND_TRUTH_PROTOCOL.md §3,2026-09-10T18:05:00+00:00
51994914,abc346_g,2,[],exclude,[],multiple independent faults,Multi-hunk fix per GROUND_TRUTH_PROTOCOL.md §3,2026-09-10T18:05:00+00:00
55155622,abc347_c,1,[27],include,[27],,Single-line fix: altered operator/operand/bound/index per GROUND_TRUTH_PROTOCOL.md §3,2026-09-10T18:05:00+00:00
54755669,abc347_d,1,"[17, 18]",exclude,[],multi-line fault — excluded by v2 single-line filter,Multi-line fix or insertion/deletion per GROUND_TRUTH_PROTOCOL.md §3,2026-09-10T18:05:00+00:00
54756307,abc347_d,1,[17],include,[17],,Single-line fix: altered operator/operand/bound/index per GROUND_TRUTH_PROTOCOL.md §3,2026-09-10T18:05:00+00:00
55134495,abc347_d,1,[43],include,[43],,Single-line fix: altered operator/operand/bound/index per GROUND_TRUTH_PROTOCOL.md §3,2026-09-10T18:05:00+00:00
55147936,abc347_d,1,[46],include,[46],,Single-line fix: altered operator/operand/bound/index per GROUND_TRUTH_PROTOCOL.md §3,2026-09-10T18:05:00+00:00
53797654,abc347_e,1,[56],include,[56],,Single-line fix: altered operator/operand/bound/index per GROUND_TRUTH_PROTOCOL.md §3,2026-09-10T18:05:00+00:00
55155569,abc347_e,1,[47],include,[47],,Single-line fix: altered operator/operand/bound/index per GROUND_TRUTH_PROTOCOL.md §3,2026-09-10T18:05:00+00:00
51970859,abc347_f,1,[120],include,[120],,Single-line fix: altered operator/operand/bound/index per GROUND_TRUTH_PROTOCOL.md §3,2026-09-10T18:05:00+00:00
52760025,abc347_f,1,[93],include,[93],,Single-line fix: altered operator/operand/bound/index per GROUND_TRUTH_PROTOCOL.md §3,2026-09-10T18:05:00+00:00
51866544,abc347_g,1,[21],include,[21],,Single-line fix: altered operator/operand/bound/index per GROUND_TRUTH_PROTOCOL.md §3,2026-09-10T18:05:00+00:00
54754604,abc348_d,1,[29],include,[29],,Single-line fix: altered operator/operand/bound/index per GROUND_TRUTH_PROTOCOL.md §3,2026-09-10T18:05:00+00:00
54749110,abc349_b,2,[23],exclude,[],multiple independent faults,Multi-hunk fix per GROUND_TRUTH_PROTOCOL.md §3,2026-09-10T18:05:00+00:00
54918141,abc349_b,1,[17],include,[17],,Single-line fix: altered operator/operand/bound/index per GROUND_TRUTH_PROTOCOL.md §3,2026-09-10T18:05:00+00:00
54267102,abc349_d,1,[14],include,[14],,Single-line fix: altered operator/operand/bound/index per GROUND_TRUTH_PROTOCOL.md §3,2026-09-10T18:05:00+00:00
53462819,abc349_f,1,[33],include,[33],,Single-line fix: altered operator/operand/bound/index per GROUND_TRUTH_PROTOCOL.md §3,2026-09-10T18:05:00+00:00
52509388,abc349_g,1,[50],include,[50],,Single-line fix: altered operator/operand/bound/index per GROUND_TRUTH_PROTOCOL.md §3,2026-09-10T18:05:00+00:00
54963583,abc350_c,1,[33],include,[33],,Single-line fix: altered operator/operand/bound/index per GROUND_TRUTH_PROTOCOL.md §3,2026-09-10T18:05:00+00:00
54866820,abc350_d,1,"[23, 24]",exclude,[],multi-line fault — excluded by v2 single-line filter,Multi-line fix or insertion/deletion per GROUND_TRUTH_PROTOCOL.md §3,2026-09-10T18:05:00+00:00
53750325,abc350_f,1,"[25, 26, 27, 28]",exclude,[],multi-line fault — excluded by v2 single-line filter,Multi-line fix or insertion/deletion per GROUND_TRUTH_PROTOCOL.md §3,2026-09-10T18:05:00+00:00
54219104,abc350_f,1,[39],include,[39],,Single-line fix: altered operator/operand/bound/index per GROUND_TRUTH_PROTOCOL.md §3,2026-09-10T18:05:00+00:00
52999831,abc350_g,1,[],exclude,[],multi-line fault — excluded by v2 single-line filter,Multi-line fix or insertion/deletion per GROUND_TRUTH_PROTOCOL.md §3,2026-09-10T18:05:00+00:00
54968121,abc351_c,1,[29],include,[29],,Single-line fix: altered operator/operand/bound/index per GROUND_TRUTH_PROTOCOL.md §3,2026-09-10T18:05:00+00:00
53476783,abc352_f,2,"[40, 73]",exclude,[],multiple independent faults,Multi-hunk fix per GROUND_TRUTH_PROTOCOL.md §3,2026-09-10T18:05:00+00:00
55158545,abc353_c,1,[43],include,[43],,Single-line fix: altered operator/operand/bound/index per GROUND_TRUTH_PROTOCOL.md §3,2026-09-10T18:05:00+00:00
53483883,abc353_f,1,[10],include,[10],,Single-line fix: altered operator/operand/bound/index per GROUND_TRUTH_PROTOCOL.md §3,2026-09-10T18:05:00+00:00
53505050,abc353_f,1,[77],include,[77],,Single-line fix: altered operator/operand/bound/index per GROUND_TRUTH_PROTOCOL.md §3,2026-09-10T18:05:00+00:00
53517874,abc353_f,1,[47],include,[47],,Single-line fix: altered operator/operand/bound/index per GROUND_TRUTH_PROTOCOL.md §3,2026-09-10T18:05:00+00:00
53655550,abc353_f,1,[28],include,[28],,Single-line fix: altered operator/operand/bound/index per GROUND_TRUTH_PROTOCOL.md §3,2026-09-10T18:05:00+00:00
54723688,abc353_f,1,[36],include,[36],,Single-line fix: altered operator/operand/bound/index per GROUND_TRUTH_PROTOCOL.md §3,2026-09-10T18:05:00+00:00
53993648,abc353_g,1,[61],include,[61],,Single-line fix: altered operator/operand/bound/index per GROUND_TRUTH_PROTOCOL.md §3,2026-09-10T18:05:00+00:00
54708447,abc354_d,1,[35],include,[35],,Single-line fix: altered operator/operand/bound/index per GROUND_TRUTH_PROTOCOL.md §3,2026-09-10T18:05:00+00:00
54915651,abc354_d,2,"[54, 78]",exclude,[],multiple independent faults,Multi-hunk fix per GROUND_TRUTH_PROTOCOL.md §3,2026-09-10T18:05:00+00:00
54029773,abc354_f,2,"[24, 28]",exclude,[],multiple independent faults,Multi-hunk fix per GROUND_TRUTH_PROTOCOL.md §3,2026-09-10T18:05:00+00:00
54039651,abc354_f,2,[97],exclude,[],multiple independent faults,Multi-hunk fix per GROUND_TRUTH_PROTOCOL.md §3,2026-09-10T18:05:00+00:00
53647241,abc354_g,1,[10],include,[10],,Single-line fix: altered operator/operand/bound/index per GROUND_TRUTH_PROTOCOL.md §3,2026-09-10T18:05:00+00:00
54860926,abc355_c,1,[16],include,[16],,Single-line fix: altered operator/operand/bound/index per GROUND_TRUTH_PROTOCOL.md §3,2026-09-10T18:05:00+00:00
54869003,abc355_c,1,[51],include,[51],,Single-line fix: altered operator/operand/bound/index per GROUND_TRUTH_PROTOCOL.md §3,2026-09-10T18:05:00+00:00
54891333,abc355_c,2,"[23, 31]",exclude,[],multiple independent faults,Multi-hunk fix per GROUND_TRUTH_PROTOCOL.md §3,2026-09-10T18:05:00+00:00
55032844,abc355_c,2,"[26, 32, 33, 34, 35]",exclude,[],multiple independent faults,Multi-hunk fix per GROUND_TRUTH_PROTOCOL.md §3,2026-09-10T18:05:00+00:00
55136098,abc355_c,1,[27],include,[27],,Single-line fix: altered operator/operand/bound/index per GROUND_TRUTH_PROTOCOL.md §3,2026-09-10T18:05:00+00:00
54769975,abc355_d,1,[26],include,[26],,Single-line fix: altered operator/operand/bound/index per GROUND_TRUTH_PROTOCOL.md §3,2026-09-10T18:05:00+00:00
54059945,abc355_e,2,[],exclude,[],multiple independent faults,Multi-hunk fix per GROUND_TRUTH_PROTOCOL.md §3,2026-09-10T18:05:00+00:00
54238089,abc355_e,2,[11],exclude,[],multiple independent faults,Multi-hunk fix per GROUND_TRUTH_PROTOCOL.md §3,2026-09-10T18:05:00+00:00
54311444,abc355_e,1,[121],include,[121],,Single-line fix: altered operator/operand/bound/index per GROUND_TRUTH_PROTOCOL.md §3,2026-09-10T18:05:00+00:00
54431130,abc355_e,1,[47],include,[47],,Single-line fix: altered operator/operand/bound/index per GROUND_TRUTH_PROTOCOL.md §3,2026-09-10T18:05:00+00:00
54789032,abc355_e,1,[32],include,[32],,Single-line fix: altered operator/operand/bound/index per GROUND_TRUTH_PROTOCOL.md §3,2026-09-10T18:05:00+00:00
54957150,abc356_b,1,[30],include,[30],,Single-line fix: altered operator/operand/bound/index per GROUND_TRUTH_PROTOCOL.md §3,2026-09-10T18:05:00+00:00
54965405,abc356_b,1,[121],include,[121],,Single-line fix: altered operator/operand/bound/index per GROUND_TRUTH_PROTOCOL.md §3,2026-09-10T18:05:00+00:00
54900882,abc356_c,1,[14],include,[14],,Single-line fix: altered operator/operand/bound/index per GROUND_TRUTH_PROTOCOL.md §3,2026-09-10T18:05:00+00:00
54920982,abc356_c,1,"[12, 13]",exclude,[],multi-line fault — excluded by v2 single-line filter,Multi-line fix or insertion/deletion per GROUND_TRUTH_PROTOCOL.md §3,2026-09-10T18:05:00+00:00
54940782,abc356_c,2,"[18, 34, 35, 36]",exclude,[],multiple independent faults,Multi-hunk fix per GROUND_TRUTH_PROTOCOL.md §3,2026-09-10T18:05:00+00:00
55144138,abc356_c,1,[13],include,[13],,Single-line fix: altered operator/operand/bound/index per GROUND_TRUTH_PROTOCOL.md §3,2026-09-10T18:05:00+00:00
54865160,abc356_d,1,[34],include,[34],,Single-line fix: altered operator/operand/bound/index per GROUND_TRUTH_PROTOCOL.md §3,2026-09-10T18:05:00+00:00
54889247,abc356_e,1,[62],include,[62],,Single-line fix: altered operator/operand/bound/index per GROUND_TRUTH_PROTOCOL.md §3,2026-09-10T18:05:00+00:00
54283471,abc356_f,1,[117],include,[117],,Single-line fix: altered operator/operand/bound/index per GROUND_TRUTH_PROTOCOL.md §3,2026-09-10T18:05:00+00:00
54486041,abc356_f,1,[279],include,[279],,Single-line fix: altered operator/operand/bound/index per GROUND_TRUTH_PROTOCOL.md §3,2026-09-10T18:05:00+00:00
54133842,abc356_g,1,[80],include,[80],,Single-line fix: altered operator/operand/bound/index per GROUND_TRUTH_PROTOCOL.md §3,2026-09-10T18:05:00+00:00
54232515,abc356_g,1,[34],include,[34],,Single-line fix: altered operator/operand/bound/index per GROUND_TRUTH_PROTOCOL.md §3,2026-09-10T18:05:00+00:00
55000126,abc357_c,1,[23],include,[23],,Single-line fix: altered operator/operand/bound/index per GROUND_TRUTH_PROTOCOL.md §3,2026-09-10T18:05:00+00:00
54691582,abc358_f,1,"[42, 43, 44]",exclude,[],multi-line fault — excluded by v2 single-line filter,Multi-line fix or insertion/deletion per GROUND_TRUTH_PROTOCOL.md §3,2026-09-10T18:05:00+00:00
54701655,abc358_f,1,[],exclude,[],multi-line fault — excluded by v2 single-line filter,Multi-line fix or insertion/deletion per GROUND_TRUTH_PROTOCOL.md §3,2026-09-10T18:05:00+00:00
54786782,abc358_g,1,[36],include,[36],,Single-line fix: altered operator/operand/bound/index per GROUND_TRUTH_PROTOCOL.md §3,2026-09-10T18:05:00+00:00
54786893,abc358_g,1,[17],include,[17],,Single-line fix: altered operator/operand/bound/index per GROUND_TRUTH_PROTOCOL.md §3,2026-09-10T18:05:00+00:00
54855434,abc358_g,1,[],exclude,[],multi-line fault — excluded by v2 single-line filter,Multi-line fix or insertion/deletion per GROUND_TRUTH_PROTOCOL.md §3,2026-09-10T18:05:00+00:00
54886527,abc358_g,1,[36],include,[36],,Single-line fix: altered operator/operand/bound/index per GROUND_TRUTH_PROTOCOL.md §3,2026-09-10T18:05:00+00:00
55124422,abc359_e,1,[51],include,[51],,Single-line fix: altered operator/operand/bound/index per GROUND_TRUTH_PROTOCOL.md §3,2026-09-10T18:05:00+00:00
54954031,abc359_f,1,[22],include,[22],,Single-line fix: altered operator/operand/bound/index per GROUND_TRUTH_PROTOCOL.md §3,2026-09-10T18:05:00+00:00
54889351,abc359_g,1,[57],include,[57],,Single-line fix: altered operator/operand/bound/index per GROUND_TRUTH_PROTOCOL.md §3,2026-09-10T18:05:00+00:00
55130899,abc360_d,1,[33],include,[33],,Single-line fix: altered operator/operand/bound/index per GROUND_TRUTH_PROTOCOL.md §3,2026-09-10T18:05:00+00:00
55135895,abc360_d,1,[],exclude,[],multi-line fault — excluded by v2 single-line filter,Multi-line fix or insertion/deletion per GROUND_TRUTH_PROTOCOL.md §3,2026-09-10T18:05:00+00:00
55144134,abc360_d,1,[],exclude,[],multi-line fault — excluded by v2 single-line filter,Multi-line fix or insertion/deletion per GROUND_TRUTH_PROTOCOL.md §3,2026-09-10T18:05:00+00:00
55161015,abc360_d,1,[],exclude,[],multi-line fault — excluded by v2 single-line filter,Multi-line fix or insertion/deletion per GROUND_TRUTH_PROTOCOL.md §3,2026-09-10T18:05:00+00:00
55140371,abc360_e,1,[59],include,[59],,Single-line fix: altered operator/operand/bound/index per GROUND_TRUTH_PROTOCOL.md §3,2026-09-10T18:05:00+00:00
55104098,abc360_f,1,[166],include,[166],,Single-line fix: altered operator/operand/bound/index per GROUND_TRUTH_PROTOCOL.md §3,2026-09-10T18:05:00+00:00
55105382,abc360_f,1,[69],include,[69],,Single-line fix: altered operator/operand/bound/index per GROUND_TRUTH_PROTOCOL.md §3,2026-09-10T18:05:00+00:00
55163164,abc360_f,1,[38],include,[38],,Single-line fix: altered operator/operand/bound/index per GROUND_TRUTH_PROTOCOL.md §3,2026-09-10T18:05:00+00:00
55104573,abc360_g,1,[40],include,[40],,Single-line fix: altered operator/operand/bound/index per GROUND_TRUTH_PROTOCOL.md §3,2026-09-10T18:05:00+00:00
55112153,abc360_g,1,[45],include,[45],,Single-line fix: altered operator/operand/bound/index per GROUND_TRUTH_PROTOCOL.md §3,2026-09-10T18:05:00+00:00
37010633,agc055_a,2,"[5, 14]",exclude,[],multiple independent faults,Multi-hunk fix per GROUND_TRUTH_PROTOCOL.md §3,2026-09-10T18:05:00+00:00
44002402,agc055_a,1,[13],include,[13],,Single-line fix: altered operator/operand/bound/index per GROUND_TRUTH_PROTOCOL.md §3,2026-09-10T18:05:00+00:00
27693193,agc056_c,1,[5],include,[5],,Single-line fix: altered operator/operand/bound/index per GROUND_TRUTH_PROTOCOL.md §3,2026-09-10T18:05:00+00:00
39108897,agc057_a,1,[25],include,[25],,Single-line fix: altered operator/operand/bound/index per GROUND_TRUTH_PROTOCOL.md §3,2026-09-10T18:05:00+00:00
41587952,agc057_a,1,[34],include,[34],,Single-line fix: altered operator/operand/bound/index per GROUND_TRUTH_PROTOCOL.md §3,2026-09-10T18:05:00+00:00
43754109,agc057_a,2,[25],exclude,[],multiple independent faults,Multi-hunk fix per GROUND_TRUTH_PROTOCOL.md §3,2026-09-10T18:05:00+00:00
31499069,agc057_b,1,[151],include,[151],,Single-line fix: altered operator/operand/bound/index per GROUND_TRUTH_PROTOCOL.md §3,2026-09-10T18:05:00+00:00
31505448,agc057_b,1,[24],include,[24],,Single-line fix: altered operator/operand/bound/index per GROUND_TRUTH_PROTOCOL.md §3,2026-09-10T18:05:00+00:00
41271287,agc057_b,1,[16],include,[16],,Single-line fix: altered operator/operand/bound/index per GROUND_TRUTH_PROTOCOL.md §3,2026-09-10T18:05:00+00:00
43275130,agc058_a,2,"[14, 21]",exclude,[],multiple independent faults,Multi-hunk fix per GROUND_TRUTH_PROTOCOL.md §3,2026-09-10T18:05:00+00:00
46230782,agc058_a,2,"[8, 30]",exclude,[],multiple independent faults,Multi-hunk fix per GROUND_TRUTH_PROTOCOL.md §3,2026-09-10T18:05:00+00:00
34045717,agc058_b,2,"[1, 22, 23]",exclude,[],multiple independent faults,Multi-hunk fix per GROUND_TRUTH_PROTOCOL.md §3,2026-09-10T18:05:00+00:00
34047806,agc058_b,2,[],exclude,[],multiple independent faults,Multi-hunk fix per GROUND_TRUTH_PROTOCOL.md §3,2026-09-10T18:05:00+00:00
34050152,agc058_b,1,[1],include,[1],,Single-line fix: altered operator/operand/bound/index per GROUND_TRUTH_PROTOCOL.md §3,2026-09-10T18:05:00+00:00
34054427,agc058_b,1,[67],include,[67],,Single-line fix: altered operator/operand/bound/index per GROUND_TRUTH_PROTOCOL.md §3,2026-09-10T18:05:00+00:00
34060327,agc058_b,2,[84],exclude,[],multiple independent faults,Multi-hunk fix per GROUND_TRUTH_PROTOCOL.md §3,2026-09-10T18:05:00+00:00
34067395,agc058_b,2,[],exclude,[],multiple independent faults,Multi-hunk fix per GROUND_TRUTH_PROTOCOL.md §3,2026-09-10T18:05:00+00:00
37052492,agc059_a,1,[],exclude,[],multi-line fault — excluded by v2 single-line filter,Multi-line fix or insertion/deletion per GROUND_TRUTH_PROTOCOL.md §3,2026-09-10T18:05:00+00:00
37116120,agc059_a,1,[124],include,[124],,Single-line fix: altered operator/operand/bound/index per GROUND_TRUTH_PROTOCOL.md §3,2026-09-10T18:05:00+00:00
37117986,agc059_a,1,[],exclude,[],multi-line fault — excluded by v2 single-line filter,Multi-line fix or insertion/deletion per GROUND_TRUTH_PROTOCOL.md §3,2026-09-10T18:05:00+00:00
38137266,agc059_a,1,[],exclude,[],multi-line fault — excluded by v2 single-line filter,Multi-line fix or insertion/deletion per GROUND_TRUTH_PROTOCOL.md §3,2026-09-10T18:05:00+00:00
37027269,agc059_b,1,[44],include,[44],,Single-line fix: altered operator/operand/bound/index per GROUND_TRUTH_PROTOCOL.md §3,2026-09-10T18:05:00+00:00
37028649,agc059_b,1,[60],include,[60],,Single-line fix: altered operator/operand/bound/index per GROUND_TRUTH_PROTOCOL.md §3,2026-09-10T18:05:00+00:00
37047746,agc059_b,1,[],exclude,[],multi-line fault — excluded by v2 single-line filter,Multi-line fix or insertion/deletion per GROUND_TRUTH_PROTOCOL.md §3,2026-09-10T18:05:00+00:00
37682454,agc060_a,1,[],exclude,[],multi-line fault — excluded by v2 single-line filter,Multi-line fix or insertion/deletion per GROUND_TRUTH_PROTOCOL.md §3,2026-09-10T18:05:00+00:00
37547592,agc060_b,1,[19],include,[19],,Single-line fix: altered operator/operand/bound/index per GROUND_TRUTH_PROTOCOL.md §3,2026-09-10T18:05:00+00:00
38852158,agc061_a,1,[34],include,[34],,Single-line fix: altered operator/operand/bound/index per GROUND_TRUTH_PROTOCOL.md §3,2026-09-10T18:05:00+00:00
38853475,agc061_a,1,[26],include,[26],,Single-line fix: altered operator/operand/bound/index per GROUND_TRUTH_PROTOCOL.md §3,2026-09-10T18:05:00+00:00
41610915,agc062_c,1,[25],include,[25],,Single-line fix: altered operator/operand/bound/index per GROUND_TRUTH_PROTOCOL.md §3,2026-09-10T18:05:00+00:00
41651640,agc062_c,1,[162],include,[162],,Single-line fix: altered operator/operand/bound/index per GROUND_TRUTH_PROTOCOL.md §3,2026-09-10T18:05:00+00:00
44136745,agc063_b,1,[],exclude,[],multi-line fault — excluded by v2 single-line filter,Multi-line fix or insertion/deletion per GROUND_TRUTH_PROTOCOL.md §3,2026-09-10T18:05:00+00:00
44118621,agc063_c,1,[92],include,[92],,Single-line fix: altered operator/operand/bound/index per GROUND_TRUTH_PROTOCOL.md §3,2026-09-10T18:05:00+00:00
44640326,agc064_a,1,[24],include,[24],,Single-line fix: altered operator/operand/bound/index per GROUND_TRUTH_PROTOCOL.md §3,2026-09-10T18:05:00+00:00
48625380,agc065_c,1,[41],include,[41],,Single-line fix: altered operator/operand/bound/index per GROUND_TRUTH_PROTOCOL.md §3,2026-09-10T18:05:00+00:00
49687962,agc065_c,3,"[27, 28]",exclude,[],multiple independent faults,Multi-hunk fix per GROUND_TRUTH_PROTOCOL.md §3,2026-09-10T18:05:00+00:00
51924137,agc066_a,1,[51],include,[51],,Single-line fix: altered operator/operand/bound/index per GROUND_TRUTH_PROTOCOL.md §3,2026-09-10T18:05:00+00:00
53570827,agc066_a,2,[6],exclude,[],multiple independent faults,Multi-hunk fix per GROUND_TRUTH_PROTOCOL.md §3,2026-09-10T18:05:00+00:00
52162543,agc066_c,1,[31],include,[31],,Single-line fix: altered operator/operand/bound/index per GROUND_TRUTH_PROTOCOL.md §3,2026-09-10T18:05:00+00:00
40552495,arc128_b,1,"[21, 22]",exclude,[],multi-line fault — excluded by v2 single-line filter,Multi-line fix or insertion/deletion per GROUND_TRUTH_PROTOCOL.md §3,2026-09-10T18:05:00+00:00
40706832,arc128_b,1,[27],include,[27],,Single-line fix: altered operator/operand/bound/index per GROUND_TRUTH_PROTOCOL.md §3,2026-09-10T18:05:00+00:00
29987786,arc128_c,1,[18],include,[18],,Single-line fix: altered operator/operand/bound/index per GROUND_TRUTH_PROTOCOL.md §3,2026-09-10T18:05:00+00:00
33842964,arc128_c,1,"[13, 14]",exclude,[],multi-line fault — excluded by v2 single-line filter,Multi-line fix or insertion/deletion per GROUND_TRUTH_PROTOCOL.md §3,2026-09-10T18:05:00+00:00
26604143,arc128_d,2,"[34, 60]",exclude,[],multiple independent faults,Multi-hunk fix per GROUND_TRUTH_PROTOCOL.md §3,2026-09-10T18:05:00+00:00
26708943,arc128_d,1,[12],include,[12],,Single-line fix: altered operator/operand/bound/index per GROUND_TRUTH_PROTOCOL.md §3,2026-09-10T18:05:00+00:00
27510550,arc128_e,1,[49],include,[49],,Single-line fix: altered operator/operand/bound/index per GROUND_TRUTH_PROTOCOL.md §3,2026-09-10T18:05:00+00:00
38752586,arc129_a,1,[25],include,[25],,Single-line fix: altered operator/operand/bound/index per GROUND_TRUTH_PROTOCOL.md §3,2026-09-10T18:05:00+00:00
34289751,arc129_c,1,[23],include,[23],,Single-line fix: altered operator/operand/bound/index per GROUND_TRUTH_PROTOCOL.md §3,2026-09-10T18:05:00+00:00
43964198,arc129_c,1,[12],include,[12],,Single-line fix: altered operator/operand/bound/index per GROUND_TRUTH_PROTOCOL.md §3,2026-09-10T18:05:00+00:00
27435812,arc129_d,1,[59],include,[59],,Single-line fix: altered operator/operand/bound/index per GROUND_TRUTH_PROTOCOL.md §3,2026-09-10T18:05:00+00:00
27452332,arc129_d,1,[36],include,[36],,Single-line fix: altered operator/operand/bound/index per GROUND_TRUTH_PROTOCOL.md §3,2026-09-10T18:05:00+00:00
27941784,arc129_d,1,[40],include,[40],,Single-line fix: altered operator/operand/bound/index per GROUND_TRUTH_PROTOCOL.md §3,2026-09-10T18:05:00+00:00
27576444,arc130_f,1,[34],include,[34],,Single-line fix: altered operator/operand/bound/index per GROUND_TRUTH_PROTOCOL.md §3,2026-09-10T18:05:00+00:00
27582246,arc130_f,1,[27],include,[27],,Single-line fix: altered operator/operand/bound/index per GROUND_TRUTH_PROTOCOL.md §3,2026-09-10T18:05:00+00:00
27741393,arc131_d,2,[19],exclude,[],multiple independent faults,Multi-hunk fix per GROUND_TRUTH_PROTOCOL.md §3,2026-09-10T18:05:00+00:00
27742025,arc131_d,1,[30],include,[30],,Single-line fix: altered operator/operand/bound/index per GROUND_TRUTH_PROTOCOL.md §3,2026-09-10T18:05:00+00:00
27771010,arc131_d,1,[49],include,[49],,Single-line fix: altered operator/operand/bound/index per GROUND_TRUTH_PROTOCOL.md §3,2026-09-10T18:05:00+00:00
33558182,arc131_d,1,[32],include,[32],,Single-line fix: altered operator/operand/bound/index per GROUND_TRUTH_PROTOCOL.md §3,2026-09-10T18:05:00+00:00
27727642,arc131_e,1,[57],include,[57],,Single-line fix: altered operator/operand/bound/index per GROUND_TRUTH_PROTOCOL.md §3,2026-09-10T18:05:00+00:00
27729425,arc131_e,1,[75],include,[75],,Single-line fix: altered operator/operand/bound/index per GROUND_TRUTH_PROTOCOL.md §3,2026-09-10T18:05:00+00:00
27740591,arc131_e,1,[2],include,[2],,Single-line fix: altered operator/operand/bound/index per GROUND_TRUTH_PROTOCOL.md §3,2026-09-10T18:05:00+00:00
27746730,arc131_e,1,[98],include,[98],,Single-line fix: altered operator/operand/bound/index per GROUND_TRUTH_PROTOCOL.md §3,2026-09-10T18:05:00+00:00
32651833,arc131_e,1,[20],include,[20],,Single-line fix: altered operator/operand/bound/index per GROUND_TRUTH_PROTOCOL.md §3,2026-09-10T18:05:00+00:00
38955195,arc131_e,1,[237],include,[237],,Single-line fix: altered operator/operand/bound/index per GROUND_TRUTH_PROTOCOL.md §3,2026-09-10T18:05:00+00:00
42742272,arc131_e,1,[34],include,[34],,Single-line fix: altered operator/operand/bound/index per GROUND_TRUTH_PROTOCOL.md §3,2026-09-10T18:05:00+00:00
43293149,arc132_a,1,[27],include,[27],,Single-line fix: altered operator/operand/bound/index per GROUND_TRUTH_PROTOCOL.md §3,2026-09-10T18:05:00+00:00
38109909,arc132_b,1,[23],include,[23],,Single-line fix: altered operator/operand/bound/index per GROUND_TRUTH_PROTOCOL.md §3,2026-09-10T18:05:00+00:00
40278857,arc132_b,1,[27],include,[27],,Single-line fix: altered operator/operand/bound/index per GROUND_TRUTH_PROTOCOL.md §3,2026-09-10T18:05:00+00:00
40304207,arc132_b,1,[31],include,[31],,Single-line fix: altered operator/operand/bound/index per GROUND_TRUTH_PROTOCOL.md §3,2026-09-10T18:05:00+00:00
40631011,arc132_b,1,[18],include,[18],,Single-line fix: altered operator/operand/bound/index per GROUND_TRUTH_PROTOCOL.md §3,2026-09-10T18:05:00+00:00
44219174,arc132_b,1,[28],include,[28],,Single-line fix: altered operator/operand/bound/index per GROUND_TRUTH_PROTOCOL.md §3,2026-09-10T18:05:00+00:00
31137799,arc132_c,1,[128],include,[128],,Single-line fix: altered operator/operand/bound/index per GROUND_TRUTH_PROTOCOL.md §3,2026-09-10T18:05:00+00:00
31270911,arc132_c,2,[24],exclude,[],multiple independent faults,Multi-hunk fix per GROUND_TRUTH_PROTOCOL.md §3,2026-09-10T18:05:00+00:00
28174907,arc132_d,1,[34],include,[34],,Single-line fix: altered operator/operand/bound/index per GROUND_TRUTH_PROTOCOL.md §3,2026-09-10T18:05:00+00:00
28175955,arc132_d,1,[22],include,[22],,Single-line fix: altered operator/operand/bound/index per GROUND_TRUTH_PROTOCOL.md §3,2026-09-10T18:05:00+00:00
41861434,arc133_a,1,[30],include,[30],,Single-line fix: altered operator/operand/bound/index per GROUND_TRUTH_PROTOCOL.md §3,2026-09-10T18:05:00+00:00
34093512,arc133_b,1,[20],include,[20],,Single-line fix: altered operator/operand/bound/index per GROUND_TRUTH_PROTOCOL.md §3,2026-09-10T18:05:00+00:00
41864112,arc133_b,1,[22],include,[22],,Single-line fix: altered operator/operand/bound/index per GROUND_TRUTH_PROTOCOL.md §3,2026-09-10T18:05:00+00:00
28699416,arc133_d,2,[24],exclude,[],multiple independent faults,Multi-hunk fix per GROUND_TRUTH_PROTOCOL.md §3,2026-09-10T18:05:00+00:00
28699500,arc133_d,1,[88],include,[88],,Single-line fix: altered operator/operand/bound/index per GROUND_TRUTH_PROTOCOL.md §3,2026-09-10T18:05:00+00:00
28706821,arc133_d,1,[],exclude,[],multi-line fault — excluded by v2 single-line filter,Multi-line fix or insertion/deletion per GROUND_TRUTH_PROTOCOL.md §3,2026-09-10T18:05:00+00:00
44249322,arc133_d,1,[39],include,[39],,Single-line fix: altered operator/operand/bound/index per GROUND_TRUTH_PROTOCOL.md §3,2026-09-10T18:05:00+00:00
45479683,arc134_a,1,[136],include,[136],,Single-line fix: altered operator/operand/bound/index per GROUND_TRUTH_PROTOCOL.md §3,2026-09-10T18:05:00+00:00
40879387,arc134_b,1,[17],include,[17],,Single-line fix: altered operator/operand/bound/index per GROUND_TRUTH_PROTOCOL.md §3,2026-09-10T18:05:00+00:00
42982979,arc134_b,2,[30],exclude,[],multiple independent faults,Multi-hunk fix per GROUND_TRUTH_PROTOCOL.md §3,2026-09-10T18:05:00+00:00
45004334,arc134_b,1,[22],include,[22],,Single-line fix: altered operator/operand/bound/index per GROUND_TRUTH_PROTOCOL.md §3,2026-09-10T18:05:00+00:00
32125806,arc134_d,2,"[60, 66]",exclude,[],multiple independent faults,Multi-hunk fix per GROUND_TRUTH_PROTOCOL.md §3,2026-09-10T18:05:00+00:00
33208299,arc134_d,2,[],exclude,[],multiple independent faults,Multi-hunk fix per GROUND_TRUTH_PROTOCOL.md §3,2026-09-10T18:05:00+00:00
36030496,arc134_d,1,[16],include,[16],,Single-line fix: altered operator/operand/bound/index per GROUND_TRUTH_PROTOCOL.md §3,2026-09-10T18:05:00+00:00
39521763,arc134_d,1,[],exclude,[],multi-line fault — excluded by v2 single-line filter,Multi-line fix or insertion/deletion per GROUND_TRUTH_PROTOCOL.md §3,2026-09-10T18:05:00+00:00
43694743,arc135_a,1,[20],include,[20],,Single-line fix: altered operator/operand/bound/index per GROUND_TRUTH_PROTOCOL.md §3,2026-09-10T18:05:00+00:00
39932705,arc135_b,1,[59],include,[59],,Single-line fix: altered operator/operand/bound/index per GROUND_TRUTH_PROTOCOL.md §3,2026-09-10T18:05:00+00:00
40764615,arc135_b,1,[32],include,[32],,Single-line fix: altered operator/operand/bound/index per GROUND_TRUTH_PROTOCOL.md §3,2026-09-10T18:05:00+00:00
41266489,arc135_b,1,[22],include,[22],,Single-line fix: altered operator/operand/bound/index per GROUND_TRUTH_PROTOCOL.md §3,2026-09-10T18:05:00+00:00
45786471,arc135_b,1,[25],include,[25],,Single-line fix: altered operator/operand/bound/index per GROUND_TRUTH_PROTOCOL.md §3,2026-09-10T18:05:00+00:00
33027382,arc135_c,1,"[38, 39]",exclude,[],multi-line fault — excluded by v2 single-line filter,Multi-line fix or insertion/deletion per GROUND_TRUTH_PROTOCOL.md §3,2026-09-10T18:05:00+00:00
29313863,arc135_d,1,[26],include,[26],,Single-line fix: altered operator/operand/bound/index per GROUND_TRUTH_PROTOCOL.md §3,2026-09-10T18:05:00+00:00
29316406,arc135_d,1,[67],include,[67],,Single-line fix: altered operator/operand/bound/index per GROUND_TRUTH_PROTOCOL.md §3,2026-09-10T18:05:00+00:00
29324173,arc135_d,1,[53],include,[53],,Single-line fix: altered operator/operand/bound/index per GROUND_TRUTH_PROTOCOL.md §3,2026-09-10T18:05:00+00:00
41408142,arc135_d,2,"[54, 100]",exclude,[],multiple independent faults,Multi-hunk fix per GROUND_TRUTH_PROTOCOL.md §3,2026-09-10T18:05:00+00:00
36890038,arc136_b,1,[4],include,[4],,Single-line fix: altered operator/operand/bound/index per GROUND_TRUTH_PROTOCOL.md §3,2026-09-10T18:05:00+00:00
37078962,arc136_b,1,[53],include,[53],,Single-line fix: altered operator/operand/bound/index per GROUND_TRUTH_PROTOCOL.md §3,2026-09-10T18:05:00+00:00
31067656,arc136_d,1,[19],include,[19],,Single-line fix: altered operator/operand/bound/index per GROUND_TRUTH_PROTOCOL.md §3,2026-09-10T18:05:00+00:00
42996075,arc136_d,4,"[45, 53]",exclude,[],multiple independent faults,Multi-hunk fix per GROUND_TRUTH_PROTOCOL.md §3,2026-09-10T18:05:00+00:00
44650081,arc137_b,1,[12],include,[12],,Single-line fix: altered operator/operand/bound/index per GROUND_TRUTH_PROTOCOL.md §3,2026-09-10T18:05:00+00:00
32337261,arc137_c,1,[19],include,[19],,Single-line fix: altered operator/operand/bound/index per GROUND_TRUTH_PROTOCOL.md §3,2026-09-10T18:05:00+00:00
30239419,arc137_d,1,[29],include,[29],,Single-line fix: altered operator/operand/bound/index per GROUND_TRUTH_PROTOCOL.md §3,2026-09-10T18:05:00+00:00
36174552,arc137_d,1,[13],include,[13],,Single-line fix: altered operator/operand/bound/index per GROUND_TRUTH_PROTOCOL.md §3,2026-09-10T18:05:00+00:00
43171788,arc138_a,1,[25],include,[25],,Single-line fix: altered operator/operand/bound/index per GROUND_TRUTH_PROTOCOL.md §3,2026-09-10T18:05:00+00:00
45260317,arc138_a,1,[21],include,[21],,Single-line fix: altered operator/operand/bound/index per GROUND_TRUTH_PROTOCOL.md §3,2026-09-10T18:05:00+00:00
39687485,arc138_b,1,[46],include,[46],,Single-line fix: altered operator/operand/bound/index per GROUND_TRUTH_PROTOCOL.md §3,2026-09-10T18:05:00+00:00
30923012,arc138_c,1,[39],include,[39],,Single-line fix: altered operator/operand/bound/index per GROUND_TRUTH_PROTOCOL.md §3,2026-09-10T18:05:00+00:00
31643804,arc138_c,1,[35],include,[35],,Single-line fix: altered operator/operand/bound/index per GROUND_TRUTH_PROTOCOL.md §3,2026-09-10T18:05:00+00:00
30827068,arc138_d,1,[11],include,[11],,Single-line fix: altered operator/operand/bound/index per GROUND_TRUTH_PROTOCOL.md §3,2026-09-10T18:05:00+00:00
30830027,arc138_d,1,[23],include,[23],,Single-line fix: altered operator/operand/bound/index per GROUND_TRUTH_PROTOCOL.md §3,2026-09-10T18:05:00+00:00
30833301,arc138_d,1,[4],include,[4],,Single-line fix: altered operator/operand/bound/index per GROUND_TRUTH_PROTOCOL.md §3,2026-09-10T18:05:00+00:00
30842365,arc138_d,2,"[46, 48, 49]",exclude,[],multiple independent faults,Multi-hunk fix per GROUND_TRUTH_PROTOCOL.md §3,2026-09-10T18:05:00+00:00
30896644,arc138_d,1,[7],include,[7],,Single-line fix: altered operator/operand/bound/index per GROUND_TRUTH_PROTOCOL.md §3,2026-09-10T18:05:00+00:00
31059522,arc138_d,1,[2],include,[2],,Single-line fix: altered operator/operand/bound/index per GROUND_TRUTH_PROTOCOL.md §3,2026-09-10T18:05:00+00:00
31152215,arc138_d,1,[2],exclude,[],multi-line fault — excluded by v2 single-line filter,Multi-line fix or insertion/deletion per GROUND_TRUTH_PROTOCOL.md §3,2026-09-10T18:05:00+00:00
33049315,arc138_d,1,[],exclude,[],multi-line fault — excluded by v2 single-line filter,Multi-line fix or insertion/deletion per GROUND_TRUTH_PROTOCOL.md §3,2026-09-10T18:05:00+00:00
34316813,arc138_d,1,[30],include,[30],,Single-line fix: altered operator/operand/bound/index per GROUND_TRUTH_PROTOCOL.md §3,2026-09-10T18:05:00+00:00
38710598,arc138_d,2,[33],exclude,[],multiple independent faults,Multi-hunk fix per GROUND_TRUTH_PROTOCOL.md §3,2026-09-10T18:05:00+00:00
38643909,arc139_b,1,[16],include,[16],,Single-line fix: altered operator/operand/bound/index per GROUND_TRUTH_PROTOCOL.md §3,2026-09-10T18:05:00+00:00
39342455,arc139_b,1,[30],include,[30],,Single-line fix: altered operator/operand/bound/index per GROUND_TRUTH_PROTOCOL.md §3,2026-09-10T18:05:00+00:00
44587414,arc139_b,1,[14],include,[14],,Single-line fix: altered operator/operand/bound/index per GROUND_TRUTH_PROTOCOL.md §3,2026-09-10T18:05:00+00:00
31246555,arc139_c,1,[34],include,[34],,Single-line fix: altered operator/operand/bound/index per GROUND_TRUTH_PROTOCOL.md §3,2026-09-10T18:05:00+00:00
31247940,arc139_c,1,[40],include,[40],,Single-line fix: altered operator/operand/bound/index per GROUND_TRUTH_PROTOCOL.md §3,2026-09-10T18:05:00+00:00
31248584,arc139_c,1,[16],include,[16],,Single-line fix: altered operator/operand/bound/index per GROUND_TRUTH_PROTOCOL.md §3,2026-09-10T18:05:00+00:00
31456138,arc139_c,1,[28],include,[28],,Single-line fix: altered operator/operand/bound/index per GROUND_TRUTH_PROTOCOL.md §3,2026-09-10T18:05:00+00:00
31251082,arc139_d,1,[30],include,[30],,Single-line fix: altered operator/operand/bound/index per GROUND_TRUTH_PROTOCOL.md §3,2026-09-10T18:05:00+00:00
45466035,arc140_a,1,[],exclude,[],multi-line fault — excluded by v2 single-line filter,Multi-line fix or insertion/deletion per GROUND_TRUTH_PROTOCOL.md §3,2026-09-10T18:05:00+00:00
40407040,arc140_b,1,[25],include,[25],,Single-line fix: altered operator/operand/bound/index per GROUND_TRUTH_PROTOCOL.md §3,2026-09-10T18:05:00+00:00
43246102,arc140_b,1,[39],include,[39],,Single-line fix: altered operator/operand/bound/index per GROUND_TRUTH_PROTOCOL.md §3,2026-09-10T18:05:00+00:00
44778158,arc140_b,3,"[141, 145, 148]",exclude,[],multiple independent faults,Multi-hunk fix per GROUND_TRUTH_PROTOCOL.md §3,2026-09-10T18:05:00+00:00
45256391,arc140_b,1,[289],include,[289],,Single-line fix: altered operator/operand/bound/index per GROUND_TRUTH_PROTOCOL.md §3,2026-09-10T18:05:00+00:00
45660608,arc140_b,1,[16],include,[16],,Single-line fix: altered operator/operand/bound/index per GROUND_TRUTH_PROTOCOL.md §3,2026-09-10T18:05:00+00:00
37080781,arc140_c,1,[91],include,[91],,Single-line fix: altered operator/operand/bound/index per GROUND_TRUTH_PROTOCOL.md §3,2026-09-10T18:05:00+00:00
39550972,arc140_c,1,[64],include,[64],,Single-line fix: altered operator/operand/bound/index per GROUND_TRUTH_PROTOCOL.md §3,2026-09-10T18:05:00+00:00
31726462,arc140_d,1,[16],include,[16],,Single-line fix: altered operator/operand/bound/index per GROUND_TRUTH_PROTOCOL.md §3,2026-09-10T18:05:00+00:00
31727307,arc140_d,1,[16],include,[16],,Single-line fix: altered operator/operand/bound/index per GROUND_TRUTH_PROTOCOL.md §3,2026-09-10T18:05:00+00:00
31731857,arc140_d,1,[102],include,[102],,Single-line fix: altered operator/operand/bound/index per GROUND_TRUTH_PROTOCOL.md §3,2026-09-10T18:05:00+00:00
31743854,arc140_d,1,"[87, 88]",exclude,[],multi-line fault — excluded by v2 single-line filter,Multi-line fix or insertion/deletion per GROUND_TRUTH_PROTOCOL.md §3,2026-09-10T18:05:00+00:00
31744615,arc140_e,1,[52],include,[52],,Single-line fix: altered operator/operand/bound/index per GROUND_TRUTH_PROTOCOL.md §3,2026-09-10T18:05:00+00:00
41469868,arc141_a,1,[7],include,[7],,Single-line fix: altered operator/operand/bound/index per GROUND_TRUTH_PROTOCOL.md §3,2026-09-10T18:05:00+00:00
42776036,arc141_a,2,[16],exclude,[],multiple independent faults,Multi-hunk fix per GROUND_TRUTH_PROTOCOL.md §3,2026-09-10T18:05:00+00:00
43307420,arc141_a,1,[16],include,[16],,Single-line fix: altered operator/operand/bound/index per GROUND_TRUTH_PROTOCOL.md §3,2026-09-10T18:05:00+00:00
43463915,arc141_a,1,[39],include,[39],,Single-line fix: altered operator/operand/bound/index per GROUND_TRUTH_PROTOCOL.md §3,2026-09-10T18:05:00+00:00
36162097,arc141_b,1,[22],include,[22],,Single-line fix: altered operator/operand/bound/index per GROUND_TRUTH_PROTOCOL.md §3,2026-09-10T18:05:00+00:00
38039113,arc141_b,1,[6],include,[6],,Single-line fix: altered operator/operand/bound/index per GROUND_TRUTH_PROTOCOL.md §3,2026-09-10T18:05:00+00:00
44178563,arc141_b,1,[19],include,[19],,Single-line fix: altered operator/operand/bound/index per GROUND_TRUTH_PROTOCOL.md §3,2026-09-10T18:05:00+00:00
34662508,arc141_c,1,[51],include,[51],,Single-line fix: altered operator/operand/bound/index per GROUND_TRUTH_PROTOCOL.md §3,2026-09-10T18:05:00+00:00
40547162,arc141_c,1,[35],include,[35],,Single-line fix: altered operator/operand/bound/index per GROUND_TRUTH_PROTOCOL.md §3,2026-09-10T18:05:00+00:00
32093401,arc141_e,1,[47],include,[47],,Single-line fix: altered operator/operand/bound/index per GROUND_TRUTH_PROTOCOL.md §3,2026-09-10T18:05:00+00:00
44825978,arc142_a,1,[16],include,[16],,Single-line fix: altered operator/operand/bound/index per GROUND_TRUTH_PROTOCOL.md §3,2026-09-10T18:05:00+00:00
40122562,arc142_c,1,[],exclude,[],multi-line fault — excluded by v2 single-line filter,Multi-line fix or insertion/deletion per GROUND_TRUTH_PROTOCOL.md §3,2026-09-10T18:05:00+00:00
40185010,arc142_c,1,[35],include,[35],,Single-line fix: altered operator/operand/bound/index per GROUND_TRUTH_PROTOCOL.md §3,2026-09-10T18:05:00+00:00
43030313,arc142_c,1,[34],include,[34],,Single-line fix: altered operator/operand/bound/index per GROUND_TRUTH_PROTOCOL.md §3,2026-09-10T18:05:00+00:00
43034425,arc142_c,1,[31],include,[31],,Single-line fix: altered operator/operand/bound/index per GROUND_TRUTH_PROTOCOL.md §3,2026-09-10T18:05:00+00:00
44895895,arc142_c,2,"[1, 20]",exclude,[],multiple independent faults,Multi-hunk fix per GROUND_TRUTH_PROTOCOL.md §3,2026-09-10T18:05:00+00:00
32778317,arc143_d,1,[48],include,[48],,Single-line fix: altered operator/operand/bound/index per GROUND_TRUTH_PROTOCOL.md §3,2026-09-10T18:05:00+00:00
32782351,arc143_d,1,[27],include,[27],,Single-line fix: altered operator/operand/bound/index per GROUND_TRUTH_PROTOCOL.md §3,2026-09-10T18:05:00+00:00
32782502,arc143_d,2,[40],exclude,[],multiple independent faults,Multi-hunk fix per GROUND_TRUTH_PROTOCOL.md §3,2026-09-10T18:05:00+00:00
32833945,arc143_d,1,[33],include,[33],,Single-line fix: altered operator/operand/bound/index per GROUND_TRUTH_PROTOCOL.md §3,2026-09-10T18:05:00+00:00
34822438,arc143_d,1,[11],include,[11],,Single-line fix: altered operator/operand/bound/index per GROUND_TRUTH_PROTOCOL.md §3,2026-09-10T18:05:00+00:00
39176273,arc144_a,1,[22],include,[22],,Single-line fix: altered operator/operand/bound/index per GROUND_TRUTH_PROTOCOL.md §3,2026-09-10T18:05:00+00:00
37994644,arc144_b,1,[38],include,[38],,Single-line fix: altered operator/operand/bound/index per GROUND_TRUTH_PROTOCOL.md §3,2026-09-10T18:05:00+00:00
41927392,arc144_b,1,[6],include,[6],,Single-line fix: altered operator/operand/bound/index per GROUND_TRUTH_PROTOCOL.md §3,2026-09-10T18:05:00+00:00
43086658,arc145_a,1,[],exclude,[],multi-line fault — excluded by v2 single-line filter,Multi-line fix or insertion/deletion per GROUND_TRUTH_PROTOCOL.md §3,2026-09-10T18:05:00+00:00
41639432,arc145_b,1,[44],include,[44],,Single-line fix: altered operator/operand/bound/index per GROUND_TRUTH_PROTOCOL.md §3,2026-09-10T18:05:00+00:00
34717448,arc145_c,1,[58],include,[58],,Single-line fix: altered operator/operand/bound/index per GROUND_TRUTH_PROTOCOL.md §3,2026-09-10T18:05:00+00:00
33635092,arc145_d,2,[30],exclude,[],multiple independent faults,Multi-hunk fix per GROUND_TRUTH_PROTOCOL.md §3,2026-09-10T18:05:00+00:00
33636883,arc145_d,1,[43],include,[43],,Single-line fix: altered operator/operand/bound/index per GROUND_TRUTH_PROTOCOL.md §3,2026-09-10T18:05:00+00:00
34667900,arc145_d,1,[18],include,[18],,Single-line fix: altered operator/operand/bound/index per GROUND_TRUTH_PROTOCOL.md §3,2026-09-10T18:05:00+00:00
34720181,arc145_d,1,[48],include,[48],,Single-line fix: altered operator/operand/bound/index per GROUND_TRUTH_PROTOCOL.md §3,2026-09-10T18:05:00+00:00
33700497,arc145_e,2,"[91, 130]",exclude,[],multiple independent faults,Multi-hunk fix per GROUND_TRUTH_PROTOCOL.md §3,2026-09-10T18:05:00+00:00
33700944,arc145_e,1,[72],exclude,[],non-algorithmic fault,Fix changes only I/O formatting or parsing per GROUND_TRUTH_PROTOCOL.md §3,2026-09-10T18:05:00+00:00
40312293,arc146_b,1,[33],include,[33],,Single-line fix: altered operator/operand/bound/index per GROUND_TRUTH_PROTOCOL.md §3,2026-09-10T18:05:00+00:00
41500955,arc146_b,1,[21],include,[21],,Single-line fix: altered operator/operand/bound/index per GROUND_TRUTH_PROTOCOL.md §3,2026-09-10T18:05:00+00:00
42233391,arc146_b,1,[22],include,[22],,Single-line fix: altered operator/operand/bound/index per GROUND_TRUTH_PROTOCOL.md §3,2026-09-10T18:05:00+00:00
39591338,arc147_b,2,"[34, 41]",exclude,[],multiple independent faults,Multi-hunk fix per GROUND_TRUTH_PROTOCOL.md §3,2026-09-10T18:05:00+00:00
42082334,arc147_b,1,[14],include,[14],,Single-line fix: altered operator/operand/bound/index per GROUND_TRUTH_PROTOCOL.md §3,2026-09-10T18:05:00+00:00
45545981,arc147_b,1,[14],include,[14],,Single-line fix: altered operator/operand/bound/index per GROUND_TRUTH_PROTOCOL.md §3,2026-09-10T18:05:00+00:00
34616740,arc147_e,1,[156],include,[156],,Single-line fix: altered operator/operand/bound/index per GROUND_TRUTH_PROTOCOL.md §3,2026-09-10T18:05:00+00:00
40546012,arc147_e,1,[33],include,[33],,Single-line fix: altered operator/operand/bound/index per GROUND_TRUTH_PROTOCOL.md §3,2026-09-10T18:05:00+00:00
44882552,arc148_a,1,[41],include,[41],,Single-line fix: altered operator/operand/bound/index per GROUND_TRUTH_PROTOCOL.md §3,2026-09-10T18:05:00+00:00
43079503,arc148_b,1,"[35, 36]",exclude,[],multi-line fault — excluded by v2 single-line filter,Multi-line fix or insertion/deletion per GROUND_TRUTH_PROTOCOL.md §3,2026-09-10T18:05:00+00:00
43234248,arc148_b,1,[32],include,[32],,Single-line fix: altered operator/operand/bound/index per GROUND_TRUTH_PROTOCOL.md §3,2026-09-10T18:05:00+00:00
38559514,arc148_c,1,[70],include,[70],,Single-line fix: altered operator/operand/bound/index per GROUND_TRUTH_PROTOCOL.md §3,2026-09-10T18:05:00+00:00
39976054,arc148_c,1,[],exclude,[],multi-line fault — excluded by v2 single-line filter,Multi-line fix or insertion/deletion per GROUND_TRUTH_PROTOCOL.md §3,2026-09-10T18:05:00+00:00
34807717,arc148_d,1,[33],include,[33],,Single-line fix: altered operator/operand/bound/index per GROUND_TRUTH_PROTOCOL.md §3,2026-09-10T18:05:00+00:00
38916424,arc148_d,2,"[17, 20]",exclude,[],multiple independent faults,Multi-hunk fix per GROUND_TRUTH_PROTOCOL.md §3,2026-09-10T18:05:00+00:00
40705107,arc148_d,1,[31],include,[31],,Single-line fix: altered operator/operand/bound/index per GROUND_TRUTH_PROTOCOL.md §3,2026-09-10T18:05:00+00:00
41790396,arc148_d,1,[33],include,[33],,Single-line fix: altered operator/operand/bound/index per GROUND_TRUTH_PROTOCOL.md §3,2026-09-10T18:05:00+00:00
42270342,arc148_d,1,[13],include,[13],,Single-line fix: altered operator/operand/bound/index per GROUND_TRUTH_PROTOCOL.md §3,2026-09-10T18:05:00+00:00
34801295,arc148_e,2,"[17, 29]",exclude,[],multiple independent faults,Multi-hunk fix per GROUND_TRUTH_PROTOCOL.md §3,2026-09-10T18:05:00+00:00
34804387,arc148_e,1,[26],include,[26],,Single-line fix: altered operator/operand/bound/index per GROUND_TRUTH_PROTOCOL.md §3,2026-09-10T18:05:00+00:00
35713028,arc148_e,1,[15],include,[15],,Single-line fix: altered operator/operand/bound/index per GROUND_TRUTH_PROTOCOL.md §3,2026-09-10T18:05:00+00:00
35986831,arc148_e,2,"[28, 32]",exclude,[],multiple independent faults,Multi-hunk fix per GROUND_TRUTH_PROTOCOL.md §3,2026-09-10T18:05:00+00:00
39108367,arc148_e,2,"[19, 24]",exclude,[],multiple independent faults,Multi-hunk fix per GROUND_TRUTH_PROTOCOL.md §3,2026-09-10T18:05:00+00:00
42835406,arc149_a,1,[23],include,[23],,Single-line fix: altered operator/operand/bound/index per GROUND_TRUTH_PROTOCOL.md §3,2026-09-10T18:05:00+00:00
43012792,arc149_a,1,[19],include,[19],,Single-line fix: altered operator/operand/bound/index per GROUND_TRUTH_PROTOCOL.md §3,2026-09-10T18:05:00+00:00
37254775,arc149_c,2,"[26, 58]",exclude,[],multiple independent faults,Multi-hunk fix per GROUND_TRUTH_PROTOCOL.md §3,2026-09-10T18:05:00+00:00
37461602,arc149_c,1,[7],include,[7],,Single-line fix: altered operator/operand/bound/index per GROUND_TRUTH_PROTOCOL.md §3,2026-09-10T18:05:00+00:00
39106363,arc149_c,1,[],exclude,[],multi-line fault — excluded by v2 single-line filter,Multi-line fix or insertion/deletion per GROUND_TRUTH_PROTOCOL.md §3,2026-09-10T18:05:00+00:00
45546378,arc149_c,2,[],exclude,[],multiple independent faults,Multi-hunk fix per GROUND_TRUTH_PROTOCOL.md §3,2026-09-10T18:05:00+00:00
35355978,arc149_d,1,[86],include,[86],,Single-line fix: altered operator/operand/bound/index per GROUND_TRUTH_PROTOCOL.md §3,2026-09-10T18:05:00+00:00
42081272,arc150_a,1,[],exclude,[],multi-line fault — excluded by v2 single-line filter,Multi-line fix or insertion/deletion per GROUND_TRUTH_PROTOCOL.md §3,2026-09-10T18:05:00+00:00
42990587,arc150_a,1,[19],include,[19],,Single-line fix: altered operator/operand/bound/index per GROUND_TRUTH_PROTOCOL.md §3,2026-09-10T18:05:00+00:00
43756504,arc150_b,1,[30],include,[30],,Single-line fix: altered operator/operand/bound/index per GROUND_TRUTH_PROTOCOL.md §3,2026-09-10T18:05:00+00:00
37666166,arc150_e,1,[68],include,[68],,Single-line fix: altered operator/operand/bound/index per GROUND_TRUTH_PROTOCOL.md §3,2026-09-10T18:05:00+00:00
44645744,arc151_a,1,[18],include,[18],,Single-line fix: altered operator/operand/bound/index per GROUND_TRUTH_PROTOCOL.md §3,2026-09-10T18:05:00+00:00
44901492,arc151_a,1,[17],include,[17],,Single-line fix: altered operator/operand/bound/index per GROUND_TRUTH_PROTOCOL.md §3,2026-09-10T18:05:00+00:00
45098095,arc151_a,1,[68],include,[68],,Single-line fix: altered operator/operand/bound/index per GROUND_TRUTH_PROTOCOL.md §3,2026-09-10T18:05:00+00:00
45669333,arc151_a,1,[9],include,[9],,Single-line fix: altered operator/operand/bound/index per GROUND_TRUTH_PROTOCOL.md §3,2026-09-10T18:05:00+00:00
36899282,arc151_b,1,[51],include,[51],,Single-line fix: altered operator/operand/bound/index per GROUND_TRUTH_PROTOCOL.md §3,2026-09-10T18:05:00+00:00
41325604,arc151_b,1,[68],include,[68],,Single-line fix: altered operator/operand/bound/index per GROUND_TRUTH_PROTOCOL.md §3,2026-09-10T18:05:00+00:00
45494468,arc151_b,1,[50],include,[50],,Single-line fix: altered operator/operand/bound/index per GROUND_TRUTH_PROTOCOL.md §3,2026-09-10T18:05:00+00:00
36785462,arc151_c,1,[22],include,[22],,Single-line fix: altered operator/operand/bound/index per GROUND_TRUTH_PROTOCOL.md §3,2026-09-10T18:05:00+00:00
38433732,arc151_c,1,"[20, 21]",exclude,[],multi-line fault — excluded by v2 single-line filter,Multi-line fix or insertion/deletion per GROUND_TRUTH_PROTOCOL.md §3,2026-09-10T18:05:00+00:00
41930310,arc151_c,1,[17],include,[17],,Single-line fix: altered operator/operand/bound/index per GROUND_TRUTH_PROTOCOL.md §3,2026-09-10T18:05:00+00:00
43507594,arc151_c,2,[19],exclude,[],multiple independent faults,Multi-hunk fix per GROUND_TRUTH_PROTOCOL.md §3,2026-09-10T18:05:00+00:00
35732545,arc151_e,1,[11],include,[11],,Single-line fix: altered operator/operand/bound/index per GROUND_TRUTH_PROTOCOL.md §3,2026-09-10T18:05:00+00:00
42092015,arc152_a,2,"[14, 15, 24, 25]",exclude,[],multiple independent faults,Multi-hunk fix per GROUND_TRUTH_PROTOCOL.md §3,2026-09-10T18:05:00+00:00
37067201,arc152_b,1,[4],include,[4],,Single-line fix: altered operator/operand/bound/index per GROUND_TRUTH_PROTOCOL.md §3,2026-09-10T18:05:00+00:00
38915061,arc152_c,1,[31],include,[31],,Single-line fix: altered operator/operand/bound/index per GROUND_TRUTH_PROTOCOL.md §3,2026-09-10T18:05:00+00:00
38915283,arc152_c,2,[28],exclude,[],multiple independent faults,Multi-hunk fix per GROUND_TRUTH_PROTOCOL.md §3,2026-09-10T18:05:00+00:00
38915312,arc152_c,1,[32],include,[32],,Single-line fix: altered operator/operand/bound/index per GROUND_TRUTH_PROTOCOL.md §3,2026-09-10T18:05:00+00:00
44122587,arc152_c,1,[33],include,[33],,Single-line fix: altered operator/operand/bound/index per GROUND_TRUTH_PROTOCOL.md §3,2026-09-10T18:05:00+00:00
36680742,arc152_d,2,"[25, 29, 30]",exclude,[],multiple independent faults,Multi-hunk fix per GROUND_TRUTH_PROTOCOL.md §3,2026-09-10T18:05:00+00:00
36684114,arc152_d,1,[106],include,[106],,Single-line fix: altered operator/operand/bound/index per GROUND_TRUTH_PROTOCOL.md §3,2026-09-10T18:05:00+00:00
45913281,arc153_a,1,[18],include,[18],,Single-line fix: altered operator/operand/bound/index per GROUND_TRUTH_PROTOCOL.md §3,2026-09-10T18:05:00+00:00
43165491,arc153_b,1,[23],include,[23],,Single-line fix: altered operator/operand/bound/index per GROUND_TRUTH_PROTOCOL.md §3,2026-09-10T18:05:00+00:00
44454861,arc153_b,4,"[22, 47, 54, 55]",exclude,[],multiple independent faults,Multi-hunk fix per GROUND_TRUTH_PROTOCOL.md §3,2026-09-10T18:05:00+00:00
38524622,arc153_c,1,[36],include,[36],,Single-line fix: altered operator/operand/bound/index per GROUND_TRUTH_PROTOCOL.md §3,2026-09-10T18:05:00+00:00
38644891,arc153_c,1,[125],include,[125],,Single-line fix: altered operator/operand/bound/index per GROUND_TRUTH_PROTOCOL.md §3,2026-09-10T18:05:00+00:00
41497158,arc153_c,1,[60],include,[60],,Single-line fix: altered operator/operand/bound/index per GROUND_TRUTH_PROTOCOL.md §3,2026-09-10T18:05:00+00:00
40787964,arc154_b,1,[6],include,[6],,Single-line fix: altered operator/operand/bound/index per GROUND_TRUTH_PROTOCOL.md §3,2026-09-10T18:05:00+00:00
40904177,arc154_b,1,[22],include,[22],,Single-line fix: altered operator/operand/bound/index per GROUND_TRUTH_PROTOCOL.md §3,2026-09-10T18:05:00+00:00
43180385,arc154_b,1,[23],include,[23],,Single-line fix: altered operator/operand/bound/index per GROUND_TRUTH_PROTOCOL.md §3,2026-09-10T18:05:00+00:00
43315013,arc154_b,1,[22],include,[22],,Single-line fix: altered operator/operand/bound/index per GROUND_TRUTH_PROTOCOL.md §3,2026-09-10T18:05:00+00:00
43504981,arc154_b,1,[41],include,[41],,Single-line fix: altered operator/operand/bound/index per GROUND_TRUTH_PROTOCOL.md §3,2026-09-10T18:05:00+00:00
43795529,arc154_b,1,[16],include,[16],,Single-line fix: altered operator/operand/bound/index per GROUND_TRUTH_PROTOCOL.md §3,2026-09-10T18:05:00+00:00
44381459,arc154_b,3,"[3, 40]",exclude,[],multiple independent faults,Multi-hunk fix per GROUND_TRUTH_PROTOCOL.md §3,2026-09-10T18:05:00+00:00
38909905,arc154_c,1,[29],include,[29],,Single-line fix: altered operator/operand/bound/index per GROUND_TRUTH_PROTOCOL.md §3,2026-09-10T18:05:00+00:00
39123866,arc154_c,1,[23],include,[23],,Single-line fix: altered operator/operand/bound/index per GROUND_TRUTH_PROTOCOL.md §3,2026-09-10T18:05:00+00:00
38267983,arc154_d,1,[17],include,[17],,Single-line fix: altered operator/operand/bound/index per GROUND_TRUTH_PROTOCOL.md §3,2026-09-10T18:05:00+00:00
38271304,arc154_d,1,[34],include,[34],,Single-line fix: altered operator/operand/bound/index per GROUND_TRUTH_PROTOCOL.md §3,2026-09-10T18:05:00+00:00
38323187,arc154_d,1,[76],include,[76],,Single-line fix: altered operator/operand/bound/index per GROUND_TRUTH_PROTOCOL.md §3,2026-09-10T18:05:00+00:00
38323705,arc154_d,1,[51],include,[51],,Single-line fix: altered operator/operand/bound/index per GROUND_TRUTH_PROTOCOL.md §3,2026-09-10T18:05:00+00:00
38487427,arc154_d,1,[17],include,[17],,Single-line fix: altered operator/operand/bound/index per GROUND_TRUTH_PROTOCOL.md §3,2026-09-10T18:05:00+00:00
40182881,arc155_a,1,[44],include,[44],,Single-line fix: altered operator/operand/bound/index per GROUND_TRUTH_PROTOCOL.md §3,2026-09-10T18:05:00+00:00
44408199,arc155_a,1,[18],include,[18],,Single-line fix: altered operator/operand/bound/index per GROUND_TRUTH_PROTOCOL.md §3,2026-09-10T18:05:00+00:00
44148523,arc155_b,2,[],exclude,[],multiple independent faults,Multi-hunk fix per GROUND_TRUTH_PROTOCOL.md §3,2026-09-10T18:05:00+00:00
38465931,arc155_c,1,[123],include,[123],,Single-line fix: altered operator/operand/bound/index per GROUND_TRUTH_PROTOCOL.md §3,2026-09-10T18:05:00+00:00
38467027,arc155_c,1,[38],include,[38],,Single-line fix: altered operator/operand/bound/index per GROUND_TRUTH_PROTOCOL.md §3,2026-09-10T18:05:00+00:00
38471956,arc155_c,1,[27],include,[27],,Single-line fix: altered operator/operand/bound/index per GROUND_TRUTH_PROTOCOL.md §3,2026-09-10T18:05:00+00:00
38489822,arc155_c,1,[40],include,[40],,Single-line fix: altered operator/operand/bound/index per GROUND_TRUTH_PROTOCOL.md §3,2026-09-10T18:05:00+00:00
40890958,arc155_c,2,[17],exclude,[],multiple independent faults,Multi-hunk fix per GROUND_TRUTH_PROTOCOL.md §3,2026-09-10T18:05:00+00:00
43775294,arc156_a,1,[44],include,[44],,Single-line fix: altered operator/operand/bound/index per GROUND_TRUTH_PROTOCOL.md §3,2026-09-10T18:05:00+00:00
44009597,arc156_a,1,[42],include,[42],,Single-line fix: altered operator/operand/bound/index per GROUND_TRUTH_PROTOCOL.md §3,2026-09-10T18:05:00+00:00
45086330,arc156_a,1,[],exclude,[],multi-line fault — excluded by v2 single-line filter,Multi-line fix or insertion/deletion per GROUND_TRUTH_PROTOCOL.md §3,2026-09-10T18:05:00+00:00
39326078,arc156_b,1,[37],include,[37],,Single-line fix: altered operator/operand/bound/index per GROUND_TRUTH_PROTOCOL.md §3,2026-09-10T18:05:00+00:00
40932797,arc156_b,1,[27],include,[27],,Single-line fix: altered operator/operand/bound/index per GROUND_TRUTH_PROTOCOL.md §3,2026-09-10T18:05:00+00:00
45544495,arc156_b,1,[],exclude,[],multi-line fault — excluded by v2 single-line filter,Multi-line fix or insertion/deletion per GROUND_TRUTH_PROTOCOL.md §3,2026-09-10T18:05:00+00:00
38986255,arc156_c,1,[26],include,[26],,Single-line fix: altered operator/operand/bound/index per GROUND_TRUTH_PROTOCOL.md §3,2026-09-10T18:05:00+00:00
43019650,arc157_a,1,[132],include,[132],,Single-line fix: altered operator/operand/bound/index per GROUND_TRUTH_PROTOCOL.md §3,2026-09-10T18:05:00+00:00
45521757,arc157_a,1,[19],include,[19],,Single-line fix: altered operator/operand/bound/index per GROUND_TRUTH_PROTOCOL.md §3,2026-09-10T18:05:00+00:00
42828291,arc157_b,1,[37],include,[37],,Single-line fix: altered operator/operand/bound/index per GROUND_TRUTH_PROTOCOL.md §3,2026-09-10T18:05:00+00:00
43050544,arc157_b,1,[13],include,[13],,Single-line fix: altered operator/operand/bound/index per GROUND_TRUTH_PROTOCOL.md §3,2026-09-10T18:05:00+00:00
43416351,arc157_b,1,[15],include,[15],,Single-line fix: altered operator/operand/bound/index per GROUND_TRUTH_PROTOCOL.md §3,2026-09-10T18:05:00+00:00
43913220,arc157_b,1,[24],include,[24],,Single-line fix: altered operator/operand/bound/index per GROUND_TRUTH_PROTOCOL.md §3,2026-09-10T18:05:00+00:00
44930646,arc157_b,1,"[35, 36]",exclude,[],multi-line fault — excluded by v2 single-line filter,Multi-line fix or insertion/deletion per GROUND_TRUTH_PROTOCOL.md §3,2026-09-10T18:05:00+00:00
45276579,arc157_b,1,[],exclude,[],multi-line fault — excluded by v2 single-line filter,Multi-line fix or insertion/deletion per GROUND_TRUTH_PROTOCOL.md §3,2026-09-10T18:05:00+00:00
39194356,arc157_d,1,[10],include,[10],,Single-line fix: altered operator/operand/bound/index per GROUND_TRUTH_PROTOCOL.md §3,2026-09-10T18:05:00+00:00
39199908,arc157_d,3,"[44, 102, 103, 104, 105, 106, 107, 108]",exclude,[],multiple independent faults,Multi-hunk fix per GROUND_TRUTH_PROTOCOL.md §3,2026-09-10T18:05:00+00:00
39202960,arc157_d,1,[54],include,[54],,Single-line fix: altered operator/operand/bound/index per GROUND_TRUTH_PROTOCOL.md §3,2026-09-10T18:05:00+00:00
39201856,arc157_e,1,[34],include,[34],,Single-line fix: altered operator/operand/bound/index per GROUND_TRUTH_PROTOCOL.md §3,2026-09-10T18:05:00+00:00
42775332,arc158_a,1,[],exclude,[],multi-line fault — excluded by v2 single-line filter,Multi-line fix or insertion/deletion per GROUND_TRUTH_PROTOCOL.md §3,2026-09-10T18:05:00+00:00
45550808,arc158_a,1,[10],include,[10],,Single-line fix: altered operator/operand/bound/index per GROUND_TRUTH_PROTOCOL.md §3,2026-09-10T18:05:00+00:00
42045718,arc158_b,1,[21],include,[21],,Single-line fix: altered operator/operand/bound/index per GROUND_TRUTH_PROTOCOL.md §3,2026-09-10T18:05:00+00:00
45756800,arc158_b,1,[84],include,[84],,Single-line fix: altered operator/operand/bound/index per GROUND_TRUTH_PROTOCOL.md §3,2026-09-10T18:05:00+00:00
39679022,arc158_d,1,[16],include,[16],,Single-line fix: altered operator/operand/bound/index per GROUND_TRUTH_PROTOCOL.md §3,2026-09-10T18:05:00+00:00
41991860,arc159_a,1,[23],include,[23],,Single-line fix: altered operator/operand/bound/index per GROUND_TRUTH_PROTOCOL.md §3,2026-09-10T18:05:00+00:00
43796233,arc159_a,1,"[15, 16]",exclude,[],multi-line fault — excluded by v2 single-line filter,Multi-line fix or insertion/deletion per GROUND_TRUTH_PROTOCOL.md §3,2026-09-10T18:05:00+00:00
43997330,arc159_b,1,[6],include,[6],,Single-line fix: altered operator/operand/bound/index per GROUND_TRUTH_PROTOCOL.md §3,2026-09-10T18:05:00+00:00
45431609,arc159_b,1,[12],include,[12],,Single-line fix: altered operator/operand/bound/index per GROUND_TRUTH_PROTOCOL.md §3,2026-09-10T18:05:00+00:00
40556226,arc159_c,1,[26],include,[26],,Single-line fix: altered operator/operand/bound/index per GROUND_TRUTH_PROTOCOL.md §3,2026-09-10T18:05:00+00:00
40430885,arc159_d,1,[],exclude,[],multi-line fault — excluded by v2 single-line filter,Multi-line fix or insertion/deletion per GROUND_TRUTH_PROTOCOL.md §3,2026-09-10T18:05:00+00:00
40431476,arc159_d,1,[266],include,[266],,Single-line fix: altered operator/operand/bound/index per GROUND_TRUTH_PROTOCOL.md §3,2026-09-10T18:05:00+00:00
41124657,arc159_d,1,[71],include,[71],,Single-line fix: altered operator/operand/bound/index per GROUND_TRUTH_PROTOCOL.md §3,2026-09-10T18:05:00+00:00
45445288,arc159_d,1,[100],include,[100],,Single-line fix: altered operator/operand/bound/index per GROUND_TRUTH_PROTOCOL.md §3,2026-09-10T18:05:00+00:00
42065409,arc160_a,1,[27],include,[27],,Single-line fix: altered operator/operand/bound/index per GROUND_TRUTH_PROTOCOL.md §3,2026-09-10T18:05:00+00:00
43403535,arc160_a,2,[29],exclude,[],multiple independent faults,Multi-hunk fix per GROUND_TRUTH_PROTOCOL.md §3,2026-09-10T18:05:00+00:00
43405529,arc160_a,1,[59],include,[59],,Single-line fix: altered operator/operand/bound/index per GROUND_TRUTH_PROTOCOL.md §3,2026-09-10T18:05:00+00:00
45909573,arc160_a,1,[26],include,[26],,Single-line fix: altered operator/operand/bound/index per GROUND_TRUTH_PROTOCOL.md §3,2026-09-10T18:05:00+00:00
41463787,arc160_c,1,[2],include,[2],,Single-line fix: altered operator/operand/bound/index per GROUND_TRUTH_PROTOCOL.md §3,2026-09-10T18:05:00+00:00
41479555,arc160_c,1,[4],include,[4],,Single-line fix: altered operator/operand/bound/index per GROUND_TRUTH_PROTOCOL.md §3,2026-09-10T18:05:00+00:00
41518740,arc160_c,2,[],exclude,[],multiple independent faults,Multi-hunk fix per GROUND_TRUTH_PROTOCOL.md §3,2026-09-10T18:05:00+00:00
41526904,arc160_c,2,[25],exclude,[],multiple independent faults,Multi-hunk fix per GROUND_TRUTH_PROTOCOL.md §3,2026-09-10T18:05:00+00:00
42565675,arc160_c,1,[17],include,[17],,Single-line fix: altered operator/operand/bound/index per GROUND_TRUTH_PROTOCOL.md §3,2026-09-10T18:05:00+00:00
42877627,arc160_c,1,[40],include,[40],,Single-line fix: altered operator/operand/bound/index per GROUND_TRUTH_PROTOCOL.md §3,2026-09-10T18:05:00+00:00
44003371,arc160_c,1,[8],include,[8],,Single-line fix: altered operator/operand/bound/index per GROUND_TRUTH_PROTOCOL.md §3,2026-09-10T18:05:00+00:00
43572863,arc161_b,1,[29],include,[29],,Single-line fix: altered operator/operand/bound/index per GROUND_TRUTH_PROTOCOL.md §3,2026-09-10T18:05:00+00:00
45311674,arc161_b,1,[12],include,[12],,Single-line fix: altered operator/operand/bound/index per GROUND_TRUTH_PROTOCOL.md §3,2026-09-10T18:05:00+00:00
45955580,arc161_b,1,[],exclude,[],multi-line fault — excluded by v2 single-line filter,Multi-line fix or insertion/deletion per GROUND_TRUTH_PROTOCOL.md §3,2026-09-10T18:05:00+00:00
41901042,arc161_c,1,[],exclude,[],multi-line fault — excluded by v2 single-line filter,Multi-line fix or insertion/deletion per GROUND_TRUTH_PROTOCOL.md §3,2026-09-10T18:05:00+00:00
42020807,arc161_c,1,[80],include,[80],,Single-line fix: altered operator/operand/bound/index per GROUND_TRUTH_PROTOCOL.md §3,2026-09-10T18:05:00+00:00
42743947,arc161_c,1,[11],include,[11],,Single-line fix: altered operator/operand/bound/index per GROUND_TRUTH_PROTOCOL.md §3,2026-09-10T18:05:00+00:00
42021171,arc161_d,1,[28],include,[28],,Single-line fix: altered operator/operand/bound/index per GROUND_TRUTH_PROTOCOL.md §3,2026-09-10T18:05:00+00:00
43311492,arc161_d,1,[13],include,[13],,Single-line fix: altered operator/operand/bound/index per GROUND_TRUTH_PROTOCOL.md §3,2026-09-10T18:05:00+00:00
44101361,arc161_d,1,[39],include,[39],,Single-line fix: altered operator/operand/bound/index per GROUND_TRUTH_PROTOCOL.md §3,2026-09-10T18:05:00+00:00
43537557,arc162_b,1,[51],include,[51],,Single-line fix: altered operator/operand/bound/index per GROUND_TRUTH_PROTOCOL.md §3,2026-09-10T18:05:00+00:00
45211703,arc162_b,1,[7],include,[7],,Single-line fix: altered operator/operand/bound/index per GROUND_TRUTH_PROTOCOL.md §3,2026-09-10T18:05:00+00:00
45772251,arc162_b,1,[16],include,[16],,Single-line fix: altered operator/operand/bound/index per GROUND_TRUTH_PROTOCOL.md §3,2026-09-10T18:05:00+00:00
43008956,arc162_c,1,"[39, 40]",exclude,[],multi-line fault — excluded by v2 single-line filter,Multi-line fix or insertion/deletion per GROUND_TRUTH_PROTOCOL.md §3,2026-09-10T18:05:00+00:00
43234436,arc162_c,1,[86],include,[86],,Single-line fix: altered operator/operand/bound/index per GROUND_TRUTH_PROTOCOL.md §3,2026-09-10T18:05:00+00:00
43399874,arc162_c,1,[52],include,[52],,Single-line fix: altered operator/operand/bound/index per GROUND_TRUTH_PROTOCOL.md §3,2026-09-10T18:05:00+00:00
43410315,arc162_c,1,[25],include,[25],,Single-line fix: altered operator/operand/bound/index per GROUND_TRUTH_PROTOCOL.md §3,2026-09-10T18:05:00+00:00
43723091,arc162_c,1,[98],include,[98],,Single-line fix: altered operator/operand/bound/index per GROUND_TRUTH_PROTOCOL.md §3,2026-09-10T18:05:00+00:00
44163778,arc162_c,1,[59],include,[59],,Single-line fix: altered operator/operand/bound/index per GROUND_TRUTH_PROTOCOL.md §3,2026-09-10T18:05:00+00:00
45291562,arc162_c,1,"[13, 14]",exclude,[],multi-line fault — excluded by v2 single-line filter,Multi-line fix or insertion/deletion per GROUND_TRUTH_PROTOCOL.md §3,2026-09-10T18:05:00+00:00
45802611,arc162_c,1,[15],include,[15],,Single-line fix: altered operator/operand/bound/index per GROUND_TRUTH_PROTOCOL.md §3,2026-09-10T18:05:00+00:00
45998728,arc162_c,1,[],exclude,[],multi-line fault — excluded by v2 single-line filter,Multi-line fix or insertion/deletion per GROUND_TRUTH_PROTOCOL.md §3,2026-09-10T18:05:00+00:00
43020372,arc162_e,1,[45],include,[45],,Single-line fix: altered operator/operand/bound/index per GROUND_TRUTH_PROTOCOL.md §3,2026-09-10T18:05:00+00:00
44208378,arc163_a,2,"[21, 26]",exclude,[],multiple independent faults,Multi-hunk fix per GROUND_TRUTH_PROTOCOL.md §3,2026-09-10T18:05:00+00:00
44822043,arc163_a,2,[8],exclude,[],multiple independent faults,Multi-hunk fix per GROUND_TRUTH_PROTOCOL.md §3,2026-09-10T18:05:00+00:00
45308371,arc163_a,1,[16],include,[16],,Single-line fix: altered operator/operand/bound/index per GROUND_TRUTH_PROTOCOL.md §3,2026-09-10T18:05:00+00:00
45954819,arc163_a,1,[9],include,[9],,Single-line fix: altered operator/operand/bound/index per GROUND_TRUTH_PROTOCOL.md §3,2026-09-10T18:05:00+00:00
46203182,arc163_a,1,[35],include,[35],,Single-line fix: altered operator/operand/bound/index per GROUND_TRUTH_PROTOCOL.md §3,2026-09-10T18:05:00+00:00
43716281,arc163_b,1,[4],include,[4],,Single-line fix: altered operator/operand/bound/index per GROUND_TRUTH_PROTOCOL.md §3,2026-09-10T18:05:00+00:00
43944210,arc163_b,1,[25],include,[25],,Single-line fix: altered operator/operand/bound/index per GROUND_TRUTH_PROTOCOL.md §3,2026-09-10T18:05:00+00:00
43286713,arc163_c,2,[],exclude,[],multiple independent faults,Multi-hunk fix per GROUND_TRUTH_PROTOCOL.md §3,2026-09-10T18:05:00+00:00
45533123,arc163_c,1,[11],include,[11],,Single-line fix: altered operator/operand/bound/index per GROUND_TRUTH_PROTOCOL.md §3,2026-09-10T18:05:00+00:00
45517397,arc164_a,1,[35],include,[35],,Single-line fix: altered operator/operand/bound/index per GROUND_TRUTH_PROTOCOL.md §3,2026-09-10T18:05:00+00:00
45533632,arc164_a,2,[28],exclude,[],multiple independent faults,Multi-hunk fix per GROUND_TRUTH_PROTOCOL.md §3,2026-09-10T18:05:00+00:00
45556032,arc164_a,1,[31],include,[31],,Single-line fix: altered operator/operand/bound/index per GROUND_TRUTH_PROTOCOL.md §3,2026-09-10T18:05:00+00:00
43433582,arc164_e,2,"[28, 71, 72, 73, 74, 75, 76, 77, 78, 79, 80, 81]",exclude,[],multiple independent faults,Multi-hunk fix per GROUND_TRUTH_PROTOCOL.md §3,2026-09-10T18:05:00+00:00
43438224,arc164_e,1,[16],include,[16],,Single-line fix: altered operator/operand/bound/index per GROUND_TRUTH_PROTOCOL.md §3,2026-09-10T18:05:00+00:00
43525175,arc164_e,1,[24],include,[24],,Single-line fix: altered operator/operand/bound/index per GROUND_TRUTH_PROTOCOL.md §3,2026-09-10T18:05:00+00:00
45736644,arc165_a,2,[20],exclude,[],multiple independent faults,Multi-hunk fix per GROUND_TRUTH_PROTOCOL.md §3,2026-09-10T18:05:00+00:00
45995987,arc165_b,1,[51],include,[51],,Single-line fix: altered operator/operand/bound/index per GROUND_TRUTH_PROTOCOL.md §3,2026-09-10T18:05:00+00:00
45716699,arc165_c,1,[77],exclude,[],non-algorithmic fault,Fix changes only I/O formatting or parsing per GROUND_TRUTH_PROTOCOL.md §3,2026-09-10T18:05:00+00:00
45733476,arc165_c,1,[16],include,[16],,Single-line fix: altered operator/operand/bound/index per GROUND_TRUTH_PROTOCOL.md §3,2026-09-10T18:05:00+00:00
45734816,arc165_c,1,"[24, 25]",exclude,[],multi-line fault — excluded by v2 single-line filter,Multi-line fix or insertion/deletion per GROUND_TRUTH_PROTOCOL.md §3,2026-09-10T18:05:00+00:00
45675161,arc165_d,1,[153],include,[153],,Single-line fix: altered operator/operand/bound/index per GROUND_TRUTH_PROTOCOL.md §3,2026-09-10T18:05:00+00:00
45683063,arc165_d,1,[106],include,[106],,Single-line fix: altered operator/operand/bound/index per GROUND_TRUTH_PROTOCOL.md §3,2026-09-10T18:05:00+00:00
45791883,arc165_d,1,[128],include,[128],,Single-line fix: altered operator/operand/bound/index per GROUND_TRUTH_PROTOCOL.md §3,2026-09-10T18:05:00+00:00
48970771,arc166_a,1,[51],include,[51],,Single-line fix: altered operator/operand/bound/index per GROUND_TRUTH_PROTOCOL.md §3,2026-09-10T18:05:00+00:00
50268055,arc166_a,1,[24],include,[24],,Single-line fix: altered operator/operand/bound/index per GROUND_TRUTH_PROTOCOL.md §3,2026-09-10T18:05:00+00:00
49426497,arc166_b,1,[43],include,[43],,Single-line fix: altered operator/operand/bound/index per GROUND_TRUTH_PROTOCOL.md §3,2026-09-10T18:05:00+00:00
51949905,arc166_b,1,[80],include,[80],,Single-line fix: altered operator/operand/bound/index per GROUND_TRUTH_PROTOCOL.md §3,2026-09-10T18:05:00+00:00
46393620,arc166_d,2,[26],exclude,[],multiple independent faults,Multi-hunk fix per GROUND_TRUTH_PROTOCOL.md §3,2026-09-10T18:05:00+00:00
49611980,arc167_b,1,[],exclude,[],multi-line fault — excluded by v2 single-line filter,Multi-line fix or insertion/deletion per GROUND_TRUTH_PROTOCOL.md §3,2026-09-10T18:05:00+00:00
50502972,arc167_b,1,[24],include,[24],,Single-line fix: altered operator/operand/bound/index per GROUND_TRUTH_PROTOCOL.md §3,2026-09-10T18:05:00+00:00
51380686,arc167_b,2,[41],exclude,[],multiple independent faults,Multi-hunk fix per GROUND_TRUTH_PROTOCOL.md §3,2026-09-10T18:05:00+00:00
55110212,arc167_b,1,[29],include,[29],,Single-line fix: altered operator/operand/bound/index per GROUND_TRUTH_PROTOCOL.md §3,2026-09-10T18:05:00+00:00
47791112,arc168_d,2,"[22, 40, 41]",exclude,[],multiple independent faults,Multi-hunk fix per GROUND_TRUTH_PROTOCOL.md §3,2026-09-10T18:05:00+00:00
47767454,arc168_e,1,[26],include,[26],,Single-line fix: altered operator/operand/bound/index per GROUND_TRUTH_PROTOCOL.md §3,2026-09-10T18:05:00+00:00
54960940,arc170_a,1,[37],include,[37],,Single-line fix: altered operator/operand/bound/index per GROUND_TRUTH_PROTOCOL.md §3,2026-09-10T18:05:00+00:00
49807049,arc170_b,1,[25],include,[25],,Single-line fix: altered operator/operand/bound/index per GROUND_TRUTH_PROTOCOL.md §3,2026-09-10T18:05:00+00:00
50027323,arc170_b,2,[9],exclude,[],multiple independent faults,Multi-hunk fix per GROUND_TRUTH_PROTOCOL.md §3,2026-09-10T18:05:00+00:00
50713909,arc170_b,2,[19],exclude,[],multiple independent faults,Multi-hunk fix per GROUND_TRUTH_PROTOCOL.md §3,2026-09-10T18:05:00+00:00
49600906,arc170_c,1,[],exclude,[],multi-line fault — excluded by v2 single-line filter,Multi-line fix or insertion/deletion per GROUND_TRUTH_PROTOCOL.md §3,2026-09-10T18:05:00+00:00
50130200,arc170_c,1,[79],include,[79],,Single-line fix: altered operator/operand/bound/index per GROUND_TRUTH_PROTOCOL.md §3,2026-09-10T18:05:00+00:00
51377709,arc170_c,1,[71],include,[71],,Single-line fix: altered operator/operand/bound/index per GROUND_TRUTH_PROTOCOL.md §3,2026-09-10T18:05:00+00:00
52698796,arc170_c,1,[40],include,[40],,Single-line fix: altered operator/operand/bound/index per GROUND_TRUTH_PROTOCOL.md §3,2026-09-10T18:05:00+00:00
49565151,arc170_d,1,[121],include,[121],,Single-line fix: altered operator/operand/bound/index per GROUND_TRUTH_PROTOCOL.md §3,2026-09-10T18:05:00+00:00
49588055,arc170_d,1,[55],include,[55],,Single-line fix: altered operator/operand/bound/index per GROUND_TRUTH_PROTOCOL.md §3,2026-09-10T18:05:00+00:00
54529613,arc171_a,1,[],exclude,[],multi-line fault — excluded by v2 single-line filter,Multi-line fix or insertion/deletion per GROUND_TRUTH_PROTOCOL.md §3,2026-09-10T18:05:00+00:00
55000897,arc171_a,1,[16],include,[16],,Single-line fix: altered operator/operand/bound/index per GROUND_TRUTH_PROTOCOL.md §3,2026-09-10T18:05:00+00:00
50078211,arc171_b,1,[18],include,[18],,Single-line fix: altered operator/operand/bound/index per GROUND_TRUTH_PROTOCOL.md §3,2026-09-10T18:05:00+00:00
50136893,arc171_b,1,[9],include,[9],,Single-line fix: altered operator/operand/bound/index per GROUND_TRUTH_PROTOCOL.md §3,2026-09-10T18:05:00+00:00
50018799,arc171_d,1,[63],include,[63],,Single-line fix: altered operator/operand/bound/index per GROUND_TRUTH_PROTOCOL.md §3,2026-09-10T18:05:00+00:00
50321760,arc171_d,2,"[17, 19]",exclude,[],multiple independent faults,Multi-hunk fix per GROUND_TRUTH_PROTOCOL.md §3,2026-09-10T18:05:00+00:00
51665861,arc171_d,1,[25],include,[25],,Single-line fix: altered operator/operand/bound/index per GROUND_TRUTH_PROTOCOL.md §3,2026-09-10T18:05:00+00:00
52510372,arc172_a,2,[15],exclude,[],multiple independent faults,Multi-hunk fix per GROUND_TRUTH_PROTOCOL.md §3,2026-09-10T18:05:00+00:00
50474956,arc172_b,1,[41],include,[41],,Single-line fix: altered operator/operand/bound/index per GROUND_TRUTH_PROTOCOL.md §3,2026-09-10T18:05:00+00:00
51141760,arc172_c,1,[30],include,[30],,Single-line fix: altered operator/operand/bound/index per GROUND_TRUTH_PROTOCOL.md §3,2026-09-10T18:05:00+00:00
51750768,arc173_a,1,[42],include,[42],,Single-line fix: altered operator/operand/bound/index per GROUND_TRUTH_PROTOCOL.md §3,2026-09-10T18:05:00+00:00
53255887,arc173_a,1,[36],include,[36],,Single-line fix: altered operator/operand/bound/index per GROUND_TRUTH_PROTOCOL.md §3,2026-09-10T18:05:00+00:00
53665831,arc173_a,1,[41],include,[41],,Single-line fix: altered operator/operand/bound/index per GROUND_TRUTH_PROTOCOL.md §3,2026-09-10T18:05:00+00:00
53784013,arc173_a,1,[32],include,[32],,Single-line fix: altered operator/operand/bound/index per GROUND_TRUTH_PROTOCOL.md §3,2026-09-10T18:05:00+00:00
54010856,arc173_a,1,[4],include,[4],,Single-line fix: altered operator/operand/bound/index per GROUND_TRUTH_PROTOCOL.md §3,2026-09-10T18:05:00+00:00
51157170,arc173_b,1,[110],include,[110],,Single-line fix: altered operator/operand/bound/index per GROUND_TRUTH_PROTOCOL.md §3,2026-09-10T18:05:00+00:00
51178140,arc173_b,1,[38],include,[38],,Single-line fix: altered operator/operand/bound/index per GROUND_TRUTH_PROTOCOL.md §3,2026-09-10T18:05:00+00:00
52906431,arc173_b,1,[25],include,[25],,Single-line fix: altered operator/operand/bound/index per GROUND_TRUTH_PROTOCOL.md §3,2026-09-10T18:05:00+00:00
51460321,arc173_c,1,[36],include,[36],,Single-line fix: altered operator/operand/bound/index per GROUND_TRUTH_PROTOCOL.md §3,2026-09-10T18:05:00+00:00
52512786,arc173_d,1,[],exclude,[],multi-line fault — excluded by v2 single-line filter,Multi-line fix or insertion/deletion per GROUND_TRUTH_PROTOCOL.md §3,2026-09-10T18:05:00+00:00
51134374,arc173_e,1,[33],include,[33],,Single-line fix: altered operator/operand/bound/index per GROUND_TRUTH_PROTOCOL.md §3,2026-09-10T18:05:00+00:00
51138423,arc173_e,1,[67],include,[67],,Single-line fix: altered operator/operand/bound/index per GROUND_TRUTH_PROTOCOL.md §3,2026-09-10T18:05:00+00:00
54196806,arc174_a,1,[26],include,[26],,Single-line fix: altered operator/operand/bound/index per GROUND_TRUTH_PROTOCOL.md §3,2026-09-10T18:05:00+00:00
51500083,arc174_b,1,[70],include,[70],,Single-line fix: altered operator/operand/bound/index per GROUND_TRUTH_PROTOCOL.md §3,2026-09-10T18:05:00+00:00
53660002,arc174_b,1,[51],include,[51],,Single-line fix: altered operator/operand/bound/index per GROUND_TRUTH_PROTOCOL.md §3,2026-09-10T18:05:00+00:00
51488503,arc174_c,2,[],exclude,[],multiple independent faults,Multi-hunk fix per GROUND_TRUTH_PROTOCOL.md §3,2026-09-10T18:05:00+00:00
51898575,arc175_a,1,[11],include,[11],,Single-line fix: altered operator/operand/bound/index per GROUND_TRUTH_PROTOCOL.md §3,2026-09-10T18:05:00+00:00
52650326,arc175_a,1,[55],include,[55],,Single-line fix: altered operator/operand/bound/index per GROUND_TRUTH_PROTOCOL.md §3,2026-09-10T18:05:00+00:00
52661518,arc175_a,1,[29],include,[29],,Single-line fix: altered operator/operand/bound/index per GROUND_TRUTH_PROTOCOL.md §3,2026-09-10T18:05:00+00:00
52999116,arc175_a,1,[54],include,[54],,Single-line fix: altered operator/operand/bound/index per GROUND_TRUTH_PROTOCOL.md §3,2026-09-10T18:05:00+00:00
51713549,arc175_b,1,[40],include,[40],,Single-line fix: altered operator/operand/bound/index per GROUND_TRUTH_PROTOCOL.md §3,2026-09-10T18:05:00+00:00
51749871,arc175_b,1,[37],include,[37],,Single-line fix: altered operator/operand/bound/index per GROUND_TRUTH_PROTOCOL.md §3,2026-09-10T18:05:00+00:00
51792735,arc175_b,1,[29],include,[29],,Single-line fix: altered operator/operand/bound/index per GROUND_TRUTH_PROTOCOL.md §3,2026-09-10T18:05:00+00:00
51933297,arc175_b,1,[49],include,[49],,Single-line fix: altered operator/operand/bound/index per GROUND_TRUTH_PROTOCOL.md §3,2026-09-10T18:05:00+00:00
52484583,arc175_b,1,[5],include,[5],,Single-line fix: altered operator/operand/bound/index per GROUND_TRUTH_PROTOCOL.md §3,2026-09-10T18:05:00+00:00
52710253,arc175_b,1,[24],include,[24],,Single-line fix: altered operator/operand/bound/index per GROUND_TRUTH_PROTOCOL.md §3,2026-09-10T18:05:00+00:00
53758611,arc175_b,1,[28],include,[28],,Single-line fix: altered operator/operand/bound/index per GROUND_TRUTH_PROTOCOL.md §3,2026-09-10T18:05:00+00:00
51662167,arc175_c,1,[107],include,[107],,Single-line fix: altered operator/operand/bound/index per GROUND_TRUTH_PROTOCOL.md §3,2026-09-10T18:05:00+00:00
53001483,arc175_c,1,[29],include,[29],,Single-line fix: altered operator/operand/bound/index per GROUND_TRUTH_PROTOCOL.md §3,2026-09-10T18:05:00+00:00
51662439,arc175_d,1,[28],include,[28],,Single-line fix: altered operator/operand/bound/index per GROUND_TRUTH_PROTOCOL.md §3,2026-09-10T18:05:00+00:00
51694704,arc175_d,1,[],exclude,[],multi-line fault — excluded by v2 single-line filter,Multi-line fix or insertion/deletion per GROUND_TRUTH_PROTOCOL.md §3,2026-09-10T18:05:00+00:00
51701679,arc175_d,1,[50],include,[50],,Single-line fix: altered operator/operand/bound/index per GROUND_TRUTH_PROTOCOL.md §3,2026-09-10T18:05:00+00:00
52191885,arc175_d,1,[27],include,[27],,Single-line fix: altered operator/operand/bound/index per GROUND_TRUTH_PROTOCOL.md §3,2026-09-10T18:05:00+00:00
53668393,arc176_a,1,[26],include,[26],,Single-line fix: altered operator/operand/bound/index per GROUND_TRUTH_PROTOCOL.md §3,2026-09-10T18:05:00+00:00
55031190,arc176_a,1,[20],include,[20],,Single-line fix: altered operator/operand/bound/index per GROUND_TRUTH_PROTOCOL.md §3,2026-09-10T18:05:00+00:00
53411571,arc176_b,1,[],exclude,[],multi-line fault — excluded by v2 single-line filter,Multi-line fix or insertion/deletion per GROUND_TRUTH_PROTOCOL.md §3,2026-09-10T18:05:00+00:00
52671232,arc176_d,1,[140],include,[140],,Single-line fix: altered operator/operand/bound/index per GROUND_TRUTH_PROTOCOL.md §3,2026-09-10T18:05:00+00:00
52897913,arc176_d,2,"[56, 107, 108, 109]",exclude,[],multiple independent faults,Multi-hunk fix per GROUND_TRUTH_PROTOCOL.md §3,2026-09-10T18:05:00+00:00
53706270,arc177_a,1,[22],include,[22],,Single-line fix: altered operator/operand/bound/index per GROUND_TRUTH_PROTOCOL.md §3,2026-09-10T18:05:00+00:00
53430198,arc177_d,1,[],exclude,[],multi-line fault — excluded by v2 single-line filter,Multi-line fix or insertion/deletion per GROUND_TRUTH_PROTOCOL.md §3,2026-09-10T18:05:00+00:00
54236460,arc178_b,1,[18],include,[18],,Single-line fix: altered operator/operand/bound/index per GROUND_TRUTH_PROTOCOL.md §3,2026-09-10T18:05:00+00:00
54290534,arc178_b,1,[34],include,[34],,Single-line fix: altered operator/operand/bound/index per GROUND_TRUTH_PROTOCOL.md §3,2026-09-10T18:05:00+00:00
53680716,arc178_d,1,[23],include,[23],,Single-line fix: altered operator/operand/bound/index per GROUND_TRUTH_PROTOCOL.md §3,2026-09-10T18:05:00+00:00
54889248,arc179_a,1,[31],include,[31],,Single-line fix: altered operator/operand/bound/index per GROUND_TRUTH_PROTOCOL.md §3,2026-09-10T18:05:00+00:00
55011877,arc179_a,1,[40],include,[40],,Single-line fix: altered operator/operand/bound/index per GROUND_TRUTH_PROTOCOL.md §3,2026-09-10T18:05:00+00:00
54187921,arc179_b,1,[37],include,[37],,Single-line fix: altered operator/operand/bound/index per GROUND_TRUTH_PROTOCOL.md §3,2026-09-10T18:05:00+00:00
54190165,arc179_b,1,[39],include,[39],,Single-line fix: altered operator/operand/bound/index per GROUND_TRUTH_PROTOCOL.md §3,2026-09-10T18:05:00+00:00
54184092,arc179_d,1,[91],include,[91],,Single-line fix: altered operator/operand/bound/index per GROUND_TRUTH_PROTOCOL.md §3,2026-09-10T18:05:00+00:00
55032077,arc180_a,2,"[10, 22]",exclude,[],multiple independent faults,Multi-hunk fix per GROUND_TRUTH_PROTOCOL.md §3,2026-09-10T18:05:00+00:00
55028160,arc180_b,1,[21],include,[21],,Single-line fix: altered operator/operand/bound/index per GROUND_TRUTH_PROTOCOL.md §3,2026-09-10T18:05:00+00:00
55021276,arc180_c,1,[16],include,[16],,Single-line fix: altered operator/operand/bound/index per GROUND_TRUTH_PROTOCOL.md §3,2026-09-10T18:05:00+00:00
